State,District,Market,Commodity,Variety,Grade,Arrival Date,Min Price,Max Price,Modal Price,Modal Price (Rs/kg)
Gujarat,Amreli,Damnagar,Coriander(Leaves),Coriander,FAQ,19/05/2025,"2,200","3,050","2,850",28.50
Gujarat,Amreli,Savarkundla,Bengal Gram(Gram)(Whole),Average (Whole),Non-FAQ,19/05/2025,"5,305","5,525","5,390",53.90
Gujarat,Amreli,Savarkundla,Castor Seed,Castor seed,FAQ,19/05/2025,"5,500","5,970","5,750",57.50
Gujarat,Anand,Khambhat(Grain Market),Paddy(Dhan)(Common),Other,FAQ,19/05/2025,"1,700","2,050","1,900",19.00
Gujarat,Anand,Khambhat(Grain Market),Paddy(Dhan)(Common),Paddy,FAQ,19/05/2025,"2,500","3,150","2,900",29.00
Gujarat,Banaskanth,Vadgam,Mustard,Other,FAQ,19/05/2025,"5,555","5,555","5,555",55.55
Gujarat,Bharuch,Jambusar(Kaavi),Bajra(Pearl Millet/Cumbu),Other,FAQ,19/05/2025,"2,400","2,800","2,600",26.00
Gujarat,Gandhinagar,Mansa(Manas Veg Yard),Bottle gourd,Other,FAQ,19/05/2025,500,500,500,5.00
Gujarat,Gandhinagar,Mansa(Manas Veg Yard),Cucumbar(Kheera),Other,FAQ,19/05/2025,"1,000","2,000","1,500",15.00
Gujarat,Gandhinagar,Mansa(Manas Veg Yard),Tomato,Other,FAQ,19/05/2025,"2,000","2,000","2,000",20.00
Gujarat,Junagarh,Mangrol,Bengal Gram(Gram)(Whole),Desi (F.A.Q. Split),FAQ,19/05/2025,"5,350","5,450","5,425",54.25
Gujarat,Navsari,Bilimora,Tomato,Other,FAQ,19/05/2025,"1,000","2,000","1,500",15.00
Gujarat,Rajkot,Dhoraji,Arhar (Tur/Red Gram)(Whole),Local,Non-FAQ,19/05/2025,"6,055","6,955","6,805",68.05
Gujarat,Rajkot,Rajkot(Veg.Sub Yard),Bhindi(Ladies Finger),Bhindi,FAQ,19/05/2025,700,"1,800","1,250",12.50
Gujarat,Rajkot,Rajkot(Veg.Sub Yard),Onion,Onion,FAQ,19/05/2025,150,"1,075",700,7.00
Gujarat,Rajkot,Rajkot(Veg.Sub Yard),Tomato,Tomato,FAQ,19/05/2025,"1,000","2,000","1,500",15.00
Gujarat,Sabarkantha,Modasa(Tintoi),Maize,Hybrid Red (Cattle Feed),Non-FAQ,19/05/2025,"1,700","2,100","2,100",21.00
Gujarat,Surat,Mahuva(Anaval),Mango,Totapuri,Medium,19/05/2025,"1,750","2,250","2,000",20.00
Gujarat,Surat,Mahuva(Anaval),Pointed gourd (Parval),Other,FAQ,19/05/2025,"2,800","3,000","2,900",29.00
Gujarat,Surat,Surat,Cauliflower,Other,FAQ,19/05/2025,"2,500","6,000","4,250",42.50
Gujarat,Surat,Surat,Onion,Other,FAQ,19/05/2025,600,"2,100","1,350",13.50
Gujarat,Surat,Surat,Ridgeguard(Tori),Other,FAQ,19/05/2025,"3,000","5,500","4,250",42.50
Gujarat,Surendranagar,Dhragradhra,Cummin Seed(Jeera),Cummin Seed(Jeera),FAQ,19/05/2025,"17,900","20,275","20,000",200.00
Gujarat,Surendranagar,Dhragradhra,Green Gram (Moong)(Whole),Green (Whole),FAQ,19/05/2025,"8,000","8,000","8,000",80.00
Gujarat,Surendranagar,Dhragradhra,"Sesamum(Sesame,Gingelly,Til)",White,FAQ,19/05/2025,"7,400","8,950","8,250",82.50
Gujarat,Surendranagar,Dhragradhra,Suva (Dill Seed),Suva (Dill Seed),FAQ,19/05/2025,"5,000","6,840","6,500",65.00
Gujarat,Surendranagar,Vadhvan,Bhindi(Ladies Finger),Bhindi,FAQ,19/05/2025,"3,000","3,500","3,250",32.50
Gujarat,Surendranagar,Vadhvan,Carrot,Carrot,FAQ,19/05/2025,"2,000","2,500","2,250",22.50
Gujarat,Surendranagar,Vadhvan,Drumstick,Drumstick,FAQ,19/05/2025,"1,500","2,000","1,750",17.50
Gujarat,Surendranagar,Vadhvan,Elephant Yam (Suran),Elephant Yam (Suran),FAQ,19/05/2025,"4,500","5,000","4,750",47.50
Gujarat,Surendranagar,Vadhvan,Lemon,Lemon,FAQ,19/05/2025,"7,500","8,500","8,000",80.00
Gujarat,Surendranagar,Vadhvan,Tinda,Tinda,FAQ,19/05/2025,"4,000","4,500","4,250",42.50
Gujarat,Vadodara(Baroda),Padra,Bottle gourd,Other,FAQ,19/05/2025,500,"1,000",750,7.50
Gujarat,Vadodara(Baroda),Padra,Coriander(Leaves),Other,FAQ,19/05/2025,"2,000","3,000","2,500",25.00
Gujarat,Vadodara(Baroda),Padra,Ginger(Green),Other,FAQ,19/05/2025,"2,500","3,000","2,750",27.50
Gujarat,Vadodara(Baroda),Padra,Little gourd (Kundru),Other,FAQ,19/05/2025,"1,250","2,750","2,000",20.00
Gujarat,Vadodara(Baroda),Padra,Pointed gourd (Parval),Other,FAQ,19/05/2025,"4,000","4,500","4,250",42.50
Haryana,Fatehabad,Fatehabad,Mousambi(Sweet Lime),Other,Large,19/05/2025,"3,500","3,500","3,500",35.00
Haryana,Gurgaon,Gurgaon,Tomato,Other,Non-FAQ,19/05/2025,800,"1,000",900,9.00
Haryana,Hissar,Hansi,Brinjal,Other,FAQ,19/05/2025,"1,000","2,000","1,500",15.00
Haryana,Hissar,Hansi,Cauliflower,Other,FAQ,19/05/2025,800,"1,200","1,000",10.00
Haryana,Hissar,Hansi,Potato,Other,Non-FAQ,19/05/2025,"1,000","3,500","1,000",10.00
Haryana,Kaithal,Dhand,Onion,Other,FAQ,19/05/2025,"1,000","1,400","1,300",13.00
Haryana,Kaithal,Dhand,Potato,Other,FAQ,19/05/2025,900,"1,200","1,100",11.00
Haryana,Mahendragarh-Narnaul,Narnaul,Chikoos(Sapota),Sapota,Medium,19/05/2025,"2,000","2,000","2,000",20.00
Haryana,Mahendragarh-Narnaul,Narnaul,Cluster beans,Cluster Beans,FAQ,19/05/2025,"3,000","3,000","3,000",30.00
Haryana,Mahendragarh-Narnaul,Narnaul,Coriander(Leaves),Coriander,FAQ,19/05/2025,"2,000","2,000","2,000",20.00
Haryana,Mahendragarh-Narnaul,Narnaul,Ginger(Green),Green Ginger,FAQ,19/05/2025,"3,500","4,000","4,000",40.00
Haryana,Mahendragarh-Narnaul,Narnaul,Spinach,Spinach,FAQ,19/05/2025,"1,000","1,000","1,000",10.00
Haryana,Mewat,FerozpurZirkha(Nagina),Bottle gourd,Other,FAQ,19/05/2025,800,"1,000",900,9.00
Haryana,Mewat,FerozpurZirkha(Nagina),Tomato,Other,FAQ,19/05/2025,400,600,500,5.00
Haryana,Mewat,Punhana,Onion,Other,FAQ,19/05/2025,"1,000","1,200","1,100",11.00
Haryana,Mewat,Punhana,Potato,Other,FAQ,19/05/2025,"1,200","1,400","1,300",13.00
Haryana,Mewat,Tauru,Lemon,Other,FAQ,19/05/2025,"8,000","8,000","8,000",80.00
Haryana,Panipat,Panipat,Bottle gourd,Bottle Gourd,FAQ,19/05/2025,500,700,600,6.00
Haryana,Panipat,Panipat,Brinjal,Arkasheela Mattigulla,FAQ,19/05/2025,700,"1,300","1,000",10.00
Haryana,Panipat,Panipat,Mango,Other,Medium,19/05/2025,"2,000","8,000","5,000",50.00
Haryana,Panipat,Panipat,Onion,Other,FAQ,19/05/2025,500,"1,300",900,9.00
Haryana,Panipat,Panipat,Pomegranate,Pomogranate,Medium,19/05/2025,"5,000","7,000","6,000",60.00
Haryana,Panipat,Panipat,Potato,Other,FAQ,19/05/2025,600,"1,200",900,9.00
Haryana,Panipat,Panipat,Tomato,Other,FAQ,19/05/2025,500,"1,000",750,7.50
Haryana,Panipat,Samalkha,Bottle gourd,Bottle Gourd,FAQ,19/05/2025,700,700,700,7.00
Haryana,Panipat,Samalkha,Green Chilli,Green Chilly,FAQ,19/05/2025,"2,000","2,000","2,000",20.00
Haryana,Panipat,Samalkha,Karbuja(Musk Melon),Karbhuja,Large,19/05/2025,"1,000","1,000","1,000",10.00
Haryana,Panipat,Samalkha,Long Melon(Kakri),Long Melon (Kakri),FAQ,19/05/2025,"1,000","1,000","1,000",10.00
Haryana,Panipat,Samalkha,Onion,Local,FAQ,19/05/2025,"1,000","1,000","1,000",10.00
Haryana,Panipat,Samalkha,Ridgeguard(Tori),Other,FAQ,19/05/2025,"1,000","1,000","1,000",10.00
Haryana,Panipat,Samalkha,Water Melon,Water Melon,Large,19/05/2025,600,600,600,6.00
Haryana,Rewari,Kosli,Banana,Other,Medium,19/05/2025,"2,000","2,000","2,000",20.00
Haryana,Rewari,Kosli,Bhindi(Ladies Finger),Bhindi,FAQ,19/05/2025,"2,000","2,000","2,000",20.00
Haryana,Rewari,Kosli,Potato,Other,FAQ,19/05/2025,"1,000","1,000","1,000",10.00
Haryana,Rohtak,Meham,Brinjal,Other,FAQ,19/05/2025,"1,000","1,000","1,000",10.00
Haryana,Rohtak,Meham,Mango,Badami,Medium,19/05/2025,"4,000","5,000","4,500",45.00
Haryana,Rohtak,Meham,Mousambi(Sweet Lime),Mousambi,Medium,19/05/2025,"4,500","4,500","4,500",45.00
Haryana,Rohtak,Meham,Tomato,Deshi,FAQ,19/05/2025,600,"1,000",800,8.00
Haryana,Sonipat,Ganaur,Green Chilli,Green Chilly,FAQ,19/05/2025,"2,000","2,500","2,200",22.00
Haryana,Sonipat,Ganaur,Lemon,Lemon,FAQ,19/05/2025,"9,500","10,000","9,800",98.00
Haryana,Sonipat,Ganaur,Mango (Raw-Ripe),Mango - Raw-Ripe,FAQ,19/05/2025,"1,800","2,000","1,800",18.00
Haryana,Sonipat,Ganaur,Peas Wet,Peas Wet,FAQ,19/05/2025,"5,000","6,000","5,500",55.00
Haryana,Sonipat,Ganaur,Ridgeguard(Tori),Ridgeguard(Tori),FAQ,19/05/2025,"1,200","1,400","1,200",12.00
Haryana,Sonipat,Ganaur,Tinda,Tinda,FAQ,19/05/2025,"2,400","2,500","2,400",24.00
Haryana,Sonipat,Ganaur,Yam (Ratalu),Yam (Ratalu),FAQ,19/05/2025,"3,000","3,500","3,200",32.00
Haryana,Sonipat,Gohana,Onion,Other,Non-FAQ,19/05/2025,"1,000","1,500","1,200",12.00
Haryana,Sonipat,Gohana,Potato,Other,Non-FAQ,19/05/2025,"1,000","1,500","1,200",12.00
Haryana,Yamuna Nagar,Radaur,Bottle gourd,Other,FAQ,19/05/2025,400,500,450,4.50
Haryana,Yamuna Nagar,Radaur,Cucumbar(Kheera),Other,FAQ,19/05/2025,400,500,450,4.50
Haryana,Yamuna Nagar,Sadhaura,Capsicum,Capsicum,FAQ,19/05/2025,"1,800","2,000","1,900",19.00
Himachal Pradesh,Chamba,Chamba,Bhindi(Ladies Finger),Bhindi,FAQ,19/05/2025,"3,000","3,500","3,250",32.50
Himachal Pradesh,Chamba,Chamba,Coriander(Leaves),Other,FAQ,19/05/2025,"3,500","4,000","3,750",37.50
Himachal Pradesh,Chamba,Chamba,French Beans (Frasbean),Other,FAQ,19/05/2025,"5,000","6,000","5,500",55.00
Himachal Pradesh,Chamba,Chamba,Green Chilli,Other,FAQ,19/05/2025,"5,000","5,500","5,250",52.50
Himachal Pradesh,Chamba,Chamba,Onion,Other,FAQ,19/05/2025,"1,800","2,000","1,900",19.00
Himachal Pradesh,Hamirpur,Hamirpur,Brinjal,Other,FAQ,19/05/2025,"2,000","2,600","2,400",24.00
Himachal Pradesh,Hamirpur,Hamirpur,Cucumbar(Kheera),Other,FAQ,19/05/2025,"1,600","3,000","2,300",23.00
Himachal Pradesh,Hamirpur,Hamirpur,Onion,Other,FAQ,19/05/2025,"1,600","2,000","1,800",18.00
Himachal Pradesh,Hamirpur,Hamirpur,Tomato,Other,FAQ,19/05/2025,"1,500","1,800","1,650",16.50
Himachal Pradesh,Hamirpur,Hamirpur,Water Melon,Other,Medium,19/05/2025,"1,400","1,600","1,500",15.00
Himachal Pradesh,Kangra,Dharamshala,Banana,Other,Medium,19/05/2025,"4,300","4,400","4,350",43.50
Himachal Pradesh,Kangra,Dharamshala,Coriander(Leaves),Other,FAQ,19/05/2025,"4,000","4,500","4,250",42.50
Himachal Pradesh,Kangra,Dharamshala,Cucumbar(Kheera),Other,FAQ,19/05/2025,"1,500","1,600","1,550",15.50
Himachal Pradesh,Kangra,Dharamshala,Onion,Other,FAQ,19/05/2025,"2,000","2,200","2,100",21.00
Himachal Pradesh,Kangra,Dharamshala,Papaya,Other,Medium,19/05/2025,"4,000","4,500","4,250",42.50
Himachal Pradesh,Kangra,Kangra,French Beans (Frasbean),Other,FAQ,19/05/2025,"7,000","8,000","7,500",75.00
Himachal Pradesh,Kangra,Kangra,Grapes,Other,Medium,19/05/2025,"9,000","10,000","9,500",95.00
Himachal Pradesh,Kangra,Kangra,Mango,Other,Medium,19/05/2025,"5,000","8,000","6,000",60.00
Himachal Pradesh,Kangra,Kangra,Papaya,Other,Medium,19/05/2025,"3,000","3,500","3,200",32.00
Himachal Pradesh,Kangra,Kangra,Plum,Other,Medium,19/05/2025,"5,000","10,000","8,000",80.00
Himachal Pradesh,Kangra,Kangra,Spinach,Other,FAQ,19/05/2025,"2,500","3,000","2,700",27.00
Himachal Pradesh,Kangra,Kangra(Baijnath),Apple,Apple,Medium,19/05/2025,"15,000","16,000","15,500",155.00
Himachal Pradesh,Kangra,Kangra(Baijnath),Bhindi(Ladies Finger),Bhindi,FAQ,19/05/2025,"3,200","3,400","3,200",32.00
Himachal Pradesh,Kangra,Kangra(Baijnath),Carrot,Carrot,FAQ,19/05/2025,"2,000","2,200","2,100",21.00
Himachal Pradesh,Kangra,Kangra(Baijnath),Coriander(Leaves),Coriander,FAQ,19/05/2025,"4,500","5,000","4,800",48.00
Himachal Pradesh,Kangra,Kangra(Baijnath),Cucumbar(Kheera),Cucumbar,FAQ,19/05/2025,"1,600","2,400","2,000",20.00
Himachal Pradesh,Kangra,Kangra(Baijnath),Ginger(Green),Green Ginger,FAQ,19/05/2025,"6,000","7,000","6,500",65.00
Himachal Pradesh,Kangra,Kangra(Baijnath),Lemon,Lemon,FAQ,19/05/2025,"9,000","11,000","10,500",105.00
Himachal Pradesh,Kangra,Kangra(Baijnath),Tomato,Tomato,FAQ,19/05/2025,"1,200","1,500","1,300",13.00
Himachal Pradesh,Kangra,Kangra(Jaisinghpur),Banana,Banana - Ripe,Medium,19/05/2025,"4,700","5,000","4,900",49.00
Himachal Pradesh,Kangra,Kangra(Jaisinghpur),Bottle gourd,Bottle Gourd,FAQ,19/05/2025,"2,000","2,200","2,100",21.00
Himachal Pradesh,Kangra,Kangra(Jaisinghpur),Capsicum,Capsicum,FAQ,19/05/2025,"3,000","3,500","3,300",33.00
Himachal Pradesh,Kangra,Kangra(Jaisinghpur),Garlic,Average,FAQ,19/05/2025,"9,500","10,000","9,800",98.00
Himachal Pradesh,Kangra,Kangra(Jaisinghpur),Grapes,Annabesahai,Medium,19/05/2025,"10,000","11,500","10,800",108.00
Himachal Pradesh,Kangra,Kangra(Jaisinghpur),Mashrooms,Mashrooms,FAQ,19/05/2025,"15,000","16,000","15,500",155.00
Himachal Pradesh,Kangra,Kangra(Jaisinghpur),Peas Wet,Peas Wet,FAQ,19/05/2025,"8,500","9,500","9,000",90.00
Himachal Pradesh,Kangra,Kangra(Jaisinghpur),Sponge gourd,Sponge gourd,FAQ,19/05/2025,"2,800","3,200","3,000",30.00
Himachal Pradesh,Kangra,Kangra(Nagrota Bagwan),Brinjal,Arkasheela Mattigulla,FAQ,19/05/2025,"1,000","2,000","1,400",14.00
Himachal Pradesh,Kangra,Kangra(Nagrota Bagwan),Karbuja(Musk Melon),Karbhuja,Medium,19/05/2025,"1,800","2,200","2,000",20.00
Himachal Pradesh,Kangra,Kangra(Nagrota Bagwan),Lemon,Lemon,FAQ,19/05/2025,"9,000","10,000","9,500",95.00
Himachal Pradesh,Kangra,Kangra(Nagrota Bagwan),Tomato,Deshi,FAQ,19/05/2025,"1,000","1,200","1,100",11.00
Himachal Pradesh,Kangra,Kangra(Nagrota Bagwan),Water Melon,Other,Medium,19/05/2025,"1,000","1,500","1,200",12.00
Himachal Pradesh,Kangra,Palampur,Bhindi(Ladies Finger),Other,FAQ,19/05/2025,"3,000","3,200","3,100",31.00
Himachal Pradesh,Kangra,Palampur,Brinjal,Brinjal,FAQ,19/05/2025,"2,300","2,500","2,400",24.00
Himachal Pradesh,Kangra,Palampur,Karbuja(Musk Melon),Karbhuja,Medium,19/05/2025,"2,000","2,200","2,100",21.00
Himachal Pradesh,Kangra,Palampur,Lemon,Other,FAQ,19/05/2025,"8,000","9,000","8,800",88.00
Himachal Pradesh,Kangra,Palampur,Mashrooms,Other,FAQ,19/05/2025,"14,500","16,000","15,500",155.00
Himachal Pradesh,Kangra,Palampur,Papaya,Other,Medium,19/05/2025,"4,000","4,500","4,300",43.00
Himachal Pradesh,Kangra,Palampur,Potato,Other,FAQ,19/05/2025,"1,200","1,300","1,250",12.50
Himachal Pradesh,Solan,Solan(Nalagarh),Water Melon,Other,Medium,19/05/2025,"1,000","1,200","1,100",11.00
Jammu andKashmir,Kathua,Kathua,Bottle gourd,Other,FAQ,19/05/2025,700,800,750,7.50
Jammu andKashmir,Kathua,Kathua,Garlic,Garlic,FAQ,19/05/2025,"6,000","7,000","6,500",65.00
Jammu andKashmir,Kathua,Kathua,Knool Khol,Other,FAQ,19/05/2025,"1,000","1,200","1,100",11.00
Jammu andKashmir,Kathua,Kathua,Mashrooms,Mashrooms,FAQ,19/05/2025,"10,000","11,000","10,500",105.00
Jammu andKashmir,Kathua,Kathua,Onion,Other,FAQ,19/05/2025,"1,200","1,300","1,250",12.50
Jammu andKashmir,Rajouri,Rajouri (F&V;),Bhindi(Ladies Finger),Other,FAQ,19/05/2025,"3,500","3,700","3,600",36.00
Jammu andKashmir,Rajouri,Rajouri (F&V;),Capsicum,Other,FAQ,19/05/2025,"3,500","3,700","3,600",36.00
Jammu andKashmir,Rajouri,Rajouri (F&V;),Mango,Safeda,Medium,19/05/2025,"6,000","6,200","6,100",61.00
Kerala,Alappuzha,Chengannur,Bitter gourd,Other,FAQ,19/05/2025,"7,500","8,200","8,000",80.00
Kerala,Alappuzha,Chengannur,Cabbage,Other,FAQ,19/05/2025,"2,800","3,100","3,000",30.00
Kerala,Alappuzha,Chengannur,Cucumbar(Kheera),Other,FAQ,19/05/2025,"1,900","2,200","2,000",20.00
Kerala,Alappuzha,Chengannur,Onion,Onion,FAQ,19/05/2025,"1,900","2,200","2,000",20.00
Kerala,Alappuzha,Chengannur,Potato,Potato,FAQ,19/05/2025,"3,300","3,600","3,500",35.00
Kerala,Alappuzha,Cherthala,Amaranthus,Other,FAQ,19/05/2025,"5,000","5,200","5,100",51.00
Kerala,Alappuzha,Cherthala,Banana - Green,Banana - Green,FAQ,19/05/2025,"3,200","3,400","3,300",33.00
Kerala,Alappuzha,Cherthala,Beetroot,Other,FAQ,19/05/2025,"4,000","4,200","4,100",41.00
Kerala,Alappuzha,Cherthala,Cabbage,Cabbage,FAQ,19/05/2025,"3,300","3,500","3,400",34.00
Kerala,Alappuzha,Cherthala,Cowpea(Veg),Cowpea (Veg),FAQ,19/05/2025,"4,500","4,700","4,600",46.00
Kerala,Alappuzha,Cherthala,Little gourd (Kundru),Other,FAQ,19/05/2025,"3,200","3,400","3,300",33.00
Kerala,Alappuzha,Harippad,Beetroot,Other,FAQ,19/05/2025,"4,000","4,500","4,000",40.00
Kerala,Alappuzha,Harippad,Green Chilli,Other,FAQ,19/05/2025,"4,000","4,500","4,000",40.00
Kerala,Alappuzha,Mannar,Ashgourd,Other,FAQ,19/05/2025,"2,000","2,200","2,100",21.00
Kerala,Alappuzha,Mannar,Bitter gourd,Other,FAQ,19/05/2025,"7,800","8,000","7,900",79.00
Kerala,Alappuzha,Mannar,Colacasia,Other,FAQ,19/05/2025,"6,000","6,200","6,100",61.00
Kerala,Ernakulam,Angamaly,Ashgourd,Ashgourd,FAQ,19/05/2025,"2,000","3,000","2,500",25.00
Kerala,Ernakulam,Angamaly,Bhindi(Ladies Finger),Bhindi,FAQ,19/05/2025,"2,600","4,000","3,000",30.00
Kerala,Ernakulam,Angamaly,Bitter gourd,Bitter Gourd,FAQ,19/05/2025,"6,500","8,000","7,000",70.00
Kerala,Ernakulam,Angamaly,Bottle gourd,Bottle Gourd,FAQ,19/05/2025,"2,000","3,000","2,500",25.00
Kerala,Ernakulam,Angamaly,Brinjal,Brinjal,FAQ,19/05/2025,"3,200","5,000","4,000",40.00
Kerala,Ernakulam,Angamaly,Colacasia,Other,FAQ,19/05/2025,"5,000","7,000","6,000",60.00
Kerala,Ernakulam,Angamaly,Onion,Big,FAQ,19/05/2025,"2,400","3,200","3,000",30.00
Kerala,Ernakulam,Angamaly,Tapioca,Tapioca,FAQ,19/05/2025,"3,000","4,000","3,500",35.00
Kerala,Ernakulam,Ernakulam,Ashgourd,Ashgourd,FAQ,19/05/2025,"1,500","1,800","1,600",16.00
Kerala,Ernakulam,Ernakulam,Banana,Palayamthodan,Medium,19/05/2025,"2,900","3,200","3,100",31.00
Kerala,Ernakulam,North Paravur,Bitter gourd,Bitter Gourd,FAQ,19/05/2025,"7,000","8,000","7,500",75.00
Kerala,Ernakulam,North Paravur,Black pepper,Garbled,FAQ,19/05/2025,"70,000","90,000","80,000",800.00
Kerala,Ernakulam,North Paravur,Bottle gourd,Bottle Gourd,FAQ,19/05/2025,"1,500","2,500","2,000",20.00
Kerala,Ernakulam,North Paravur,Brinjal,Arkasheela Mattigulla,FAQ,19/05/2025,"2,800","3,500","3,000",30.00
Kerala,Ernakulam,North Paravur,Ginger(Green),Green Ginger,FAQ,19/05/2025,"5,000","6,000","5,500",55.00
Kerala,Ernakulam,Perumbavoor,Banana - Green,Banana - Green,FAQ,19/05/2025,"4,300","5,300","4,700",47.00
Kerala,Ernakulam,Perumbavoor,Bhindi(Ladies Finger),Bhindi,FAQ,19/05/2025,"2,600","3,600","3,000",30.00
Kerala,Ernakulam,Perumbavoor,Brinjal,Brinjal,FAQ,19/05/2025,"2,200","3,200","2,700",27.00
Kerala,Ernakulam,Perumbavoor,Colacasia,Other,FAQ,19/05/2025,"4,800","5,800","5,200",52.00
Kerala,Ernakulam,Perumbavoor,Lemon,Lemon,FAQ,19/05/2025,"7,500","8,500","8,000",80.00
Kerala,Ernakulam,Perumbavoor,Potato,Potato,FAQ,19/05/2025,"2,400","3,400","2,700",27.00
Kerala,Ernakulam,Perumbavoor,Pumpkin,Pumpkin,FAQ,19/05/2025,"1,000","2,000","1,500",15.00
Kerala,Ernakulam,Perumbavoor,Snakeguard,Snakeguard,FAQ,19/05/2025,"2,200","3,200","2,700",27.00
Kerala,Ernakulam,Thrippunithura,Ashgourd,Ashgourd,FAQ,19/05/2025,"2,400","4,000","2,600",26.00
Kerala,Ernakulam,Thrippunithura,Banana,Palayamthodan,Medium,19/05/2025,"3,000","4,000","3,200",32.00
Kerala,Ernakulam,Thrippunithura,Capsicum,Capsicum,FAQ,19/05/2025,"7,000","10,000","8,000",80.00
Kerala,Ernakulam,Thrippunithura,Carrot,Carrot,FAQ,19/05/2025,"4,800","6,000","5,000",50.00
Kerala,Ernakulam,Thrippunithura,Cowpea(Veg),Cowpea (Veg),FAQ,19/05/2025,"4,000","5,000","4,200",42.00
Kerala,Ernakulam,Thrippunithura,Lemon,Other,FAQ,19/05/2025,"13,000","14,000","13,200",132.00
Kerala,Kannur,Thalasserry,Banana,Other,Large,19/05/2025,"5,400","5,600","5,500",55.00
Kerala,Kannur,Thalasserry,Bhindi(Ladies Finger),Other,FAQ,19/05/2025,"3,400","3,600","3,500",35.00
Kerala,Kannur,Thalasserry,Coconut Oil,Other,FAQ,19/05/2025,"28,500","29,500","29,000",290.00
Kerala,Kottayam,Ettumanoor,Bitter gourd,Other,FAQ,19/05/2025,"8,000","8,200","8,100",81.00
Kerala,Kottayam,Ettumanoor,Colacasia,Other,FAQ,19/05/2025,"6,000","7,000","6,500",65.00
Kerala,Kottayam,Pampady,Banana,Palayamthodan,Medium,19/05/2025,"1,500","2,500","2,000",20.00
Kerala,Kottayam,Pampady,Indian Beans (Seam),Other,FAQ,19/05/2025,"7,800","9,000","8,500",85.00
Kerala,Kottayam,Pampady,Mango (Raw-Ripe),Other,FAQ,19/05/2025,"3,000","4,500","4,000",40.00
Kerala,Kottayam,Pampady,Tapioca,Tapioca,FAQ,19/05/2025,"3,000","4,500","4,000",40.00
Kerala,Kottayam,Thalayolaparambu,Ashgourd,Ashgourd,FAQ,19/05/2025,"1,600","2,000","1,700",17.00
Kerala,Kozhikode(Calicut),Mukkom,Amphophalus,Amphophalus,FAQ,19/05/2025,"6,500","6,800","6,600",66.00
Kerala,Kozhikode(Calicut),Mukkom,Banana,Other,Large,19/05/2025,"4,800","5,200","5,000",50.00
Kerala,Kozhikode(Calicut),Mukkom,Beetroot,Beetroot,FAQ,19/05/2025,"4,000","4,400","4,200",42.00
Kerala,Kozhikode(Calicut),Mukkom,Bhindi(Ladies Finger),Bhindi,FAQ,19/05/2025,"3,000","3,400","3,200",32.00
Kerala,Kozhikode(Calicut),Mukkom,Cabbage,Cabbage,FAQ,19/05/2025,"2,800","3,200","3,000",30.00
Kerala,Kozhikode(Calicut),Mukkom,Coconut Seed,Other,FAQ,19/05/2025,"6,000","6,200","6,100",61.00
Kerala,Kozhikode(Calicut),Mukkom,Cowpea(Veg),Cowpea (Veg),FAQ,19/05/2025,"5,500","5,800","5,600",56.00
Kerala,Kozhikode(Calicut),Mukkom,Cucumbar(Kheera),Cucumbar,FAQ,19/05/2025,"1,600","2,000","1,800",18.00
Kerala,Kozhikode(Calicut),Mukkom,Drumstick,Drumstick,FAQ,19/05/2025,"10,500","11,500","11,000",110.00
Kerala,Kozhikode(Calicut),Palayam,Bhindi(Ladies Finger),Other,FAQ,19/05/2025,"1,900","1,900","1,900",19.00
Kerala,Kozhikode(Calicut),Palayam,Brinjal,Other,FAQ,19/05/2025,"2,000","2,000","2,000",20.00
Kerala,Kozhikode(Calicut),Palayam,Cauliflower,Other,FAQ,19/05/2025,"2,500","2,500","2,500",25.00
Kerala,Kozhikode(Calicut),Palayam,Cluster beans,Other,FAQ,19/05/2025,"1,700","1,700","1,700",17.00
Kerala,Kozhikode(Calicut),Palayam,Green Chilli,Other,FAQ,19/05/2025,"2,600","2,600","2,600",26.00
Kerala,Kozhikode(Calicut),Palayam,Potato,Other,FAQ,19/05/2025,"2,300","2,400","2,300",23.00
Kerala,Kozhikode(Calicut),Quilandy,Bhindi(Ladies Finger),Other,FAQ,19/05/2025,"3,000","3,200","3,000",30.00
Kerala,Kozhikode(Calicut),Quilandy,French Beans (Frasbean),Other,FAQ,19/05/2025,"8,700","9,000","8,800",88.00
Kerala,Kozhikode(Calicut),Quilandy,Pumpkin,Other,FAQ,19/05/2025,"1,300","1,400","1,300",13.00
Kerala,Kozhikode(Calicut),Quilandy,Raddish,Other,FAQ,19/05/2025,"2,800","3,000","3,000",30.00
Kerala,Kozhikode(Calicut),Vengeri(Kozhikode),Bitter gourd,Bitter Gourd,FAQ,19/05/2025,"5,000","5,300","5,300",53.00
Kerala,Kozhikode(Calicut),Vengeri(Kozhikode),Carrot,Carrot,FAQ,19/05/2025,"2,600","2,900","2,900",29.00
Kerala,Malappuram,Kottakkal,Ashgourd,Other,FAQ,19/05/2025,"1,000","1,200","1,100",11.00
Kerala,Malappuram,Kottakkal,Beetroot,Beetroot,FAQ,19/05/2025,"3,100","3,300","3,200",32.00
Kerala,Malappuram,Kottakkal,Carrot,Other,FAQ,19/05/2025,"2,500","2,700","2,600",26.00
Kerala,Malappuram,Kottakkal,Cowpea (Lobia/Karamani),Other,FAQ,19/05/2025,"2,300","2,500","2,400",24.00
Kerala,Malappuram,Kottakkal,Cucumbar(Kheera),Other,FAQ,19/05/2025,"5,000","5,200","5,100",51.00
Kerala,Malappuram,Kottakkal,Onion,Other,FAQ,19/05/2025,"1,800","2,000","1,900",19.00
Kerala,Malappuram,Kottakkal,Raddish,Other,FAQ,19/05/2025,"2,300","2,500","2,400",24.00
Kerala,Malappuram,Kottakkal,Snakeguard,Other,FAQ,19/05/2025,"2,400","2,600","2,500",25.00
Kerala,Malappuram,Kottakkal,Tomato,Other,FAQ,19/05/2025,"1,500","1,700","1,600",16.00
Kerala,Malappuram,Perinthalmanna,Banana - Green,Banana - Green,FAQ,19/05/2025,"3,000","3,800","3,500",35.00
Kerala,Malappuram,Perinthalmanna,Bhindi(Ladies Finger),Bhindi,FAQ,19/05/2025,"3,500","3,800","3,600",36.00
Kerala,Malappuram,Perinthalmanna,Cabbage,Cabbage,FAQ,19/05/2025,"1,500","1,800","1,600",16.00
Kerala,Malappuram,Perinthalmanna,Capsicum,Capsicum,FAQ,19/05/2025,"5,000","6,000","5,500",55.00
Kerala,Malappuram,Perinthalmanna,Ginger(Green),Green Ginger,FAQ,19/05/2025,"3,500","4,500","4,000",40.00
Kerala,Malappuram,Perinthalmanna,Lemon,Other,FAQ,19/05/2025,"8,000","8,500","8,200",82.00
Kerala,Palakad,Koduvayoor,Ashgourd,Other,FAQ,19/05/2025,"1,000","1,800","1,400",14.00
Kerala,Palakad,Koduvayoor,Banana,Nendra Bale,Medium,19/05/2025,"4,500","4,900","4,700",47.00
Kerala,Palakad,Koduvayoor,Bitter gourd,Other,FAQ,19/05/2025,"6,000","6,400","6,200",62.00
Kerala,Palakad,Koduvayoor,Bottle gourd,Other,FAQ,19/05/2025,"2,400","2,800","2,600",26.00
Kerala,Palakad,Koduvayoor,Colacasia,Other,FAQ,19/05/2025,"6,800","7,200","7,000",70.00
Kerala,Palakad,Koduvayoor,Elephant Yam (Suran),Other,FAQ,19/05/2025,"5,800","6,200","6,000",60.00
Kerala,Palakad,Koduvayoor,Garlic,Other,FAQ,19/05/2025,"12,500","12,900","12,700",127.00
Kerala,Palakad,Koduvayoor,Green Chilli,Other,FAQ,19/05/2025,"3,500","3,900","3,700",37.00
Kerala,Palakad,Koduvayoor,Onion,Big,FAQ,19/05/2025,"2,000","2,800","2,400",24.00
Kerala,Pathanamthitta,Kalanjoor VFPCK,Banana,Red Banana,Large,19/05/2025,"3,000","4,300","3,800",38.00
Kerala,Pathanamthitta,Kalanjoor VFPCK,Cowpea(Veg),Cowpea (Veg),FAQ,19/05/2025,"5,200","7,000","5,800",58.00
Kerala,Pathanamthitta,Mezhuveli VFPCK,Banana,Palayamthodan,Medium,19/05/2025,800,"2,300","1,600",16.00
Kerala,Thirssur,Irinjalakkuda,Banana - Green,Other,FAQ,19/05/2025,"4,500","4,500","4,500",45.00
Kerala,Thirssur,Thrissur,Ashgourd,Ashgourd,FAQ,19/05/2025,"1,400","1,400","1,400",14.00
Kerala,Thirssur,Thrissur,Cauliflower,Cauliflower,FAQ,19/05/2025,"4,000","4,000","4,000",40.00
Kerala,Thirssur,Thrissur,Cucumbar(Kheera),Cucumbar,FAQ,19/05/2025,"1,500","1,500","1,500",15.00
Kerala,Thirssur,Thrissur,Snakeguard,Snakeguard,FAQ,19/05/2025,"2,500","2,500","2,500",25.00
Kerala,Thiruvananthapuram,Parassala,Elephant Yam (Suran),Elephant Yam (Suran),FAQ,19/05/2025,"4,000","4,500","4,000",40.00
Kerala,Thiruvananthapuram,Parassala,Green Chilli,Green Chilly,FAQ,19/05/2025,"5,800","6,000","5,800",58.00
Madhya Pradesh,Morena,Sabalgarh(F&V;),Tomato,Deshi,Non-FAQ,19/05/2025,900,"1,000",950,9.50
Nagaland,Kohima,Kohima,Beans,Beans (Whole),FAQ,19/05/2025,"8,000","8,200","8,100",81.00
Odisha,Balasore,Jaleswar,Onion,Other,FAQ,19/05/2025,"1,800","2,200","2,000",20.00
Odisha,Balasore,Jaleswar,Potato,Other,FAQ,19/05/2025,"1,300","1,700","1,500",15.00
Odisha,Balasore,Jaleswar,Water Melon,Water Melon,Medium,19/05/2025,"1,100","1,500","1,300",13.00
Odisha,Bargarh,Attabira,Onion,Other,FAQ,19/05/2025,"1,800","2,000","1,800",18.00
Odisha,Bargarh,Attabira,Pointed gourd (Parval),Other,FAQ,19/05/2025,"3,500","4,000","3,500",35.00
Odisha,Bargarh,Attabira,Ridgeguard(Tori),Ridgeguard(Tori),FAQ,19/05/2025,"2,500","3,000","2,500",25.00
Odisha,Bhadrak,Chandabali,Onion,Other,FAQ,19/05/2025,"2,000","2,500","2,200",22.00
Odisha,Boudh,Khunthabandha,Brinjal,Other,FAQ,19/05/2025,"1,500","2,500","2,000",20.00
Odisha,Dhenkanal,Hindol,Cucumbar(Kheera),Cucumbar,FAQ,19/05/2025,"4,000","4,500","4,200",42.00
Odisha,Dhenkanal,Kamakhyanagar,Bhindi(Ladies Finger),Bhindi,FAQ,19/05/2025,"3,500","4,200","4,000",40.00
Odisha,Dhenkanal,Kamakhyanagar,Cauliflower,Cauliflower,FAQ,19/05/2025,"3,000","4,000","3,500",35.00
Odisha,Dhenkanal,Kamakhyanagar,Green Chilli,Green Chilly,FAQ,19/05/2025,"6,000","6,500","6,000",60.00
Odisha,Dhenkanal,Parlakhemundi,Brinjal,Other,FAQ,19/05/2025,"1,300","1,500","1,400",14.00
Odisha,Gajapati,Parlakhemundi,Tomato,Local,Non-FAQ,19/05/2025,"1,300","1,500","1,400",14.00
Odisha,Ganjam,Bhanjanagar,Pumpkin,Other,FAQ,19/05/2025,"1,000","1,200","1,100",11.00
Odisha,Kendrapara,Kendrapara,Pointed gourd (Parval),Pointed gourd (Parval),FAQ,19/05/2025,"3,000","4,000","3,500",35.00
Odisha,Kendrapara,Kendrapara,Pumpkin,Pumpkin,FAQ,19/05/2025,"1,500","2,000","1,500",15.00
Odisha,Kendrapara,Kendrapara(Marshaghai),Potato,Potato,Non-FAQ,19/05/2025,"1,700","2,000","1,800",18.00
Odisha,Nayagarh,Bahadajholla,Bhindi(Ladies Finger),Bhindi,FAQ,19/05/2025,950,"1,200",950,9.50
Odisha,Nayagarh,Bahadajholla,Pumpkin,Other,FAQ,19/05/2025,"1,000","1,000","1,000",10.00
Odisha,Rayagada,Gunpur,Brinjal,Other,FAQ,19/05/2025,"2,000","3,150","2,500",25.00
Odisha,Rayagada,Gunpur,Cotton,Other,FAQ,19/05/2025,"6,500","7,521","7,000",70.00
Odisha,Rayagada,Gunpur,Water Melon,Other,Small,19/05/2025,"2,000","3,000","2,500",25.00
Odisha,Rayagada,Rayagada(Muniguda),Carrot,Carrot,FAQ,19/05/2025,"3,200","4,100","3,650",36.50
Odisha,Sundergarh,Sargipali,Tomato,Other,Non-FAQ,19/05/2025,"1,800","2,200","2,000",20.00
Punjab,Amritsar,Chogawan,Cauliflower,Cauliflower,FAQ,19/05/2025,600,850,750,7.50
Punjab,Amritsar,Rayya,Bhindi(Ladies Finger),Bhindi,FAQ,19/05/2025,"2,800","2,800","2,800",28.00
Punjab,Amritsar,Rayya,Tomato,Hybrid,FAQ,19/05/2025,"1,200","1,200","1,200",12.00
Punjab,Fazilka,Fazilka,Garlic,Other,FAQ,19/05/2025,"3,000","5,000","4,000",40.00
Punjab,Fazilka,Fazilka,Mango,Other,Medium,19/05/2025,"4,000","6,000","5,000",50.00
Punjab,Gurdaspur,Kalanaur,Green Chilli,Green Chilly,FAQ,19/05/2025,"4,000","4,000","4,000",40.00
Punjab,Gurdaspur,Kalanaur,Pumpkin,Other,FAQ,19/05/2025,"1,000","1,000","1,000",10.00
Punjab,Hoshiarpur,Garh Shankar,Capsicum,Capsicum,FAQ,19/05/2025,"1,500","1,800","1,700",17.00
Punjab,Hoshiarpur,Garh Shankar,Cauliflower,Cauliflower,FAQ,19/05/2025,"2,500","3,000","2,700",27.00
Punjab,Hoshiarpur,Garh Shankar,Karbuja(Musk Melon),Other,Large,19/05/2025,"1,200","1,400","1,300",13.00
Punjab,Hoshiarpur,Mukerian(Talwara),Bhindi(Ladies Finger),Bhindi,FAQ,19/05/2025,"3,500","4,500","4,000",40.00
Punjab,Hoshiarpur,Mukerian(Talwara),Bitter gourd,Bitter Gourd,FAQ,19/05/2025,"1,400","2,200","1,800",18.00
Punjab,Hoshiarpur,Mukerian(Talwara),Cucumbar(Kheera),Cucumbar,FAQ,19/05/2025,"1,000","2,800","1,800",18.00
Punjab,Hoshiarpur,Mukerian(Talwara),Field Pea,Field Pea,FAQ,19/05/2025,"6,000","7,000","6,500",65.00
Punjab,Hoshiarpur,Mukerian(Talwara),Tomato,Tomato,FAQ,19/05/2025,"1,000","1,500","1,200",12.00
Punjab,Hoshiarpur,Tanda Urmur,Bhindi(Ladies Finger),Other,FAQ,19/05/2025,"2,000","2,500","2,200",22.00
Punjab,Jalandhar,Nakodar,Bottle gourd,Bottle Gourd,FAQ,19/05/2025,700,850,800,8.00
Punjab,Ludhiana,Doraha,Bitter gourd,Other,FAQ,19/05/2025,"2,500","2,500","2,500",25.00
Punjab,Ludhiana,Khanna,Capsicum,Capsicum,FAQ,19/05/2025,700,"1,200","1,000",10.00
Punjab,Ludhiana,Khanna,Lemon,Other,FAQ,19/05/2025,"3,000","5,000","4,000",40.00
Punjab,Ludhiana,Khanna,Peas Wet,Other,FAQ,19/05/2025,"2,000","3,000","2,500",25.00
Punjab,Ludhiana,Khanna,Tomato,Other,FAQ,19/05/2025,800,"1,500","1,000",10.00
Punjab,Ludhiana,Sahnewal,Capsicum,Capsicum,FAQ,19/05/2025,"2,000","2,000","2,000",20.00
Punjab,Moga,Nihal Singh Wala,Cabbage,Other,FAQ,19/05/2025,400,600,500,5.00
Punjab,Moga,Nihal Singh Wala,Green Chilli,Other,FAQ,19/05/2025,"1,500","2,000","1,800",18.00
Punjab,Moga,Nihal Singh Wala,Peas Wet,Other,FAQ,19/05/2025,"3,500","4,000","3,800",38.00
Punjab,Nawanshahr,Nawan Shahar(Subzi Mandi),Ginger(Green),Other,FAQ,19/05/2025,"4,700","5,000","4,800",48.00
Punjab,Nawanshahr,Nawan Shahar(Subzi Mandi),Grapes,Other,Medium,19/05/2025,"7,000","8,000","7,600",76.00
Punjab,Nawanshahr,Nawan Shahar(Subzi Mandi),Green Chilli,Other,FAQ,19/05/2025,"1,600","1,800","1,730",17.30
Punjab,Nawanshahr,Nawan Shahar(Subzi Mandi),Karbuja(Musk Melon),Other,Medium,19/05/2025,"1,300","1,400","1,330",13.30
Punjab,Nawanshahr,Nawan Shahar(Subzi Mandi),Lime,Other,Medium,19/05/2025,"8,000","9,000","8,650",86.50
Punjab,Nawanshahr,Nawan Shahar(Subzi Mandi),Mango,Other,Small,19/05/2025,"3,200","3,500","3,300",33.00
Punjab,Nawanshahr,Nawan Shahar(Subzi Mandi),Mousambi(Sweet Lime),Other,Medium,19/05/2025,"4,000","4,500","4,300",43.00
Punjab,Pathankot,Pathankot,Apricot(Jardalu/Khumani),Apricot(Jardalu/Khumani),Medium,19/05/2025,"2,800","3,000","3,000",30.00
Punjab,Pathankot,Pathankot,Banana,Medium,Medium,19/05/2025,"3,200","3,600","3,600",36.00
Punjab,Pathankot,Pathankot,Green Chilli,Green Chilly,FAQ,19/05/2025,"1,200","1,400","1,400",14.00
Punjab,Pathankot,Pathankot,Guava,Guava,Medium,19/05/2025,"2,800","3,000","3,000",30.00
Punjab,Pathankot,Pathankot,Potato,Potato,Non-FAQ,19/05/2025,600,800,800,8.00
Punjab,Patiala,Ghanaur,Onion,Other,FAQ,19/05/2025,"1,200","1,400","1,300",13.00
Punjab,Ropar (Rupnagar),Morinda,Brinjal,Round/Long,FAQ,19/05/2025,"1,500","1,500","1,500",15.00
Punjab,Ropar (Rupnagar),Morinda,Lemon,Lemon,FAQ,19/05/2025,"5,000","9,000","7,000",70.00
Punjab,Ropar (Rupnagar),Morinda,Mint(Pudina),Mint(Pudina),FAQ,19/05/2025,"2,000","2,000","2,000",20.00
Punjab,Ropar (Rupnagar),Morinda,Peas Wet,Peas Wet,FAQ,19/05/2025,"5,000","5,000","5,000",50.00
Punjab,Ropar (Rupnagar),Morinda,Pineapple,Pine Apple,Medium,19/05/2025,"5,000","5,000","5,000",50.00
Punjab,Ropar (Rupnagar),Morinda,Ridgeguard(Tori),Ridgeguard(Tori),FAQ,19/05/2025,"2,500","2,500","2,500",25.00
Punjab,Ropar (Rupnagar),Morinda,Tomato,Deshi,Non-FAQ,19/05/2025,"1,000","1,200","1,100",11.00
Punjab,Tarntaran,Naushera Pannuan,Brinjal,Other,FAQ,19/05/2025,"1,200","1,200","1,200",12.00
Punjab,Tarntaran,Patti,Capsicum,Other,FAQ,19/05/2025,"1,200","1,600","1,400",14.00
Punjab,Tarntaran,Patti,Green Chilli,Other,FAQ,19/05/2025,"1,200","1,500","1,400",14.00
Punjab,Tarntaran,Patti,Potato,Other,FAQ,19/05/2025,400,500,450,4.50
Punjab,Tarntaran,Patti,Ridgeguard(Tori),Other,FAQ,19/05/2025,"1,200","1,600","1,400",14.00
Rajasthan,Beawar,Beawar,Cummin Seed(Jeera),Other,FAQ,19/05/2025,"18,000","21,000","19,500",195.00
Rajasthan,Beawar,Beawar,Wheat,Other,FAQ,19/05/2025,"2,400","2,600","2,500",25.00
Rajasthan,Churu,Sadulpur,Bajra(Pearl Millet/Cumbu),Local,FAQ,19/05/2025,"2,200","2,300","2,250",22.50
Rajasthan,Ganganagar,Sriganganagar (F&V;),Cabbage,Other,FAQ,19/05/2025,700,900,800,8.00
Rajasthan,Ganganagar,Sriganganagar (F&V;),Ginger(Green),Green Ginger,FAQ,19/05/2025,"3,800","4,200","4,000",40.00
Rajasthan,Ganganagar,Sriganganagar (F&V;),Green Chilli,Green Chilly,FAQ,19/05/2025,"1,600","2,000","1,800",18.00
Rajasthan,Ganganagar,Sriganganagar (F&V;),Mango,Other,Medium,19/05/2025,"5,300","5,700","5,500",55.00
Rajasthan,Ganganagar,Sriganganagar (F&V;),Pineapple,Other,Medium,19/05/2025,"4,300","4,700","4,500",45.00
Rajasthan,Ganganagar,Sriganganagar (F&V;),Tinda,Other,FAQ,19/05/2025,"2,100","2,500","2,300",23.00
Rajasthan,Hanumangarh,Goluwala,Tomato,Deshi,FAQ,19/05/2025,"1,000","1,000","1,000",10.00
Rajasthan,Hanumangarh,Sangriya,Onion,Onion,FAQ,19/05/2025,800,"1,300","1,000",10.00
Rajasthan,Jaipur,Jaipur (F&V;),Bitter gourd,Bitter Gourd,FAQ,19/05/2025,"1,700","1,800","1,750",17.50
Rajasthan,Jaipur,Jaipur (F&V;),Capsicum,Capsicum,FAQ,19/05/2025,"2,500","3,000","2,750",27.50
Rajasthan,Jaipur,Jaipur (F&V;),Garlic,Average,FAQ,19/05/2025,"3,000","9,000","6,000",60.00
Rajasthan,Jaipur,Jaipur (F&V;),Grapes,Annabesahai,Medium,19/05/2025,"4,000","8,000","6,000",60.00
Rajasthan,Jaipur,Jaipur (F&V;),Lemon,Lemon,FAQ,19/05/2025,"5,000","6,000","5,500",55.00
Rajasthan,Jaipur,Jaipur (F&V;),Mango (Raw-Ripe),Other,FAQ,19/05/2025,"1,000","2,000","1,500",15.00
Rajasthan,Jaipur Rural,Bassi,Mustard,Other,Non-FAQ,19/05/2025,"5,390","6,241","5,815",58.15
Rajasthan,Jaipur Rural,Bassi,Onion,Other,Non-FAQ,19/05/2025,"1,300","1,500","1,400",14.00
Rajasthan,Jodhpur,Jodhpur (Grain),Methi Seeds,Other,FAQ,19/05/2025,"4,400","4,610","4,510",45.10
Rajasthan,Jodhpur,Jodhpur (Grain),Soanf,Other,FAQ,19/05/2025,"6,500","8,000","7,250",72.50
Rajasthan,Kota,Kota,Bengal Gram(Gram)(Whole),Other,Non-FAQ,19/05/2025,"4,901","5,390","5,100",51.00
Rajasthan,Kota,Kota,Green Gram (Moong)(Whole),Other,Non-FAQ,19/05/2025,"3,901","7,000","6,800",68.00
Rajasthan,Kota,Kota,Linseed,Other,FAQ,19/05/2025,"6,600","6,900","6,800",68.00
Rajasthan,Kota,Kota,Methi Seeds,Other,FAQ,19/05/2025,"4,365","4,600","4,500",45.00
Rajasthan,Kota,Kota,"Sesamum(Sesame,Gingelly,Til)",Other,Non-FAQ,19/05/2025,"5,500","7,700","7,500",75.00
Rajasthan,Rajsamand,Rajsamand,Tomato,Tomato,FAQ,19/05/2025,600,800,700,7.00
Rajasthan,Sanchore,Sanchore,Onion,Other,FAQ,19/05/2025,"1,000","1,400","1,200",12.00
Telangana,Hyderabad,Mahboob Manison,Beetroot,Beetroot,FAQ,19/05/2025,"1,500","1,500","1,500",15.00
Telangana,Hyderabad,Mahboob Manison,Carrot,Carrot,FAQ,19/05/2025,"2,000","2,500","2,250",22.50
Telangana,Hyderabad,Mahboob Manison,Tomato,Deshi,FAQ,19/05/2025,600,800,700,7.00
Telangana,Karimnagar,Vemulawada,Paddy(Dhan)(Common),I.R. 64,FAQ,19/05/2025,"2,300","2,320","2,320",23.20
Telangana,Nalgonda,Devarkonda(Mallepalli),Paddy(Dhan)(Common),MTU-1010,Non-FAQ,19/05/2025,"2,300","2,300","2,300",23.00
Telangana,Ranga Reddy,Kukatpally(Rythu Bazar),Brinjal,Arkasheela Mattigulla,FAQ,19/05/2025,"1,800","1,800","1,800",18.00
Telangana,Ranga Reddy,Kukatpally(Rythu Bazar),Ridgeguard(Tori),Other,FAQ,19/05/2025,"3,500","3,500","3,500",35.00
Telangana,Ranga Reddy,Mehndipatnam(Rythu Bazar),Banana - Green,Banana - Green,FAQ,19/05/2025,"2,500","2,500","2,500",25.00
Telangana,Ranga Reddy,Mehndipatnam(Rythu Bazar),Bitter gourd,Bitter Gourd,FAQ,19/05/2025,"3,200","3,200","3,200",32.00
Telangana,Ranga Reddy,Mehndipatnam(Rythu Bazar),Brinjal,Arkasheela Mattigulla,FAQ,19/05/2025,"1,800","1,800","1,800",18.00
Telangana,Ranga Reddy,Mehndipatnam(Rythu Bazar),Cabbage,Cabbage,FAQ,19/05/2025,900,900,900,9.00
Telangana,Ranga Reddy,Mehndipatnam(Rythu Bazar),Leafy Vegetable,Leafy Vegetables,FAQ,19/05/2025,"2,000","2,000","2,000",20.00
Telangana,Ranga Reddy,Mehndipatnam(Rythu Bazar),Onion,1st Sort,FAQ,19/05/2025,"1,600","1,600","1,600",16.00
Telangana,Ranga Reddy,Mehndipatnam(Rythu Bazar),Snakeguard,Other,FAQ,19/05/2025,"1,800","1,800","1,800",18.00
Telangana,Warangal,Warangal,Bitter gourd,Bitter Gourd,FAQ,19/05/2025,"4,000","4,500","4,250",42.50
Telangana,Warangal,Warangal,Colacasia,Colacasia,FAQ,19/05/2025,"3,500","4,000","3,750",37.50
Telangana,Warangal,Warangal,Cucumbar(Kheera),Cucumbar,FAQ,19/05/2025,"1,600","2,000","1,800",18.00
Telangana,Warangal,Warangal,Field Pea,Field Pea,FAQ,19/05/2025,"4,500","5,000","4,750",47.50
Telangana,Warangal,Warangal,Green Chilli,Green Chilly,FAQ,19/05/2025,"1,600","2,000","1,800",18.00
Telangana,Warangal,Warangal,Ridgeguard(Tori),Ridgeguard(Tori),FAQ,19/05/2025,"4,000","4,500","4,250",42.50
Tripura,Gomati,Nutanbazar,Bhindi(Ladies Finger),Bhindi,FAQ,19/05/2025,"3,850","4,000","3,950",39.50
Tripura,Gomati,Nutanbazar,Brinjal,Round/Long,FAQ,19/05/2025,"2,850","3,000","2,950",29.50
Tripura,Gomati,Nutanbazar,Pointed gourd (Parval),Pointed gourd (Parval),FAQ,19/05/2025,"5,850","6,000","5,950",59.50
Tripura,Khowai,Teliamura,Cowpea(Veg),Cowpea (Veg),FAQ,19/05/2025,"3,000","3,200","3,100",31.00
Tripura,Khowai,Teliamura,Fish,Rahu(Andhra),FAQ,19/05/2025,"18,700","18,900","18,800",188.00
Tripura,Khowai,Teliamura,Onion,Nasik,FAQ,19/05/2025,"2,000","2,200","2,100",21.00
Tripura,Khowai,Teliamura,Pigs,Pigs,FAQ,19/05/2025,"3,500","7,000","5,200",52.00
Tripura,Khowai,Teliamura,Pointed gourd (Parval),Pointed gourd (Parval),FAQ,19/05/2025,"3,500","3,700","3,600",36.00
Tripura,North Tripura,Dasda,Onion,Onion,FAQ,19/05/2025,"2,500","3,000","2,750",27.50
Tripura,North Tripura,Dasda,Rice,Masuri,FAQ,19/05/2025,"3,300","3,500","3,400",34.00
Tripura,South District,Barpathari,Bhindi(Ladies Finger),Bhindi,FAQ,19/05/2025,"3,900","4,100","4,000",40.00
Tripura,South District,Barpathari,Ginger(Green),Green Ginger,FAQ,19/05/2025,"7,900","8,100","8,000",80.00
Tripura,South District,Barpathari,Green Chilli,Green Chilly,FAQ,19/05/2025,"3,900","4,100","4,000",40.00
Tripura,South District,Barpathari,Onion,Red,FAQ,19/05/2025,"2,400","2,600","2,500",25.00
Uttar Pradesh,Agra,Fatehabad,Pumpkin,Pumpkin,FAQ,19/05/2025,400,600,600,6.00
Uttar Pradesh,Aligarh,Charra,Cabbage,Cabbage,FAQ,19/05/2025,"1,400","1,500","1,450",14.50
Uttar Pradesh,Amethi,Sultanpur,Bitter gourd,Bitter Gourd,FAQ,19/05/2025,"1,930","1,980","1,950",19.50
Uttar Pradesh,Amethi,Sultanpur,Green Chilli,Green Chilly,FAQ,19/05/2025,"2,450","2,500","2,480",24.80
Uttar Pradesh,Amethi,Sultanpur,Potato,Desi,FAQ,19/05/2025,"1,140","1,170","1,155",11.55
Uttar Pradesh,Amroha,Amroha,Arhar Dal(Tur Dal),Arhar Dal(Tur),FAQ,19/05/2025,"11,200","11,300","11,260",112.60
Uttar Pradesh,Amroha,Dhanaura,Banana,Medium,Medium,19/05/2025,"1,000","1,400","1,200",12.00
Uttar Pradesh,Amroha,Dhanaura,Garlic,Average,FAQ,19/05/2025,"4,500","5,000","4,800",48.00
Uttar Pradesh,Amroha,Dhanaura,Onion,Medium,Non-FAQ,19/05/2025,"1,000","1,400","1,200",12.00
Uttar Pradesh,Amroha,Dhanaura,Tomato,Deshi,Non-FAQ,19/05/2025,600,800,700,7.00
Uttar Pradesh,Amroha,Babrala,Wheat,Dara,Non-FAQ,19/05/2025,"2,445","2,470","2,450",24.50
Uttar Pradesh,Badaun,Babrala,Wood,Eucalyptus,FAQ,19/05/2025,480,500,490,4.90
Uttar Pradesh,Badaun,Badayoun,Apple,Delicious,Medium,19/05/2025,"10,000","10,300","10,050",100.50
Uttar Pradesh,Badaun,Badayoun,Banana - Green,Banana - Green,FAQ,19/05/2025,"1,760","1,880","1,810",18.10
Uttar Pradesh,Badaun,Badayoun,Cucumbar(Kheera),Cucumbar,FAQ,19/05/2025,"1,240","1,350","1,290",12.90
Uttar Pradesh,Badaun,Badayoun,Paddy(Dhan)(Common),Sarvati,Non-FAQ,19/05/2025,"2,000","2,070","2,040",20.40
Uttar Pradesh,Badaun,Badayoun,Pumpkin,Pumpkin,FAQ,19/05/2025,980,"1,100","1,025",10.25
Uttar Pradesh,Badaun,Ujhani,Apple,Apple,Medium,19/05/2025,"10,000","10,050","10,020",100.20
Uttar Pradesh,Badaun,Ujhani,Potato,Local,Non-FAQ,19/05/2025,"1,000","1,050","1,020",10.20
Uttar Pradesh,Bahraich,Naanpara,Ginger(Green),Green Ginger,FAQ,19/05/2025,"2,000","2,200","2,100",21.00
Uttar Pradesh,Bahraich,Naanpara,Masur Dal,Masoor Gola,FAQ,19/05/2025,"6,000","7,000","6,500",65.00
Uttar Pradesh,Bahraich,Naanpara,Mousambi(Sweet Lime),Mousambi,Medium,19/05/2025,"2,400","2,600","2,500",25.00
Uttar Pradesh,Balrampur,Balrampur,Bitter gourd,Bitter Gourd,FAQ,19/05/2025,"1,300","1,500","1,400",14.00
Uttar Pradesh,Balrampur,Balrampur,Bottle gourd,Bottle Gourd,FAQ,19/05/2025,700,900,800,8.00
Uttar Pradesh,Balrampur,Balrampur,Lemon,Lemon,FAQ,19/05/2025,"7,500","7,700","7,600",76.00
Uttar Pradesh,Balrampur,Balrampur,Pumpkin,Pumpkin,FAQ,19/05/2025,700,940,825,8.25
Uttar Pradesh,Balrampur,Panchpedwa,Onion,Red,FAQ,19/05/2025,"1,600","2,000","1,800",18.00
Uttar Pradesh,Balrampur,Tulsipur,Pumpkin,Pumpkin,FAQ,19/05/2025,900,950,925,9.25
Uttar Pradesh,Bareilly,Anwala,Cucumbar(Kheera),Cucumbar,FAQ,19/05/2025,500,700,600,6.00
Uttar Pradesh,Bijnor,Bijnaur,Tomato,Hybrid,FAQ,19/05/2025,800,900,830,8.30
Uttar Pradesh,Bijnor,Kiratpur,Apple,Apple,Medium,19/05/2025,"6,600","6,700","6,650",66.50
Uttar Pradesh,Bijnor,Kiratpur,Potato,Potato,Non-FAQ,19/05/2025,800,900,850,8.50
Uttar Pradesh,Bulandshahar,Gulavati,Bitter gourd,Bitter Gourd,FAQ,19/05/2025,"1,500","1,700","1,600",16.00
Uttar Pradesh,Bulandshahar,Gulavati,Cucumbar(Kheera),Cucumbar,FAQ,19/05/2025,"1,300","1,500","1,400",14.00
Uttar Pradesh,Bulandshahar,Gulavati,Onion,Red,FAQ,19/05/2025,"1,500","1,700","1,600",16.00
Uttar Pradesh,Etah,Awagarh,Onion,Red,Non-FAQ,19/05/2025,"1,200","1,500","1,300",13.00
Uttar Pradesh,Etah,Awagarh,Tomato,Hybrid,Non-FAQ,19/05/2025,600,700,650,6.50
Uttar Pradesh,Etah,Awagarh,Wheat,Dara,FAQ,19/05/2025,"2,430","2,450","2,440",24.40
Uttar Pradesh,Fatehpur,Kishunpur,Wheat,Dara,FAQ,19/05/2025,"2,400","2,500","2,450",24.50
Uttar Pradesh,Firozabad,Sirsaganj,Potato,Potato,FAQ,19/05/2025,"1,000","1,200","1,100",11.00
Uttar Pradesh,Hamirpur,Kurara,Paddy(Dhan)(Common),1001,FAQ,19/05/2025,"2,400","2,500","2,450",24.50
Uttar Pradesh,Hathras,Shadabad,Potato,Desi,FAQ,19/05/2025,800,900,850,8.50
Uttar Pradesh,Jalaun (Orai),Kadaura,Firewood,Firewood,FAQ,19/05/2025,430,430,430,4.30
Uttar Pradesh,Jalaun (Orai),Kadaura,Peas(Dry),Other,FAQ,19/05/2025,"3,300","3,400","3,400",34.00
Uttar Pradesh,Jalaun (Orai),Manjhanpur,Tomato,Deshi,FAQ,19/05/2025,700,850,760,7.60
Uttar Pradesh,Khiri (Lakhimpur),Maigalganj,Tomato,Local,FAQ,19/05/2025,"1,500","1,580","1,540",15.40
Uttar Pradesh,Khiri (Lakhimpur),Maigalganj,Wheat,Dara,FAQ,19/05/2025,"2,400","2,500","2,450",24.50
Uttar Pradesh,Lalitpur,Mehrauni,Peas(Dry),Other,FAQ,19/05/2025,"3,000","3,300","3,200",32.00
Uttar Pradesh,Maharajganj,Anandnagar,Onion,Red,FAQ,19/05/2025,"1,200","1,400","1,300",13.00
Uttar Pradesh,Maharajganj,Anandnagar,Papaya,Papaya,Medium,19/05/2025,"2,200","2,400","2,300",23.00
Uttar Pradesh,Maharajganj,Anandnagar,Potato,Red,FAQ,19/05/2025,"1,000","1,400","1,200",12.00
Uttar Pradesh,Maharajganj,Anandnagar,Rice,III,FAQ,19/05/2025,"2,600","3,200","2,800",28.00
Uttar Pradesh,Mahoba,Charkhari,Lentil (Masur)(Whole),Kala Masoor New,FAQ,19/05/2025,"6,000","6,100","6,000",60.00
Uttar Pradesh,Mainpuri,Ghiraur,Banana,Banana - Ripe,Medium,19/05/2025,"2,435","2,635","2,535",25.35
Uttar Pradesh,Mainpuri,Ghiraur,Bottle gourd,Bottle Gourd,FAQ,19/05/2025,875,"1,075",975,9.75
Uttar Pradesh,Mainpuri,Ghiraur,Brinjal,Round/Long,FAQ,19/05/2025,"1,270","1,470","1,370",13.70
Uttar Pradesh,Mainpuri,Ghiraur,Potato,Local,FAQ,19/05/2025,"1,085","1,285","1,185",11.85
Uttar Pradesh,Mainpuri,Ghiraur,Wheat,Dara,FAQ,19/05/2025,"2,400","2,580","2,480",24.80
Uttar Pradesh,Mau(Maunathbhanjan),Doharighat,Green Chilli,Green Chilly,FAQ,19/05/2025,"3,900","4,000","3,965",39.65
Uttar Pradesh,Mau(Maunathbhanjan),Kopaganj,Bitter gourd,Bitter Gourd,FAQ,19/05/2025,800,"1,000",900,9.00
Uttar Pradesh,Mau(Maunathbhanjan),Kopaganj,Cauliflower,Cauliflower,FAQ,19/05/2025,800,"1,000",900,9.00
Uttar Pradesh,Pillibhit,Pilibhit,Cabbage,Cabbage,FAQ,19/05/2025,"1,138","1,218","1,178",11.78
Uttar Pradesh,Prayagraj,Jasra,Bottle gourd,Bottle Gourd,FAQ,19/05/2025,760,885,820,8.20
Uttar Pradesh,Rampur,Tanda(Rampur),Cucumbar(Kheera),Cucumbar,FAQ,19/05/2025,"1,000","1,040","1,020",10.20
Uttar Pradesh,Rampur,Vilaspur,Banana,Banana - Ripe,Medium,19/05/2025,"1,900","2,300","2,100",21.00
Uttar Pradesh,Rampur,Vilaspur,Karbuja(Musk Melon),Karbhuja,Medium,19/05/2025,"1,500","2,100","1,800",18.00
Uttar Pradesh,Sant Kabir Nagar,Khalilabad,Pointed gourd (Parval),Pointed gourd (Parval),FAQ,19/05/2025,"2,000","2,200","2,100",21.00
Uttar Pradesh,Sant Kabir Nagar,Khalilabad,Potato,Desi,FAQ,19/05/2025,800,"1,000",900,9.00
Uttar Pradesh,Shamli,Kairana,Lemon,Lemon,FAQ,19/05/2025,"5,700","5,800","5,750",57.50
Uttar Pradesh,Sitapur,Hargaon (Laharpur),Firewood,Other,FAQ,19/05/2025,300,340,320,3.20
Uttar Pradesh,Sitapur,Sitapur,Papaya,Papaya,Medium,19/05/2025,"2,600","2,900","2,735",27.35
Uttar Pradesh,Sitapur,Sitapur,Pomegranate,Pomogranate,Medium,19/05/2025,"7,700","8,500","8,200",82.00
Uttar Pradesh,Sitapur,Sitapur,Potato,Desi,FAQ,19/05/2025,"1,000","1,300","1,200",12.00
Uttrakhand,Dehradoon,Rishikesh,Bitter gourd,Other,FAQ,19/05/2025,"1,500","1,750","1,600",16.00
Uttrakhand,Dehradoon,Rishikesh,Cabbage,Other,FAQ,19/05/2025,500,600,550,5.50
Uttrakhand,Dehradoon,Rishikesh,Lime,Lime,Medium,19/05/2025,"8,500","12,000","9,500",95.00
Uttrakhand,Dehradoon,Rishikesh,Pointed gourd (Parval),Other,FAQ,19/05/2025,"2,200","2,750","2,500",25.00
Uttrakhand,Dehradoon,Rishikesh,Ridgeguard(Tori),Ridgeguard(Tori),FAQ,19/05/2025,"1,250","1,600","1,450",14.50
Uttrakhand,Dehradoon,Vikasnagar,Bhindi(Ladies Finger),Other,FAQ,19/05/2025,800,"1,000","1,000",10.00
Uttrakhand,Dehradoon,Vikasnagar,Brinjal,Other,FAQ,19/05/2025,400,600,600,6.00
Uttrakhand,Dehradoon,Vikasnagar,Carrot,Other,FAQ,19/05/2025,500,800,800,8.00
Uttrakhand,Haridwar,Haridwar Union,Cucumbar(Kheera),Cucumbar,FAQ,19/05/2025,500,800,600,6.00
Uttrakhand,Haridwar,Haridwar Union,Mango,Safeda,Medium,19/05/2025,"2,500","3,500","3,000",30.00
Uttrakhand,Haridwar,Manglaur,Papaya,Other,Medium,19/05/2025,"1,200","1,400","1,300",13.00
Uttrakhand,Haridwar,Manglaur,Water Melon,Other,Medium,19/05/2025,500,700,600,6.00
Uttrakhand,Haridwar,Roorkee,Banana,Other,Large,19/05/2025,800,"1,200","1,000",10.00
Uttrakhand,Haridwar,Roorkee,Beans,Beans (Whole),FAQ,19/05/2025,400,600,500,5.00
Uttrakhand,Haridwar,Roorkee,Bitter gourd,Other,FAQ,19/05/2025,500,700,600,6.00
Uttrakhand,Nanital,Ramnagar,Banana,Other,Medium,19/05/2025,"2,100","2,500","2,300",23.00
Uttrakhand,Nanital,Ramnagar,Bitter gourd,Other,FAQ,19/05/2025,"2,600","3,000","2,800",28.00
Uttrakhand,Nanital,Ramnagar,Cucumbar(Kheera),Other,FAQ,19/05/2025,"2,300","2,500","2,400",24.00
Uttrakhand,UdhamSinghNagar,Bazpur,Rice,Common,FAQ,19/05/2025,"3,190","3,940","3,632",36.32
West Bengal,Bankura,Indus(Bankura Sadar),Brinjal,Round/Long,FAQ,19/05/2025,"3,200","3,500","3,400",34.00
West Bengal,Bankura,Indus(Bankura Sadar),Sweet Pumpkin,Sweet Pumpkin,FAQ,19/05/2025,"1,300","1,450","1,400",14.00
West Bengal,Hooghly,Sheoraphuly,Bhindi(Ladies Finger),Bhindi,FAQ,19/05/2025,"1,600","1,800","1,700",17.00
West Bengal,Hooghly,Sheoraphuly,Green Chilli,Other,FAQ,19/05/2025,"4,000","4,400","4,200",42.00
West Bengal,Jalpaiguri,Belacoba,Bitter gourd,Other,FAQ,19/05/2025,900,"1,000",950,9.50
West Bengal,Jhargram,Jhargram,Fish,Rahu(Andhra),FAQ,19/05/2025,"17,400","18,000","17,800",178.00
West Bengal,Jhargram,Jhargram,Mustard Oil,Mustard Oil,FAQ,19/05/2025,"15,400","15,800","15,600",156.00
West Bengal,Jhargram,Jhargram,Rice,Fine,FAQ,19/05/2025,"4,200","4,600","4,400",44.00
West Bengal,Jhargram,Jhargram,Rice,Super Fine,FAQ,19/05/2025,"4,800","5,200","5,000",50.00
West Bengal,Malda,English Bazar,Green Gram Dal (Moong Dal),Green Gram Dal,FAQ,19/05/2025,"10,000","11,000","10,500",105.00
West Bengal,Malda,English Bazar,Lentil (Masur)(Whole),Masur Dal,FAQ,19/05/2025,"8,500","9,500","9,000",90.00
West Bengal,Malda,English Bazar,Onion,Other,FAQ,19/05/2025,"1,400","1,600","1,500",15.00
West Bengal,Malda,Samsi,Potato,Local,FAQ,19/05/2025,"1,200","1,220","1,210",12.10
West Bengal,Malda,Samsi,Rice,Fine,FAQ,19/05/2025,"5,100","5,200","5,150",51.50
West Bengal,Medinipur(W),Ghatal,Bitter gourd,Kareli,FAQ,19/05/2025,"2,200","2,400","2,300",23.00
West Bengal,Medinipur(W),Ghatal,Cucumbar(Kheera),Cucumbar,FAQ,19/05/2025,"2,600","2,800","2,700",27.00
West Bengal,Medinipur(W),Ghatal,Jute,TD-5,FAQ,19/05/2025,"5,500","5,700","5,600",56.00
West Bengal,Murshidabad,Kandi,Paddy(Dhan)(Common),I.R. 36,FAQ,19/05/2025,"2,300","2,350","2,320",23.20
West Bengal,Puruliya,Balarampur,Lentil (Masur)(Whole),Masur Dal,FAQ,19/05/2025,"9,800","10,800","10,400",104.00
West Bengal,Puruliya,Balarampur,Rice,Other,FAQ,19/05/2025,"4,100","4,300","4,200",42.00
West Bengal,Puruliya,Balarampur,Tomato,Other,FAQ,19/05/2025,"1,200","1,500","1,400",14.00
West Bengal,Sounth 24Parganas,Baruipur(Canning),Guava,Other,Medium,19/05/2025,"8,100","8,300","8,200",82.00
West Bengal,Uttar Dinajpur,Islampur,Potato,Local,FAQ,19/05/2025,"1,100","1,200","1,150",11.50
West Bengal,Uttar Dinajpur,Raiganj,Wheat,Local,FAQ,19/05/2025,"2,500","2,700","2,600",26.00
Andhra Pradesh,East Godavari,Ravulapelem,Banana,Desi(Bontha),Large,19/05/2025,"1,900","2,300","2,100",21.00
Andhra Pradesh,East Godavari,Ravulapelem,Banana,Karpura,Large,19/05/2025,"2,800","3,800","3,500",35.00
Gujarat,Amreli,Damnagar,Bhindi(Ladies Finger),Bhindi,FAQ,19/05/2025,"1,200","2,050","1,850",18.50
Gujarat,Amreli,Damnagar,Cabbage,Cabbage,FAQ,19/05/2025,300,"1,050",750,7.50
Gujarat,Amreli,Damnagar,Cauliflower,Cauliflower,FAQ,19/05/2025,"1,500","2,550","2,050",20.50
Gujarat,Amreli,Savarkundla,Bengal Gram(Gram)(Whole),Desi (Whole),FAQ,19/05/2025,"5,110","6,165","6,000",60.00
Gujarat,Amreli,Savarkundla,Cummin Seed(Jeera),Cummin Seed(Jeera),FAQ,19/05/2025,"18,550","20,805","19,750",197.50
Gujarat,Amreli,Savarkundla,Jowar(Sorghum),Jowar ( White),FAQ,19/05/2025,"2,025","3,700","3,350",33.50
Gujarat,Amreli,Savarkundla,"Sesamum(Sesame,Gingelly,Til)",White,Non-FAQ,19/05/2025,"8,000","11,300","10,500",105.00
Gujarat,Banaskanth,Vadgam,Bajra(Pearl Millet/Cumbu),Other,FAQ,19/05/2025,"2,315","2,315","2,315",23.15
Gujarat,Banaskanth,Vadgam,Castor Seed,Other,FAQ,19/05/2025,"6,000","6,140","6,140",61.40
Gujarat,Banaskanth,Vadgam,Wheat,Lokwan Gujrat,FAQ,19/05/2025,"2,305","2,305","2,305",23.05
Gujarat,Bharuch,Jambusar,Castor Seed,Other,FAQ,19/05/2025,"5,300","5,700","5,500",55.00
Gujarat,Bharuch,Jambusar,Wheat,Other,FAQ,19/05/2025,"2,800","3,200","3,000",30.00
Gujarat,Bharuch,Jambusar(Kaavi),Maize,Other,FAQ,19/05/2025,"2,000","2,400","2,200",22.00
Gujarat,Gandhinagar,Mansa(Manas Veg Yard),Bhindi(Ladies Finger),Other,FAQ,19/05/2025,"2,500","3,000","3,000",30.00
Gujarat,Junagarh,Bhesan,Soyabean,Other,FAQ,19/05/2025,"3,000","4,000","3,500",35.00
Gujarat,Navsari,Bilimora,Brinjal,Other,FAQ,19/05/2025,"1,500","2,250","1,900",19.00
Gujarat,Navsari,Bilimora,Cauliflower,Other,FAQ,19/05/2025,"3,000","4,000","3,500",35.00
Gujarat,Rajkot,Dhoraji,Bengal Gram(Gram)(Whole),Desi (Whole),Non-FAQ,19/05/2025,"4,880","5,255","5,155",51.55
Gujarat,Rajkot,Dhoraji,Groundnut,Local,Non-FAQ,19/05/2025,"3,805","5,005","4,955",49.55
Gujarat,Rajkot,Dhoraji,"Sesamum(Sesame,Gingelly,Til)",White,Non-FAQ,19/05/2025,"5,730","8,430","7,355",73.55
Gujarat,Rajkot,Dhoraji,Soyabean,Yellow,Non-FAQ,19/05/2025,"3,382","4,080","4,055",40.55
Gujarat,Rajkot,Dhoraji,Wheat,Lokwan,Non-FAQ,19/05/2025,"2,355","2,550","2,525",25.25
Gujarat,Rajkot,Rajkot(Veg.Sub Yard),Coriander(Leaves),Coriander,FAQ,19/05/2025,"1,000","2,500","1,750",17.50
Gujarat,Rajkot,Rajkot(Veg.Sub Yard),Ginger(Green),Green Ginger,FAQ,19/05/2025,"3,000","4,000","3,500",35.00
Gujarat,Sabarkantha,Modasa,Castor Seed,Castor seed,FAQ,19/05/2025,"6,005","6,075","6,075",60.75
Gujarat,Sabarkantha,Modasa,Kabuli Chana(Chickpeas-White),Other,FAQ,19/05/2025,"9,000","10,065","10,065",100.65
Gujarat,Sabarkantha,Modasa,Wheat,Lokwan Gujrat,FAQ,19/05/2025,"2,425","2,720","2,720",27.20
Gujarat,Sabarkantha,Modasa(Tintoi),Castor Seed,Castor seed,FAQ,19/05/2025,"5,900","5,975","5,975",59.75
Gujarat,Sabarkantha,Mahuva(Anaval),Mango,Keshar,Medium,19/05/2025,"4,750","5,250","5,000",50.00
Gujarat,Surat,Surat,Beetroot,Other,FAQ,19/05/2025,"1,300","1,900","1,600",16.00
Gujarat,Surat,Surat,Cluster beans,Other,FAQ,19/05/2025,"3,500","7,500","5,500",55.00
Gujarat,Surat,Surat,French Beans (Frasbean),Other,FAQ,19/05/2025,"8,000","9,000","8,500",85.00
Gujarat,Surat,Surat,Groundnut pods (raw),Other,FAQ,19/05/2025,"3,000","4,800","3,900",39.00
Gujarat,Surat,Surat,Little gourd (Kundru),Other,FAQ,19/05/2025,"2,500","5,000","3,750",37.50
Gujarat,Surat,Surat,Pegeon Pea (Arhar Fali),Other,FAQ,19/05/2025,"5,000","12,500","8,750",87.50
Gujarat,Surat,Surat,Pumpkin,Other,FAQ,19/05/2025,700,"1,200",950,9.50
Gujarat,Surat,Surat,Tomato,Other,FAQ,19/05/2025,600,"2,000","1,300",13.00
Gujarat,Surendranagar,Dhragradhra,Ajwan,Ajwan,FAQ,19/05/2025,"6,330","6,330","6,330",63.30
Gujarat,Surendranagar,Dhragradhra,Guar Seed(Cluster Beans Seed),Whole,FAQ,19/05/2025,"3,995","4,555","4,400",44.00
Gujarat,Surendranagar,Dhragradhra,Mustard,Mustard,FAQ,19/05/2025,"5,040","5,160","5,125",51.25
Gujarat,Surendranagar,Dhragradhra,Mustard,Sarson(Black),FAQ,19/05/2025,"5,890","5,890","5,890",58.90
Gujarat,Surendranagar,Vadhvan,Amaranthus,Amaranthus,FAQ,19/05/2025,"1,500","2,000","1,750",17.50
Gujarat,Surendranagar,Vadhvan,Banana - Green,Banana - Green,FAQ,19/05/2025,"1,000","1,500","1,250",12.50
Gujarat,Surendranagar,Vadhvan,Bitter gourd,Bitter Gourd,FAQ,19/05/2025,"3,500","4,000","3,750",37.50
Gujarat,Surendranagar,Vadhvan,Brinjal,Brinjal,FAQ,19/05/2025,"2,500","3,500","3,000",30.00
Gujarat,Surendranagar,Vadhvan,Garlic,Garlic,FAQ,19/05/2025,"10,000","10,500","10,250",102.50
Gujarat,Surendranagar,Vadhvan,Mango (Raw-Ripe),Mango - Raw-Ripe,FAQ,19/05/2025,"1,500","2,000","1,750",17.50
Gujarat,Surendranagar,Vadhvan,Peas Wet,Peas Wet,FAQ,19/05/2025,"8,500","9,000","8,750",87.50
Gujarat,Vadodara(Baroda),Padra,Bitter gourd,Other,FAQ,19/05/2025,"3,000","3,500","3,250",32.50
Gujarat,Vadodara(Baroda),Padra,Cowpea(Veg),Other,FAQ,19/05/2025,"3,500","4,000","3,750",37.50
Gujarat,Vadodara(Baroda),Padra,Green Chilli,Green Chilly,FAQ,19/05/2025,"1,500","3,000","2,250",22.50
Haryana,Fatehabad,Fatehabad,Chikoos(Sapota),Other,Large,19/05/2025,"2,000","2,000","2,000",20.00
Haryana,Gurgaon,Gurgaon,Cauliflower,Other,FAQ,19/05/2025,"1,000","2,000","1,500",15.00
Haryana,Gurgaon,Gurgaon,Mango,Other,Large,19/05/2025,"3,000","5,000","4,000",40.00
Haryana,Gurgaon,Gurgaon,Potato,Other,FAQ,19/05/2025,800,"1,000",900,9.00
Haryana,Gurgaon,Gurgaon,Potato,Other,Non-FAQ,19/05/2025,700,900,800,8.00
Haryana,Gurgaon,Gurgaon,Tomato,Other,FAQ,19/05/2025,"1,000","1,200","1,100",11.00
Haryana,Gurgaon,Gurgaon,Water Melon,Other,Large,19/05/2025,800,"1,000",900,9.00
Haryana,Hissar,Barwala(Hisar),Karbuja(Musk Melon),Other,Medium,19/05/2025,"1,250","1,300","1,300",13.00
Haryana,Hissar,Barwala(Hisar),Potato,Other,FAQ,19/05/2025,800,"1,000",900,9.00
Haryana,Hissar,Hansi,Spinach,Other,FAQ,19/05/2025,"1,000","1,500","1,300",13.00
Haryana,Kaithal,Dhand,Tomato,Deshi,FAQ,19/05/2025,"1,000","1,100","1,080",10.80
Haryana,Kaithal,Pehowa,Potato,Other,FAQ,19/05/2025,500,800,600,6.00
Haryana,Kurukshetra,Pipli,Onion,Local,FAQ,19/05/2025,305,955,820,8.20
Haryana,Mahendragarh-Narnaul,Narnaul,Cabbage,Cabbage,FAQ,19/05/2025,"1,000","1,000","1,000",10.00
Haryana,Mahendragarh-Narnaul,Narnaul,Cauliflower,Cauliflower,FAQ,19/05/2025,"2,000","2,000","2,000",20.00
Haryana,Mahendragarh-Narnaul,Narnaul,Onion,Onion,FAQ,19/05/2025,800,"1,000","1,000",10.00
Haryana,Mahendragarh-Narnaul,Narnaul,Pointed gourd (Parval),Pointed gourd (Parval),FAQ,19/05/2025,"2,000","2,000","2,000",20.00
Haryana,Mahendragarh-Narnaul,Narnaul,Potato,Potato,FAQ,19/05/2025,"1,200","1,200","1,200",12.00
Haryana,Mahendragarh-Narnaul,Narnaul,Tender Coconut,Tender Coconut,Medium,19/05/2025,"5,000","5,000","5,000",50.00
Haryana,Mahendragarh-Narnaul,Narnaul,Tinda,Tinda,FAQ,19/05/2025,"2,000","3,000","2,500",25.00
Haryana,Mahendragarh-Narnaul,Narnaul,Tomato,Tomato,FAQ,19/05/2025,500,"1,000",600,6.00
Haryana,Mewat,FerozpurZirkha(Nagina),Banana,Other,Small,19/05/2025,"2,000","2,400","2,200",22.00
Haryana,Mewat,FerozpurZirkha(Nagina),Mango,Other,Small,19/05/2025,"4,000","5,000","4,500",45.00
Haryana,Mewat,Punhana,Tomato,Other,FAQ,19/05/2025,800,800,800,8.00
Haryana,Mewat,Tauru,Banana,Other,Medium,19/05/2025,"2,000","2,000","2,000",20.00
Haryana,Mewat,Tauru,Green Chilli,Green Chilly,FAQ,19/05/2025,"2,000","2,000","2,000",20.00
Haryana,Rohtak,Meham,Bhindi(Ladies Finger),Bhindi,FAQ,19/05/2025,"2,000","2,000","2,000",20.00
Haryana,Rohtak,Meham,Potato,Other,FAQ,19/05/2025,700,800,750,7.50
Haryana,Sonipat,Ganaur,Cabbage,Cabbage,FAQ,19/05/2025,800,"1,000","1,000",10.00
Haryana,Sonipat,Ganaur,Capsicum,Capsicum,FAQ,19/05/2025,"2,000","2,500","2,200",22.00
Haryana,Sonipat,Ganaur,Coriander(Leaves),Coriander,FAQ,19/05/2025,"2,400","2,500","2,400",24.00
Haryana,Sonipat,Ganaur,Cucumbar(Kheera),Cucumbar,FAQ,19/05/2025,"1,400","1,500","1,400",14.00
Haryana,Sonipat,Ganaur,Ginger(Green),Green Ginger,FAQ,19/05/2025,"6,500","7,000","6,800",68.00
Haryana,Sonipat,Ganaur,Pumpkin,Pumpkin,FAQ,19/05/2025,800,"1,000","1,000",10.00
Haryana,Sonipat,Gohana,Brinjal,Other,FAQ,19/05/2025,"1,500","2,500","2,000",20.00
Haryana,Sonipat,Gohana,Green Chilli,Other,FAQ,19/05/2025,"2,000","4,000","3,000",30.00
Haryana,Sonipat,Gohana,Water Melon,Other,Large,19/05/2025,800,"1,500","1,000",10.00
Haryana,Yamuna Nagar,Radaur,Banana,Other,Medium,19/05/2025,"2,800","3,200","3,000",30.00
Haryana,Yamuna Nagar,Radaur,Lemon,Other,FAQ,19/05/2025,"4,000","5,000","4,500",45.00
Haryana,Yamuna Nagar,Radaur,Mousambi(Sweet Lime),Other,Medium,19/05/2025,"3,000","3,200","3,100",31.00
Haryana,Yamuna Nagar,Radaur,Water Melon,Other,Medium,19/05/2025,500,700,600,6.00
Haryana,Yamuna Nagar,Sadhaura,Apple,Other,Medium,19/05/2025,"12,000","12,000","12,000",120.00
Haryana,Yamuna Nagar,Sadhaura,Bottle gourd,Bottle Gourd,FAQ,19/05/2025,350,450,400,4.00
Himachal Pradesh,Chamba,Chamba,Bitter gourd,Other,FAQ,19/05/2025,"3,000","3,500","3,250",32.50
Himachal Pradesh,Chamba,Chamba,Bottle gourd,Other,FAQ,19/05/2025,"1,600","1,800","1,700",17.00
Himachal Pradesh,Chamba,Chamba,Brinjal,Other,FAQ,19/05/2025,"2,000","2,200","2,100",21.00
Himachal Pradesh,Chamba,Chamba,Cabbage,Other,FAQ,19/05/2025,"1,200","1,400","1,300",13.00
Himachal Pradesh,Chamba,Chamba,Lemon,Lemon,FAQ,19/05/2025,"12,000","14,000","13,000",130.00
Himachal Pradesh,Chamba,Chamba,Water Melon,Other,Medium,19/05/2025,"1,800","2,000","1,900",19.00
Himachal Pradesh,Hamirpur,Hamirpur,Bhindi(Ladies Finger),Other,FAQ,19/05/2025,"3,000","3,500","3,200",32.00
Himachal Pradesh,Hamirpur,Hamirpur,Capsicum,Other,FAQ,19/05/2025,"3,000","3,200","3,100",31.00
Himachal Pradesh,Hamirpur,Hamirpur,Green Chilli,Other,FAQ,19/05/2025,"4,000","5,000","4,500",45.00
Himachal Pradesh,Hamirpur,Hamirpur,Mousambi(Sweet Lime),Other,Medium,19/05/2025,"7,000","7,000","7,000",70.00
Himachal Pradesh,Kangra,Dharamshala,Capsicum,Other,FAQ,19/05/2025,"2,800","3,000","2,900",29.00
Himachal Pradesh,Kangra,Dharamshala,Tomato,Other,FAQ,19/05/2025,"1,200","1,400","1,300",13.00
Himachal Pradesh,Kangra,Kangra,Apple,Other,Medium,19/05/2025,"15,000","20,000","17,000",170.00
Himachal Pradesh,Kangra,Kangra,Cabbage,Other,FAQ,19/05/2025,"1,000","1,200","1,100",11.00
Himachal Pradesh,Kangra,Kangra,Capsicum,Other,FAQ,19/05/2025,"2,500","3,000","2,700",27.00
Himachal Pradesh,Kangra,Kangra,Garlic,Average,FAQ,19/05/2025,"8,000","9,000","8,500",85.00
Himachal Pradesh,Kangra,Kangra,Ginger(Green),Other,FAQ,19/05/2025,"5,500","6,000","5,700",57.00
Himachal Pradesh,Kangra,Kangra,Guava,Other,Medium,19/05/2025,"10,000","11,000","10,000",100.00
Himachal Pradesh,Kangra,Kangra,Mousambi(Sweet Lime),Other,Medium,19/05/2025,"5,000","6,000","5,500",55.00
Himachal Pradesh,Kangra,Kangra,Pineapple,Other,Medium,19/05/2025,"4,000","5,000","4,500",45.00
Himachal Pradesh,Kangra,Kangra,Potato,Other,FAQ,19/05/2025,"1,200","1,600","1,400",14.00
Himachal Pradesh,Kangra,Kangra,Pumpkin,Other,FAQ,19/05/2025,"1,000","1,500","1,200",12.00
Himachal Pradesh,Kangra,Kangra,Raddish,Other,FAQ,19/05/2025,"4,000","5,000","4,500",45.00
Himachal Pradesh,Kangra,Kangra(Baijnath),Green Chilli,Green Chilly,FAQ,19/05/2025,"3,000","3,500","3,300",33.00
Himachal Pradesh,Kangra,Kangra(Baijnath),Mango,Dusheri,Medium,19/05/2025,"7,000","7,500","7,200",72.00
Himachal Pradesh,Kangra,Kangra(Baijnath),Papaya,Other,Medium,19/05/2025,"3,500","3,700","3,600",36.00
Himachal Pradesh,Kangra,Kangra(Baijnath),Pomegranate,Other,Medium,19/05/2025,"11,500","13,000","12,300",123.00
Himachal Pradesh,Kangra,Kangra(Baijnath),Spinach,Other,FAQ,19/05/2025,"2,500","3,000","2,700",27.00
Himachal Pradesh,Kangra,Kangra(Jaisinghpur),Brinjal,Brinjal,FAQ,19/05/2025,"2,000","2,200","2,100",21.00
Himachal Pradesh,Kangra,Kangra(Jaisinghpur),Cauliflower,Cauliflower,FAQ,19/05/2025,"4,800","5,200","5,000",50.00
Himachal Pradesh,Kangra,Kangra(Jaisinghpur),Coriander(Leaves),Coriander,FAQ,19/05/2025,"4,000","4,200","4,100",41.00
Himachal Pradesh,Kangra,Kangra(Jaisinghpur),Ginger(Green),Green Ginger,FAQ,19/05/2025,"6,500","7,500","7,000",70.00
Himachal Pradesh,Kangra,Kangra(Jaisinghpur),Lemon,Lemon,FAQ,19/05/2025,"8,500","9,500","9,000",90.00
Himachal Pradesh,Kangra,Kangra(Jaisinghpur),Onion,1st Sort,FAQ,19/05/2025,"1,800","1,900","1,850",18.50
Himachal Pradesh,Kangra,Kangra(Jaisinghpur),Papaya,Other,Medium,19/05/2025,"4,200","4,600","4,400",44.00
Himachal Pradesh,Kangra,Kangra(Jaisinghpur),Tomato,Tomato,FAQ,19/05/2025,"1,500","1,800","1,700",17.00
Himachal Pradesh,Kangra,Kangra(Nagrota Bagwan),Banana,Amruthapani,Medium,19/05/2025,"4,000","4,500","4,200",42.00
Himachal Pradesh,Kangra,Kangra(Nagrota Bagwan),Bitter gourd,Bitter Gourd,FAQ,19/05/2025,"1,800","2,500","2,000",20.00
Himachal Pradesh,Kangra,Kangra(Nagrota Bagwan),Bottle gourd,Bottle Gourd,FAQ,19/05/2025,"1,000","1,500","1,200",12.00
Himachal Pradesh,Kangra,Kangra(Nagrota Bagwan),Carrot,Carrot,FAQ,19/05/2025,"1,600","2,000","1,800",18.00
Himachal Pradesh,Kangra,Kangra(Nagrota Bagwan),Ginger(Green),Green Ginger,FAQ,19/05/2025,"5,500","6,000","5,700",57.00
Himachal Pradesh,Kangra,Kangra(Nagrota Bagwan),Guava,Guava,Medium,19/05/2025,"9,000","10,000","9,500",95.00
Himachal Pradesh,Kangra,Kangra(Nagrota Bagwan),Mango,Other,Medium,19/05/2025,"4,500","7,500","5,500",55.00
Himachal Pradesh,Kangra,Kangra(Nagrota Bagwan),Papaya,Other,Medium,19/05/2025,"3,000","3,500","3,200",32.00
Himachal Pradesh,Kangra,Kangra(Nagrota Bagwan),Potato,Other,FAQ,19/05/2025,"1,000","1,500","1,200",12.00
Himachal Pradesh,Kangra,Palampur,Apple,Apple,Medium,19/05/2025,"14,000","16,000","15,500",155.00
Himachal Pradesh,Kangra,Palampur,Beetroot,Beetroot,FAQ,19/05/2025,"3,500","4,000","3,800",38.00
Himachal Pradesh,Kangra,Palampur,Bitter gourd,Other,FAQ,19/05/2025,"3,000","3,200","3,100",31.00
Himachal Pradesh,Kangra,Palampur,Bottle gourd,Bottle Gourd,FAQ,19/05/2025,"1,700","1,800","1,750",17.50
Himachal Pradesh,Kangra,Palampur,Cucumbar(Kheera),Other,FAQ,19/05/2025,"1,400","1,500","1,450",14.50
Himachal Pradesh,Kangra,Palampur,Green Chilli,Green Chilly,FAQ,19/05/2025,"2,800","3,000","2,900",29.00
Himachal Pradesh,Kangra,Palampur,Mango,Safeda,Medium,19/05/2025,"6,500","7,000","6,800",68.00
Himachal Pradesh,Kangra,Palampur,Mango,Totapuri,Medium,19/05/2025,"5,000","6,000","5,800",58.00
Himachal Pradesh,Kangra,Palampur,Pineapple,Other,Medium,19/05/2025,"4,500","5,000","4,800",48.00
Himachal Pradesh,Kangra,Palampur,Tinda,Tinda,FAQ,19/05/2025,"2,700","3,000","2,800",28.00
Himachal Pradesh,Kangra,Palampur,Water Melon,Other,Medium,19/05/2025,"1,400","1,500","1,450",14.50
Himachal Pradesh,Kullu,Kullu(Chauri Bihal),Cherry,Other,Medium,19/05/2025,"4,000","8,500","7,000",70.00
Himachal Pradesh,Kullu,Kullu(Chauri Bihal),Peas Wet,Other,FAQ,19/05/2025,"4,000","6,000","5,000",50.00
Himachal Pradesh,Solan,Solan(Nalagarh),Bitter gourd,Other,FAQ,19/05/2025,"2,500","3,000","2,800",28.00
Himachal Pradesh,Solan,Solan(Nalagarh),Cucumbar(Kheera),Other,FAQ,19/05/2025,"1,300","1,600","1,500",15.00
Himachal Pradesh,Solan,Solan(Nalagarh),Green Chilli,Other,FAQ,19/05/2025,"2,200","2,600","2,400",24.00
Himachal Pradesh,Solan,Solan(Nalagarh),Karbuja(Musk Melon),Karbhuja,Medium,19/05/2025,"1,400","1,800","1,600",16.00
Himachal Pradesh,Solan,Solan(Nalagarh),Onion,Other,FAQ,19/05/2025,"1,400","1,800","1,600",16.00
Himachal Pradesh,Solan,Solan(Nalagarh),Potato,Other,FAQ,19/05/2025,"1,100","1,300","1,200",12.00
Jammu andKashmir,Kathua,Kathua,Coriander(Leaves),Coriander,FAQ,19/05/2025,"2,000","2,500","2,250",22.50
Jammu andKashmir,Kathua,Kathua,Green Chilli,Other,FAQ,19/05/2025,"1,800","2,000","1,900",19.00
Jammu andKashmir,Kathua,Kathua,Indian Beans (Seam),Other,FAQ,19/05/2025,"8,000","9,000","8,500",85.00
Jammu andKashmir,Kathua,Kathua,Karbuja(Musk Melon),Other,Medium,19/05/2025,"1,000","1,200","1,100",11.00
Jammu andKashmir,Kathua,Kathua,Lemon,Other,FAQ,19/05/2025,"8,000","9,000","8,500",85.00
Jammu andKashmir,Kathua,Kathua,Mango,Totapuri,Medium,19/05/2025,"4,000","4,500","4,250",42.50
Jammu andKashmir,Kathua,Kathua,Raddish,Other,FAQ,19/05/2025,"1,500","2,000","1,750",17.50
Jammu andKashmir,Rajouri,Rajouri (F&V;),Banana,Other,Medium,19/05/2025,"6,000","6,200","6,100",61.00
Jammu andKashmir,Rajouri,Rajouri (F&V;),Bottle gourd,Other,FAQ,19/05/2025,"1,500","1,700","1,600",16.00
Jammu andKashmir,Rajouri,Rajouri (F&V;),Brinjal,Other,FAQ,19/05/2025,"2,500","2,700","2,600",26.00
Jammu andKashmir,Rajouri,Rajouri (F&V;),Mousambi(Sweet Lime),Mousambi,Medium,19/05/2025,"3,500","3,700","3,600",36.00
Kerala,Alappuzha,Chengannur,Bottle gourd,Other,FAQ,19/05/2025,"1,400","1,700","1,500",15.00
Kerala,Alappuzha,Chengannur,Capsicum,Other,FAQ,19/05/2025,0,0,"7,000",70.00
Kerala,Alappuzha,Chengannur,Cowpea(Veg),Cowpea (Veg),FAQ,19/05/2025,"3,400","3,700","3,500",35.00
Kerala,Alappuzha,Chengannur,Snakeguard,Other,FAQ,19/05/2025,"2,900","3,200","3,000",30.00
Kerala,Alappuzha,Cherthala,Bitter gourd,Other,FAQ,19/05/2025,"4,800","5,000","4,900",49.00
Kerala,Alappuzha,Cherthala,Cauliflower,Cauliflower,FAQ,19/05/2025,"3,500","3,700","3,600",36.00
Kerala,Alappuzha,Cherthala,Cucumbar(Kheera),Cucumbar,FAQ,19/05/2025,"2,500","2,700","2,600",26.00
Kerala,Alappuzha,Cherthala,Long Melon(Kakri),Other,FAQ,19/05/2025,"5,000","5,200","5,100",51.00
Kerala,Alappuzha,Cherthala,Onion,Big,FAQ,19/05/2025,"2,500","2,700","2,600",26.00
Kerala,Alappuzha,Harippad,Capsicum,Other,FAQ,19/05/2025,"7,000","7,600","7,000",70.00
Kerala,Alappuzha,Harippad,Ginger(Green),Other,FAQ,19/05/2025,"5,000","5,500","5,000",50.00
Kerala,Alappuzha,Mannar,Amphophalus,Other,FAQ,19/05/2025,"2,000","2,200","2,100",21.00
Kerala,Alappuzha,Mannar,Bhindi(Ladies Finger),Other,FAQ,19/05/2025,"3,100","3,300","3,200",32.00
Kerala,Alappuzha,Mannar,Cabbage,Other,FAQ,19/05/2025,"3,000","3,200","3,100",31.00
Kerala,Alappuzha,Mannar,Cucumbar(Kheera),Cucumbar,FAQ,19/05/2025,"2,000","2,200","2,100",21.00
Kerala,Alappuzha,Mannar,Ginger(Green),Other,FAQ,19/05/2025,"7,000","7,200","7,100",71.00
Kerala,Alappuzha,Mannar,Onion,Big,FAQ,19/05/2025,"2,200","2,400","2,300",23.00
Kerala,Alappuzha,Mannar,Potato,Other,FAQ,19/05/2025,"3,500","3,700","3,600",36.00
Kerala,Alappuzha,Mannar,Tomato,Other,FAQ,19/05/2025,"3,500","3,800","3,600",36.00
Kerala,Ernakulam,Angamaly,Amaranthus,Amaranthus,FAQ,19/05/2025,"2,500","3,500","3,000",30.00
Kerala,Ernakulam,Angamaly,Green Chilli,Green Chilly,FAQ,19/05/2025,"3,200","7,000","5,000",50.00
Kerala,Ernakulam,Angamaly,Pineapple,Pine Apple,Large,19/05/2025,"3,600","6,000","5,000",50.00
Kerala,Ernakulam,Angamaly,Potato,Potato,FAQ,19/05/2025,"3,400","4,000","3,800",38.00
Kerala,Ernakulam,Ernakulam,Banana,Nendra Bale,Large,19/05/2025,"5,100","5,300","5,200",52.00
Kerala,Ernakulam,Ernakulam,Tomato,Tomato,FAQ,19/05/2025,"2,600","2,800","2,700",27.00
Kerala,Ernakulam,Kunnukara VFPCK,Banana,Nendra Bale,Large,19/05/2025,"4,300","4,500","4,400",44.00
Kerala,Ernakulam,Malayattoor VFPCK,Banana,Palayamthodan,Large,19/05/2025,0,0,"2,900",29.00
Kerala,Ernakulam,Malayattoor VFPCK,Banana,Poovan,Large,19/05/2025,0,0,"5,000",50.00
Kerala,Ernakulam,North Paravur,Banana - Green,Banana - Green,FAQ,19/05/2025,"5,500","6,500","6,000",60.00
Kerala,Ernakulam,North Paravur,Capsicum,Capsicum,FAQ,19/05/2025,"5,000","6,000","5,500",55.00
Kerala,Ernakulam,North Paravur,Cauliflower,African Sarson,FAQ,19/05/2025,"3,500","4,000","3,800",38.00
Kerala,Ernakulam,North Paravur,Cowpea(Veg),Cowpea (Veg),FAQ,19/05/2025,"2,000","3,000","2,500",25.00
Kerala,Ernakulam,North Paravur,Ridgeguard(Tori),Other,FAQ,19/05/2025,"4,500","5,500","5,000",50.00
Kerala,Ernakulam,Perumbavoor,Black pepper,Garbled,FAQ,19/05/2025,"67,000","68,000","67,500",675.00
Kerala,Ernakulam,Perumbavoor,Bottle gourd,Bottle Gourd,FAQ,19/05/2025,"1,400","2,400","1,800",18.00
Kerala,Ernakulam,Perumbavoor,Cabbage,Cabbage,FAQ,19/05/2025,"1,800","2,800","2,300",23.00
Kerala,Ernakulam,Perumbavoor,Cauliflower,Cauliflower,FAQ,19/05/2025,"2,500","3,500","3,000",30.00
Kerala,Ernakulam,Perumbavoor,Coconut Seed,Coconut Seed,FAQ,19/05/2025,"6,000","7,000","6,500",65.00
Kerala,Ernakulam,Perumbavoor,Field Pea,Field Pea,FAQ,19/05/2025,"2,000","3,000","2,500",25.00
Kerala,Ernakulam,Perumbavoor,Ginger(Dry),Dry,FAQ,19/05/2025,"30,000","31,000","30,500",305.00
Kerala,Ernakulam,Perumbavoor,Little gourd (Kundru),Other,FAQ,19/05/2025,"2,000","3,000","2,500",25.00
Kerala,Ernakulam,Perumbavoor,Mango (Raw-Ripe),Mango - Raw-Ripe,FAQ,19/05/2025,"2,000","3,000","2,500",25.00
Kerala,Ernakulam,Thrippunithura,Banana - Green,Banana - Green,FAQ,19/05/2025,"5,000","7,000","5,200",52.00
Kerala,Ernakulam,Thrippunithura,Cluster beans,Cluster Beans,FAQ,19/05/2025,"4,500","6,000","4,800",48.00
Kerala,Ernakulam,Thrippunithura,Pumpkin,Pumpkin,FAQ,19/05/2025,"2,200","4,000","2,400",24.00
Kerala,Ernakulam,Thrippunithura,Snakeguard,Snakeguard,FAQ,19/05/2025,"4,300","5,000","4,500",45.00
Kerala,Ernakulam,Thrippunithura,Tomato,Tomato,FAQ,19/05/2025,"3,500","4,000","3,700",37.00
Kerala,Idukki,Munnar,Papaya,Other,Medium,19/05/2025,"3,500","4,000","4,000",40.00
Kerala,Idukki,Munnar,Potato,Other,FAQ,19/05/2025,"4,000","6,000","5,000",50.00
Kerala,Idukki,Munnar,Pumpkin,Other,FAQ,19/05/2025,"2,000","3,500","3,000",30.00
Kerala,Idukki,Munnar,Tomato,Other,FAQ,19/05/2025,"2,500","3,000","3,000",30.00
Kerala,Kannur,Kannur,Bhindi(Ladies Finger),Bhindi,FAQ,19/05/2025,"3,200","3,400","3,300",33.00
Kerala,Kannur,Thalasserry,Carrot,Carrot,FAQ,19/05/2025,"3,400","3,600","3,500",35.00
Kerala,Kannur,Thalasserry,Onion,1st Sort,FAQ,19/05/2025,"1,800","2,100","2,000",20.00
Kerala,Kottayam,Ettumanoor,Onion,Big,FAQ,19/05/2025,"2,100","2,300","2,200",22.00
Kerala,Kottayam,Ettumanoor,Potato,Potato,FAQ,19/05/2025,"3,200","3,400","3,300",33.00
Kerala,Kottayam,Ettumanoor,Snakeguard,Snakeguard,FAQ,19/05/2025,"3,700","4,000","3,800",38.00
Kerala,Kottayam,Pampady,Banana - Green,Banana - Green,FAQ,19/05/2025,"6,000","7,000","6,500",65.00
Kerala,Kottayam,Pampady,Bhindi(Ladies Finger),Bhindi,FAQ,19/05/2025,"3,300","4,500","4,000",40.00
Kerala,Kottayam,Pampady,Cauliflower,Other,FAQ,19/05/2025,"4,000","5,000","4,500",45.00
Kerala,Kottayam,Pampady,Cowpea(Veg),Other,FAQ,19/05/2025,"4,500","5,500","5,000",50.00
Kerala,Kottayam,Pampady,Cucumbar(Kheera),Other,FAQ,19/05/2025,"1,500","2,500","2,000",20.00
Kerala,Kottayam,Pampady,Potato,Other,FAQ,19/05/2025,"3,300","4,500","4,000",40.00
Kerala,Kottayam,Pampady,Tomato,Other,FAQ,19/05/2025,"2,800","4,000","3,000",30.00
Kerala,Kozhikode(Calicut),Mukkom,Amaranthus,Amaranthus,FAQ,19/05/2025,"2,400","2,800","2,600",26.00
Kerala,Kozhikode(Calicut),Mukkom,Banana - Green,Banana - Green,FAQ,19/05/2025,"3,500","4,200","4,000",40.00
Kerala,Kozhikode(Calicut),Mukkom,Bitter gourd,Bitter Gourd,FAQ,19/05/2025,"7,000","7,400","7,200",72.00
Kerala,Kozhikode(Calicut),Mukkom,Bottle gourd,Bottle Gourd,FAQ,19/05/2025,"2,400","2,600","2,500",25.00
Kerala,Kozhikode(Calicut),Mukkom,Brinjal,Brinjal,FAQ,19/05/2025,"3,000","3,600","3,400",34.00
Kerala,Kozhikode(Calicut),Mukkom,Tomato,Tomato,FAQ,19/05/2025,"1,800","2,100","2,000",20.00
Kerala,Kozhikode(Calicut),Palayam,Amphophalus,Other,FAQ,19/05/2025,"6,000","6,000","6,000",60.00
Kerala,Kozhikode(Calicut),Palayam,Coconut Seed,Other,FAQ,19/05/2025,"6,800","6,800","6,800",68.00
Kerala,Kozhikode(Calicut),Palayam,French Beans (Frasbean),Other,FAQ,19/05/2025,"6,500","6,500","6,500",65.00
Kerala,Kozhikode(Calicut),Palayam,Onion,Other,FAQ,19/05/2025,"1,700","1,700","1,700",17.00
Kerala,Kozhikode(Calicut),Perambra,Amphophalus,Amphophalus,FAQ,19/05/2025,"7,200","8,000","7,500",75.00
Kerala,Kozhikode(Calicut),Perambra,Beetroot,Other,FAQ,19/05/2025,"4,500","5,500","5,000",50.00
Kerala,Kozhikode(Calicut),Perambra,Potato,Other,FAQ,19/05/2025,"2,500","2,800","2,700",27.00
Kerala,Kozhikode(Calicut),Quilandy,Amphophalus,Other,FAQ,19/05/2025,"6,300","6,500","6,400",64.00
Kerala,Kozhikode(Calicut),Quilandy,Banana - Green,Other,FAQ,19/05/2025,"4,400","4,500","4,500",45.00
Kerala,Kozhikode(Calicut),Quilandy,Green Chilli,Other,FAQ,19/05/2025,"4,200","4,500","4,400",44.00
Kerala,Kozhikode(Calicut),Quilandy,Onion,Other,FAQ,19/05/2025,"2,100","2,200","2,100",21.00
Kerala,Kozhikode(Calicut),Vengeri(Kozhikode),Cucumbar(Kheera),Cucumbar,FAQ,19/05/2025,"2,600","2,900","2,900",29.00
Kerala,Kozhikode(Calicut),Vengeri(Kozhikode),Pumpkin,Pumpkin,FAQ,19/05/2025,900,"1,200","1,200",12.00
Kerala,Malappuram,Kottakkal,Banana,Nendra Bale,Large,19/05/2025,"5,600","5,800","5,700",57.00
Kerala,Malappuram,Kottakkal,Beans,Other,FAQ,19/05/2025,"8,800","9,000","8,900",89.00
Kerala,Malappuram,Kottakkal,Brinjal,Other,FAQ,19/05/2025,"1,800","2,000","1,900",19.00
Kerala,Malappuram,Kottakkal,Capsicum,Other,FAQ,19/05/2025,"4,400","4,600","4,500",45.00
Kerala,Malappuram,Kottakkal,Drumstick,Other,FAQ,19/05/2025,"7,300","7,500","7,400",74.00
Kerala,Malappuram,Kottakkal,Guava,Banarasi,Large,19/05/2025,"5,600","5,800","5,700",57.00
Kerala,Malappuram,Kottakkal,Water Melon,Other,Large,19/05/2025,"1,200","1,400","1,300",13.00
Kerala,Malappuram,Perinthalmanna,Banana,Other,Large,19/05/2025,"5,500","6,400","6,000",60.00
Kerala,Malappuram,Perinthalmanna,Cauliflower,Cauliflower,FAQ,19/05/2025,"2,500","3,000","2,800",28.00
Kerala,Malappuram,Perinthalmanna,Green Chilli,Green Chilly,FAQ,19/05/2025,"3,500","4,500","4,000",40.00
Kerala,Palakad,Koduvayoor,Beetroot,Other,FAQ,19/05/2025,"3,500","3,900","3,700",37.00
Kerala,Palakad,Koduvayoor,Brinjal,Other,FAQ,19/05/2025,"2,400","2,800","2,600",26.00
Kerala,Palakad,Koduvayoor,Cluster beans,Other,FAQ,19/05/2025,"2,800","3,200","3,000",30.00
Kerala,Palakad,Koduvayoor,French Beans (Frasbean),Other,FAQ,19/05/2025,"8,500","8,900","8,700",87.00
Kerala,Palakad,Koduvayoor,Green Avare (W),Other,FAQ,19/05/2025,"6,800","7,200","7,000",70.00
Kerala,Palakad,Koduvayoor,Lime,Other,Medium,19/05/2025,"9,000","9,400","9,200",92.00
Kerala,Palakad,Koduvayoor,Mango,Other,Medium,19/05/2025,"1,000","1,800","1,400",14.00
Kerala,Palakad,Koduvayoor,Snakeguard,Other,FAQ,19/05/2025,"2,600","3,000","2,800",28.00
Kerala,Palakad,Koduvayoor,Tomato,Other,FAQ,19/05/2025,"2,000","2,400","2,200",22.00
Kerala,Thirssur,Irinjalakkuda,Ashgourd,Other,FAQ,19/05/2025,"2,000","2,000","2,000",20.00
Kerala,Thirssur,Irinjalakkuda,Banana,Other,Large,19/05/2025,"5,500","5,500","5,500",55.00
Kerala,Thirssur,Thrissur,Amaranthus,Amaranthus,FAQ,19/05/2025,"1,800","1,800","1,800",18.00
Kerala,Thirssur,Thrissur,Elephant Yam (Suran),Other,FAQ,19/05/2025,"5,100","5,100","5,100",51.00
Kerala,Thirssur,Thrissur,Lemon,Other,FAQ,19/05/2025,"10,000","10,000","10,000",100.00
Kerala,Thirssur,Thrissur,Mango (Raw-Ripe),Mango - Raw-Ripe,FAQ,19/05/2025,"3,500","3,500","3,500",35.00
Kerala,Thirssur,Thrissur,Onion,Onion,FAQ,19/05/2025,"2,000","2,000","2,000",20.00
Kerala,Thirssur,Thrissur,Tomato,Tomato,FAQ,19/05/2025,"1,500","1,500","1,500",15.00
Kerala,Thiruvananthapuram,Parassala,Bhindi(Ladies Finger),Other,FAQ,19/05/2025,"2,800","3,000","2,800",28.00
Kerala,Thiruvananthapuram,Parassala,Drumstick,Drumstick,FAQ,19/05/2025,"5,800","6,000","5,800",58.00
Kerala,Thiruvananthapuram,Parassala,Tomato,Tomato,FAQ,19/05/2025,"2,800","3,000","2,800",28.00
Nagaland,Kohima,Kohima,Cabbage,Cabbage,FAQ,19/05/2025,"4,000","4,200","4,100",41.00
Nagaland,Kohima,Kohima,Potato,Potato,FAQ,19/05/2025,"4,000","4,200","4,100",41.00
Odisha,Balasore,Jaleswar,Garlic,Other,FAQ,19/05/2025,"5,800","6,200","6,000",60.00
Odisha,Balasore,Jaleswar,Pointed gourd (Parval),Other,FAQ,19/05/2025,"2,000","2,400","2,200",22.00
Odisha,Balasore,Nilagiri,Pumpkin,Other,FAQ,19/05/2025,700,800,750,7.50
Odisha,Balasore,Nilagiri,Water Melon,Other,Medium,19/05/2025,"1,400","1,500","1,450",14.50
Odisha,Bargarh,Attabira,Bhindi(Ladies Finger),Bhindi,FAQ,19/05/2025,"3,500","4,000","3,500",35.00
Odisha,Bargarh,Attabira,Bitter gourd,Bitter Gourd,FAQ,19/05/2025,"3,500","4,000","3,500",35.00
Odisha,Bargarh,Attabira,Green Chilli,Other,FAQ,19/05/2025,"5,000","6,000","5,500",55.00
Odisha,Bargarh,Attabira,Little gourd (Kundru),Other,FAQ,19/05/2025,"2,500","3,000","2,500",25.00
Odisha,Bargarh,Attabira,Pumpkin,Other,FAQ,19/05/2025,"1,200","1,300","1,200",12.00
Odisha,Bargarh,Godabhaga,Paddy(Dhan)(Common),Other,FAQ,19/05/2025,"2,300","2,320","2,300",23.00
Odisha,Boudh,Boudh,Banana - Green,Banana - Green,FAQ,19/05/2025,"3,500","4,200","4,000",40.00
Odisha,Boudh,Boudh,Tomato,Other,FAQ,19/05/2025,"1,800","2,200","2,000",20.00
Odisha,Boudh,Khunthabandha,Cauliflower,Other,FAQ,19/05/2025,"2,000","2,800","2,500",25.00
Odisha,Boudh,Khunthabandha,Tomato,Other,FAQ,19/05/2025,"1,200","1,800","1,500",15.00
Odisha,Dhenkanal,Hindol,Bhindi(Ladies Finger),Bhindi,FAQ,19/05/2025,"2,000","2,500","2,200",22.00
Odisha,Dhenkanal,Hindol,Onion,Other,Non-FAQ,19/05/2025,"1,500","2,000","1,800",18.00
Odisha,Dhenkanal,Kamakhyanagar,Onion,Onion,Non-FAQ,19/05/2025,"1,900","2,100","2,000",20.00
Odisha,Dhenkanal,Kamakhyanagar,Pumpkin,Pumpkin,FAQ,19/05/2025,"1,000","1,200","1,000",10.00
Odisha,Ganjam,Bhanjanagar,Banana - Green,Banana - Green,FAQ,19/05/2025,"2,200","2,400","2,300",23.00
Odisha,Ganjam,Bhanjanagar,Green Chilli,Green Chilly,FAQ,19/05/2025,"3,200","3,400","3,300",33.00
Odisha,Jagatsinghpur,Rahama,Brinjal,Other,FAQ,19/05/2025,"3,000","5,000","4,000",40.00
Odisha,Jagatsinghpur,Rahama,Fish,Other,FAQ,19/05/2025,"12,000","43,000","18,000",180.00
Odisha,Jagatsinghpur,Rahama,Pumpkin,Other,FAQ,19/05/2025,"1,500","3,000","2,000",20.00
Odisha,Jagatsinghpur,Rahama,Rice,Other,FAQ,19/05/2025,"3,200","6,000","4,000",40.00
Odisha,Mayurbhanja,Karanjia,Fish,Other,FAQ,19/05/2025,"18,000","19,000","19,000",190.00
Odisha,Mayurbhanja,Karanjia,Rice,Other,FAQ,19/05/2025,"3,400","3,500","3,500",35.00
Odisha,Nayagarh,Bahadajholla,Cauliflower,Other,FAQ,19/05/2025,"2,865","3,000","2,970",29.70
Odisha,Nayagarh,Bahadajholla,Cucumbar(Kheera),Cucumbar,FAQ,19/05/2025,"3,875","4,000","4,000",40.00
Odisha,Rayagada,Rayagada(Muniguda),Pumpkin,Other,FAQ,19/05/2025,"2,000","3,000","2,500",25.00
Odisha,Sundergarh,Panposh,Bitter gourd,Other,FAQ,19/05/2025,"3,500","4,000","3,800",38.00
Odisha,Sundergarh,Panposh,Bottle gourd,Other,FAQ,19/05/2025,"2,000","2,400","2,200",22.00
Odisha,Sundergarh,Panposh,Cucumbar(Kheera),Other,FAQ,19/05/2025,"3,000","3,800","3,400",34.00
Odisha,Sundergarh,Panposh,Green Chilli,Other,FAQ,19/05/2025,"4,000","5,000","4,500",45.00
Odisha,Sundergarh,Sargipali,Bitter gourd,Bitter Gourd,FAQ,19/05/2025,"3,000","3,500","3,200",32.00
Odisha,Sundergarh,Sargipali,Cucumbar(Kheera),Other,FAQ,19/05/2025,"1,800","2,200","2,000",20.00
Odisha,Sundergarh,Sargipali,Green Chilli,Other,FAQ,19/05/2025,"4,800","5,200","5,000",50.00
Punjab,Amritsar,Rayya,Brinjal,Brinjal,FAQ,19/05/2025,900,900,900,9.00
Punjab,Amritsar,Rayya,Onion,Red,FAQ,19/05/2025,"2,000","2,000","2,000",20.00
Punjab,Fazilka,Fazilka,Green Chilli,Other,FAQ,19/05/2025,"1,500","2,500","2,000",20.00
Punjab,Fazilka,Fazilka,Onion,Other,FAQ,19/05/2025,"1,000","1,800","1,500",15.00
Punjab,Gurdaspur,Kalanaur,Bhindi(Ladies Finger),Other,FAQ,19/05/2025,"5,000","5,000","5,000",50.00
Punjab,Gurdaspur,Kalanaur,Capsicum,Capsicum,FAQ,19/05/2025,"5,000","5,000","5,000",50.00
Punjab,Hoshiarpur,Garh Shankar,Apple,Other,Medium,19/05/2025,"8,000","9,000","8,500",85.00
Punjab,Hoshiarpur,Garh Shankar,Lemon,Other,FAQ,19/05/2025,"4,500","6,000","5,000",50.00
Punjab,Hoshiarpur,Garh Shankar,Onion,Other,Non-FAQ,19/05/2025,900,"1,100","1,000",10.00
Punjab,Hoshiarpur,Garh Shankar,Pomegranate,Other,Medium,19/05/2025,"4,500","6,000","5,500",55.00
Punjab,Hoshiarpur,Mukerian(Talwara),Potato,Potato,FAQ,19/05/2025,800,"1,200","1,000",10.00
Punjab,Hoshiarpur,Tanda Urmur,Cabbage,Other,FAQ,19/05/2025,"1,000","1,500","1,200",12.00
Punjab,Hoshiarpur,Tanda Urmur,Garlic,Other,FAQ,19/05/2025,"8,000","10,000","9,000",90.00
Punjab,Hoshiarpur,Tanda Urmur,Tinda,Other,FAQ,19/05/2025,"2,500","3,000","2,800",28.00
Punjab,Hoshiarpur,Nakodar,Bitter gourd,Other,FAQ,19/05/2025,"1,800","2,200","2,000",20.00
Punjab,Ludhiana,Doraha,Onion,Other,Non-FAQ,19/05/2025,"1,000","1,800","1,500",15.00
Punjab,Ludhiana,Khanna,Cauliflower,Other,FAQ,19/05/2025,"2,000","3,000","2,500",25.00
Punjab,Ludhiana,Khanna,Garlic,Other,FAQ,19/05/2025,"3,500","8,000","5,000",50.00
Punjab,Ludhiana,Khanna,Ginger(Green),Other,FAQ,19/05/2025,"2,000","4,000","3,000",30.00
Punjab,Ludhiana,Khanna,Onion,Other,FAQ,19/05/2025,800,"1,800","1,200",12.00
Punjab,Ludhiana,Sahnewal,Cucumbar(Kheera),Cucumbar,FAQ,19/05/2025,800,"1,000","1,000",10.00
Punjab,Moga,Kot ise Khan,Cucumbar(Kheera),Other,FAQ,19/05/2025,500,700,600,6.00
Punjab,Moga,Kot ise Khan,Potato,Other,FAQ,19/05/2025,"1,000","1,200","1,100",11.00
Punjab,Moga,Kot ise Khan,Water Melon,Other,Medium,19/05/2025,800,"1,000",900,9.00
Punjab,Moga,Nihal Singh Wala,Cucumbar(Kheera),Other,FAQ,19/05/2025,500,"1,500","1,000",10.00
Punjab,Moga,Nihal Singh Wala,Papaya,Other,Large,19/05/2025,"2,800","3,200","3,000",30.00
Punjab,Moga,Nihal Singh Wala,Potato,Other,FAQ,19/05/2025,"1,000","1,400","1,200",12.00
Punjab,Nawanshahr,Nawan Shahar(Subzi Mandi),Bitter gourd,Other,FAQ,19/05/2025,"1,500","1,800","1,700",17.00
Punjab,Nawanshahr,Nawan Shahar(Subzi Mandi),Brinjal,Other,FAQ,19/05/2025,"1,500","1,600","1,530",15.30
Punjab,Nawanshahr,Nawan Shahar(Subzi Mandi),Cauliflower,Other,FAQ,19/05/2025,"3,500","4,000","3,700",37.00
Punjab,Nawanshahr,Nawan Shahar(Subzi Mandi),Coriander(Leaves),Other,FAQ,19/05/2025,"3,500","4,000","3,800",38.00
Punjab,Nawanshahr,Nawan Shahar(Subzi Mandi),Cucumbar(Kheera),Cucumbar,FAQ,19/05/2025,"1,600","1,900","1,700",17.00
Punjab,Nawanshahr,Nawan Shahar(Subzi Mandi),Peach,Other,Medium,19/05/2025,"3,700","4,000","3,800",38.00
Punjab,Pathankot,Pathankot,Capsicum,Capsicum,FAQ,19/05/2025,"1,600","1,800","1,800",18.00
Punjab,Pathankot,Pathankot,Cucumbar(Kheera),Cucumbar,FAQ,19/05/2025,600,800,800,8.00
Punjab,Pathankot,Pathankot,Grapes,Black,Medium,19/05/2025,"7,500","8,000","8,000",80.00
Punjab,Pathankot,Pathankot,Karbuja(Musk Melon),Other,Medium,19/05/2025,"2,000","2,200","2,200",22.00
Punjab,Pathankot,Pathankot,Lemon,Lemon,FAQ,19/05/2025,"6,800","7,000","7,000",70.00
Punjab,Pathankot,Pathankot,Mousambi(Sweet Lime),Mousambi,Medium,19/05/2025,"5,500","6,000","6,000",60.00
Punjab,Ropar (Rupnagar),Morinda,Banana,Medium,Medium,19/05/2025,"2,500","3,000","2,800",28.00
Punjab,Ropar (Rupnagar),Morinda,Bitter gourd,Bitter Gourd,FAQ,19/05/2025,"2,000","2,500","2,300",23.00
Punjab,Ropar (Rupnagar),Morinda,Ginger(Green),Green Ginger,FAQ,19/05/2025,"5,000","6,000","5,500",55.00
Punjab,Ropar (Rupnagar),Morinda,Karbuja(Musk Melon),Karbhuja,Medium,19/05/2025,"1,000","1,000","1,000",10.00
Punjab,Ropar (Rupnagar),Morinda,Mango,Dusheri,Medium,19/05/2025,"8,000","8,000","8,000",80.00
Punjab,Ropar (Rupnagar),Morinda,Pomegranate,Pomogranate,Medium,19/05/2025,"10,000","10,000","10,000",100.00
Punjab,Ropar (Rupnagar),Morinda,Potato,Potato,FAQ,19/05/2025,700,900,800,8.00
Punjab,Ropar (Rupnagar),Morinda,Pumpkin,Pumpkin,FAQ,19/05/2025,800,900,850,8.50
Punjab,Sangrur,Ahmedgarh,Cucumbar(Kheera),Other,FAQ,19/05/2025,"1,000","1,200","1,200",12.00
Punjab,Sangrur,Ahmedgarh,Squash(Chappal Kadoo),Other,FAQ,19/05/2025,700,800,800,8.00
Punjab,Tarntaran,Patti,Banana,Other,Medium,19/05/2025,"3,000","3,500","3,200",32.00
Punjab,Tarntaran,Patti,Bhindi(Ladies Finger),Other,FAQ,19/05/2025,"1,200","1,600","1,400",14.00
Punjab,Tarntaran,Patti,Brinjal,Other,FAQ,19/05/2025,500,580,530,5.30
Punjab,Tarntaran,Patti,Cucumbar(Kheera),Other,FAQ,19/05/2025,400,500,450,4.50
Punjab,Tarntaran,Patti,Onion,Other,FAQ,19/05/2025,"1,200","1,600","1,400",14.00
Punjab,Tarntaran,Patti,Tinda,Other,FAQ,19/05/2025,"1,200","1,600","1,400",14.00
Punjab,Tarntaran,Patti,Tomato,Other,FAQ,19/05/2025,"1,200","1,600","1,400",14.00
Rajasthan,Beawar,Beawar,Kulthi(Horse Gram),Other,FAQ,19/05/2025,"5,300","5,350","5,325",53.25
Rajasthan,Chittorgarh,Kapasan,Wheat,Lokwan,FAQ,19/05/2025,"2,400","2,800","2,600",26.00
Rajasthan,Deeg,Sikri,Mustard,Big 100 Kg,Non-FAQ,19/05/2025,"5,780","6,200","5,990",59.90
Rajasthan,Ganganagar,Sriganganagar (F&V;),Cauliflower,Other,FAQ,19/05/2025,700,900,800,8.00
Rajasthan,Ganganagar,Sriganganagar (F&V;),Garlic,Garlic,FAQ,19/05/2025,"8,300","8,700","8,500",85.00
Rajasthan,Ganganagar,Sriganganagar (F&V;),Lime,Other,Medium,19/05/2025,"8,800","9,200","9,000",90.00
Rajasthan,Ganganagar,Sriganganagar (F&V;),Onion,Other,FAQ,19/05/2025,900,"1,300","1,100",11.00
Rajasthan,Ganganagar,Sriganganagar (F&V;),Sponge gourd,Sponge gourd,FAQ,19/05/2025,"2,000","2,400","2,200",22.00
Rajasthan,Ganganagar,Suratgarh,Guar,Other,FAQ,19/05/2025,"4,470","4,470","4,470",44.70
Rajasthan,Ganganagar,Suratgarh,Onion,1st Sort,FAQ,19/05/2025,650,800,700,7.00
Rajasthan,Ganganagar,Suratgarh,Wheat,Other,FAQ,19/05/2025,"2,485","2,545","2,532",25.32
Rajasthan,Jaipur,Jaipur (F&V;),Bhindi(Ladies Finger),Other,FAQ,19/05/2025,"1,500","3,000","2,250",22.50
Rajasthan,Jaipur,Jaipur (F&V;),Bottle gourd,Bottle Gourd,FAQ,19/05/2025,800,"1,000",900,9.00
Rajasthan,Jaipur,Jaipur (F&V;),Cluster beans,Cluster Beans,FAQ,19/05/2025,"3,000","4,000","3,500",35.00
Rajasthan,Jaipur,Jaipur (F&V;),Coriander(Leaves),Coriander,FAQ,19/05/2025,"1,000","1,500","1,250",12.50
Rajasthan,Jaipur,Jaipur (F&V;),Cucumbar(Kheera),Cucumbar,FAQ,19/05/2025,"1,300","1,400","1,350",13.50
Rajasthan,Jaipur,Jaipur (F&V;),Mango,Badami,Medium,19/05/2025,"3,000","5,500","4,250",42.50
Rajasthan,Jaipur,Jaipur (F&V;),Mousambi(Sweet Lime),Other,Medium,19/05/2025,"2,700","4,500","3,600",36.00
Rajasthan,Jaipur,Jaipur (F&V;),Onion,Other,FAQ,19/05/2025,700,"1,400","1,050",10.50
Rajasthan,Jaipur,Jaipur (F&V;),Papaya,Other,Medium,19/05/2025,"2,000","4,000","3,000",30.00
Rajasthan,Jaipur Rural,Bassi,Bajra(Pearl Millet/Cumbu),Other,Non-FAQ,19/05/2025,"2,210","2,350","2,280",22.80
Rajasthan,Jaipur Rural,Bassi,Potato,Other,Non-FAQ,19/05/2025,"1,800","2,000","1,900",19.00
Rajasthan,Jodhpur,Jodhpur (Grain),Cummin Seed(Jeera),Other,FAQ,19/05/2025,"18,800","21,000","19,900",199.00
Rajasthan,Jodhpur,Jodhpur (Grain),Dry Chillies,Other,FAQ,19/05/2025,"12,500","21,000","16,750",167.50
Rajasthan,Jodhpur,Jodhpur (Grain),Garlic,Average,FAQ,19/05/2025,"5,000","9,000","7,000",70.00
Rajasthan,Jodhpur,Jodhpur (Grain),Isabgul (Psyllium),Other,FAQ,19/05/2025,"9,900","11,500","10,700",107.00
Rajasthan,Jodhpur,Kota,Black Gram (Urd Beans)(Whole),Other,FAQ,19/05/2025,"4,480","6,805","6,300",63.00
Rajasthan,Kota,Kota,Green Peas,Other,FAQ,19/05/2025,"2,851","3,501","3,500",35.00
Rajasthan,Kota,Kota,Maize,Other,FAQ,19/05/2025,"2,125","2,232","2,200",22.00
Telangana,Hyderabad,Mahboob Manison,Bottle gourd,Bottle Gourd,FAQ,19/05/2025,200,400,300,3.00
Telangana,Hyderabad,Mahboob Manison,Brinjal,Arkasheela Mattigulla,FAQ,19/05/2025,"2,500","2,500","2,500",25.00
Telangana,Hyderabad,Mahboob Manison,Onion,2nd Sort,FAQ,19/05/2025,"1,000","1,300","1,200",12.00
Telangana,Mahbubnagar,Gadwal(Lezza),Paddy(Dhan)(Common),Paddy,FAQ,19/05/2025,"1,800","2,400","2,300",23.00
Telangana,Ranga Reddy,Kukatpally(Rythu Bazar),Bottle gourd,Bottle Gourd,FAQ,19/05/2025,900,900,900,9.00
Telangana,Ranga Reddy,Kukatpally(Rythu Bazar),Drumstick,Drumstick,FAQ,19/05/2025,"4,000","4,000","4,000",40.00
Telangana,Ranga Reddy,Kukatpally(Rythu Bazar),French Beans (Frasbean),French Beans (Frasbean),FAQ,19/05/2025,"8,500","8,500","8,500",85.00
Telangana,Ranga Reddy,Kukatpally(Rythu Bazar),Onion,1st Sort,FAQ,19/05/2025,"1,700","1,700","1,700",17.00
Telangana,Ranga Reddy,Kukatpally(Rythu Bazar),Sweet Potato,Hosur Green,FAQ,19/05/2025,"1,800","1,800","1,800",18.00
Telangana,Ranga Reddy,Mehndipatnam(Rythu Bazar),Cucumbar(Kheera),Cucumbar,FAQ,19/05/2025,"1,800","1,800","1,800",18.00
Telangana,Ranga Reddy,Mehndipatnam(Rythu Bazar),Drumstick,Drumstick,FAQ,19/05/2025,500,500,500,5.00
Telangana,Ranga Reddy,Mehndipatnam(Rythu Bazar),French Beans (Frasbean),French Beans (Frasbean),FAQ,19/05/2025,"8,500","8,500","8,500",85.00
Telangana,Ranga Reddy,Mehndipatnam(Rythu Bazar),Green Chilli,Green Chilly,FAQ,19/05/2025,"4,000","4,000","4,000",40.00
Telangana,Ranga Reddy,Mehndipatnam(Rythu Bazar),Tomato,Deshi,Non-FAQ,19/05/2025,"1,300","1,300","1,300",13.00
Telangana,Warangal,Warangal,Capsicum,Capsicum,FAQ,19/05/2025,"4,000","4,500","4,250",42.50
Telangana,Warangal,Warangal,Cluster beans,Cluster Beans,FAQ,19/05/2025,"2,500","3,000","2,750",27.50
Tripura,Gomati,Nutanbazar,Green Chilli,Green Chilly,FAQ,19/05/2025,"5,850","6,000","5,950",59.50
Tripura,Gomati,Nutanbazar,Potato,Local,FAQ,19/05/2025,"2,350","2,500","2,450",24.50
Tripura,Khowai,Teliamura,Banana,Champa,Medium,19/05/2025,"3,300","3,500","3,400",34.00
Tripura,Khowai,Teliamura,Bitter gourd,Bitter Gourd,FAQ,19/05/2025,"4,700","5,000","4,800",48.00
Tripura,Khowai,Teliamura,Kartali (Kantola),Kartali (Kantola),FAQ,19/05/2025,"4,300","4,500","4,400",44.00
Tripura,Khowai,Teliamura,Rice,Masuri,FAQ,19/05/2025,"3,800","3,950","3,900",39.00
Tripura,Khowai,Teliamura,Tomato,Deshi,FAQ,19/05/2025,"2,700","2,900","2,800",28.00
Tripura,North Tripura,Dasda,Brinjal,Round/Long,FAQ,19/05/2025,"2,500","3,000","2,750",27.50
Tripura,South District,Barpathari,Kartali (Kantola),Kartali (Kantola),FAQ,19/05/2025,"5,900","6,100","6,000",60.00
Uttar Pradesh,Agra,Achnera,Onion,Red,FAQ,19/05/2025,"1,160","1,240","1,200",12.00
Uttar Pradesh,Agra,Achnera,Potato,Desi,FAQ,19/05/2025,"1,080","1,280","1,180",11.80
Uttar Pradesh,Agra,Fatehabad,Bajra(Pearl Millet/Cumbu),Deshi,FAQ,19/05/2025,"2,000","2,200","2,200",22.00
Uttar Pradesh,Agra,Fatehabad,Onion,Red,FAQ,19/05/2025,900,"1,200","1,200",12.00
Uttar Pradesh,Aligarh,Charra,Pumpkin,Pumpkin,FAQ,19/05/2025,600,700,650,6.50
Uttar Pradesh,Aligarh,Charra,Tomato,Deshi,FAQ,19/05/2025,"1,000","1,200","1,100",11.00
Uttar Pradesh,Aligarh,Amroha,Brinjal,Round/Long,FAQ,19/05/2025,"1,150","1,280","1,210",12.10
Uttar Pradesh,Amroha,Amroha,Garlic,Garlic,FAQ,19/05/2025,"5,900","6,000","5,950",59.50
Uttar Pradesh,Amroha,Amroha,Gur(Jaggery),Yellow,FAQ,19/05/2025,"3,950","4,070","4,020",40.20
Uttar Pradesh,Badaun,Badayoun,Bitter gourd,Bitter Gourd,FAQ,19/05/2025,"1,740","1,860","1,800",18.00
Uttar Pradesh,Badaun,Badayoun,Bottle gourd,Bottle Gourd,FAQ,19/05/2025,980,"1,090","1,030",10.30
Uttar Pradesh,Badaun,Badayoun,Brinjal,Brinjal,FAQ,19/05/2025,"1,300","1,410","1,355",13.55
Uttar Pradesh,Badaun,Badayoun,Garlic,Garlic,FAQ,19/05/2025,"6,380","6,520","6,460",64.60
Uttar Pradesh,Badaun,Badayoun,Green Chilli,Green Chilly,FAQ,19/05/2025,"1,960","2,080","2,025",20.25
Uttar Pradesh,Badaun,Badayoun,Karbuja(Musk Melon),Karbhuja,Medium,19/05/2025,"1,670","1,800","1,730",17.30
Uttar Pradesh,Badaun,Badayoun,Lemon,Lemon,FAQ,19/05/2025,"7,200","7,500","7,290",72.90
Uttar Pradesh,Badaun,Badayoun,Papaya,Papaya,Medium,19/05/2025,"2,750","2,870","2,800",28.00
Uttar Pradesh,Badaun,Badayoun,Wheat,Dara,FAQ,19/05/2025,"2,425","2,525","2,500",25.00
Uttar Pradesh,Badaun,Ujhani,Bottle gourd,Bottle Gourd,FAQ,19/05/2025,"1,100","1,200","1,145",11.45
Uttar Pradesh,Badaun,Ujhani,Garlic,Garlic,FAQ,19/05/2025,"6,400","6,450","6,420",64.20
Uttar Pradesh,Badaun,Ujhani,Jack Fruit,Jack Fruit,Medium,19/05/2025,"2,150","2,250","2,200",22.00
Uttar Pradesh,Badaun,Ujhani,Lemon,Lemon,FAQ,19/05/2025,"7,230","7,300","7,260",72.60
Uttar Pradesh,Badaun,Visoli,Potato,Desi,FAQ,19/05/2025,750,750,750,7.50
Uttar Pradesh,Bahraich,Naanpara,Karbuja(Musk Melon),Karbhuja,Medium,19/05/2025,"2,000","2,200","2,100",21.00
Uttar Pradesh,Bahraich,Naanpara,Maize,Yellow,FAQ,19/05/2025,"2,200","2,300","2,250",22.50
Uttar Pradesh,Ballia,Rasda,Arhar Dal(Tur Dal),Arhar Dal(Tur),FAQ,19/05/2025,"9,950","10,125","10,000",100.00
Uttar Pradesh,Ballia,Rasda,Green Chilli,Green Chilly,FAQ,19/05/2025,"2,355","2,480","2,400",24.00
Uttar Pradesh,Ballia,Rasda,Green Gram (Moong)(Whole),Green (Whole),FAQ,19/05/2025,"8,650","8,800","8,725",87.25
Uttar Pradesh,Ballia,Rasda,Lentil (Masur)(Whole),Masoor Gola,FAQ,19/05/2025,"6,755","6,900","6,835",68.35
Uttar Pradesh,Balrampur,Balrampur,Banana - Green,Banana - Green,FAQ,19/05/2025,"1,650","1,850","1,740",17.40
Uttar Pradesh,Balrampur,Balrampur,Garlic,Garlic,FAQ,19/05/2025,"5,850","6,080","5,975",59.75
Uttar Pradesh,Balrampur,Balrampur,Ginger(Green),Green Ginger,FAQ,19/05/2025,"3,300","3,500","3,400",34.00
Uttar Pradesh,Balrampur,Balrampur,Ridgeguard(Tori),Ridgeguard(Tori),FAQ,19/05/2025,"1,400","1,600","1,500",15.00
Uttar Pradesh,Balrampur,Panchpedwa,Banana - Green,Banana - Green,FAQ,19/05/2025,"1,400","1,800","1,600",16.00
Uttar Pradesh,Balrampur,Tulsipur,Potato,Desi,FAQ,19/05/2025,"1,100","1,150","1,130",11.30
Uttar Pradesh,Balrampur,Tulsipur,Tomato,Deshi,FAQ,19/05/2025,"1,120","1,170","1,150",11.50
Uttar Pradesh,Bareilly,Anwala,Pumpkin,Pumpkin,FAQ,19/05/2025,600,800,700,7.00
Uttar Pradesh,Bijnor,Bijnaur,Onion,Red,FAQ,19/05/2025,"1,160","1,250","1,190",11.90
Uttar Pradesh,Bijnor,Kiratpur,Bottle gourd,Bottle Gourd,FAQ,19/05/2025,800,900,850,8.50
Uttar Pradesh,Bulandshahar,Gulavati,Lemon,Other,FAQ,19/05/2025,"10,100","10,300","10,200",102.00
Uttar Pradesh,Bulandshahar,Awagarh,Bhindi(Ladies Finger),Bhindi,FAQ,19/05/2025,"1,500","2,000","1,800",18.00
Uttar Pradesh,Etah,Awagarh,Brinjal,Round/Long,FAQ,19/05/2025,800,900,850,8.50
Uttar Pradesh,Etah,Awagarh,Cabbage,Cabbage,FAQ,19/05/2025,600,750,650,6.50
Uttar Pradesh,Etah,Awagarh,Cucumbar(Kheera),Cucumbar,FAQ,19/05/2025,"1,000","1,250","1,100",11.00
Uttar Pradesh,Etawah,Jasvantnagar,Onion,Red,FAQ,19/05/2025,"1,250","1,350","1,300",13.00
Uttar Pradesh,Firozabad,Sirsaganj,Tomato,Hybrid,FAQ,19/05/2025,"1,000","1,200","1,100",11.00
Uttar Pradesh,Hamirpur,Kurara,Peas(Dry),Peas(Dry),FAQ,19/05/2025,"3,300","3,400","3,350",33.50
Uttar Pradesh,Kaushambi,Manjhanpur,Onion,Red,FAQ,19/05/2025,"1,140","1,320","1,225",12.25
Uttar Pradesh,Khiri (Lakhimpur),Maigalganj,Bhindi(Ladies Finger),Other,FAQ,19/05/2025,"1,600","1,680","1,640",16.40
Uttar Pradesh,Khiri (Lakhimpur),Maigalganj,Bottle gourd,Bottle Gourd,FAQ,19/05/2025,"1,700","1,780","1,740",17.40
Uttar Pradesh,Khiri (Lakhimpur),Maigalganj,Cabbage,Cabbage,FAQ,19/05/2025,"1,800","1,880","1,840",18.40
Uttar Pradesh,Lalitpur,Mehrauni,Wheat,147 Average,Non-FAQ,19/05/2025,"2,450","2,600","2,500",25.00
Uttar Pradesh,Mau(Maunathbhanjan),Doharighat,Potato,Potato,FAQ,19/05/2025,"1,700","1,800","1,750",17.50
Uttar Pradesh,Mau(Maunathbhanjan),Doharighat,Rice,1009 Kar,FAQ,19/05/2025,"3,700","3,800","3,755",37.55
Uttar Pradesh,Mau(Maunathbhanjan),Kopaganj,Apple,Delicious,Medium,19/05/2025,"7,800","8,000","7,900",79.00
Uttar Pradesh,Mau(Maunathbhanjan),Kopaganj,Onion,Red,FAQ,19/05/2025,"1,200","1,300","1,250",12.50
Uttar Pradesh,Pillibhit,Pilibhit,Banana,Banana - Ripe,Medium,19/05/2025,"2,750","2,840","2,795",27.95
Uttar Pradesh,Pillibhit,Pilibhit,Onion,Red,FAQ,19/05/2025,"1,200","1,300","1,250",12.50
Uttar Pradesh,Pillibhit,Pilibhit,Onion,Red,Non-FAQ,19/05/2025,"1,100","1,195","1,145",11.45
Uttar Pradesh,Prayagraj,Jasra,Cucumbar(Kheera),Cucumbar,FAQ,19/05/2025,"1,050","1,175","1,110",11.10
Uttar Pradesh,Rampur,Tanda(Rampur),Bottle gourd,Bottle Gourd,FAQ,19/05/2025,900,940,920,9.20
Uttar Pradesh,Rampur,Tanda(Rampur),Jack Fruit,Jack Fruit,Large,19/05/2025,"1,500","1,540","1,520",15.20
Uttar Pradesh,Sambhal,Bhehjoi,Paddy(Dhan)(Basmati),Basumathi,Non-FAQ,19/05/2025,"2,200","2,400","2,300",23.00
Uttar Pradesh,Sambhal,Bhehjoi,Wood,Eucalyptus,FAQ,19/05/2025,500,520,510,5.10
Uttar Pradesh,Sant Kabir Nagar,Khalilabad,Gur(Jaggery),Red,FAQ,19/05/2025,"1,200","1,300","1,250",12.50
Uttar Pradesh,Sant Kabir Nagar,Khalilabad,Tomato,Hybrid,FAQ,19/05/2025,500,600,550,5.50
Uttar Pradesh,Shamli,Kairana,Bottle gourd,Bottle Gourd,FAQ,19/05/2025,600,700,650,6.50
Uttar Pradesh,Shamli,Kairana,Garlic,Garlic,FAQ,19/05/2025,"5,100","5,200","5,150",51.50
Uttar Pradesh,Shamli,Kairana,Ginger(Green),Green Ginger,FAQ,19/05/2025,"3,900","4,000","3,950",39.50
Uttar Pradesh,Shamli,Kairana,Green Chilli,Green Chilly,FAQ,19/05/2025,"2,500","2,600","2,550",25.50
Uttar Pradesh,Shamli,Kairana,Raddish,Raddish,FAQ,19/05/2025,600,700,650,6.50
Uttar Pradesh,Shamli,Kairana,Tomato,Hybrid,FAQ,19/05/2025,800,900,850,8.50
Uttar Pradesh,Sitapur,Hargaon (Laharpur),Pumpkin,Pumpkin,FAQ,19/05/2025,780,820,800,8.00
Uttar Pradesh,Sitapur,Sitapur,Apple,Kasmir/Shimla - II,Medium,19/05/2025,"9,500","10,150","9,890",98.90
Uttar Pradesh,Sitapur,Sitapur,Bottle gourd,Bottle Gourd,FAQ,19/05/2025,800,"1,080",980,9.80
Uttar Pradesh,Sitapur,Sitapur,Lentil (Masur)(Whole),Masoor Gola,FAQ,19/05/2025,"6,300","6,720","6,700",67.00
Uttar Pradesh,Sitapur,Sitapur,Paddy(Dhan)(Common),Common,FAQ,19/05/2025,"1,930","2,180","2,080",20.80
Uttrakhand,Dehradoon,Rishikesh,Apple,Other,Medium,19/05/2025,"9,500","16,500","11,000",110.00
Uttrakhand,Dehradoon,Rishikesh,Bottle gourd,Bottle Gourd,FAQ,19/05/2025,600,900,700,7.00
Uttrakhand,Dehradoon,Rishikesh,French Beans (Frasbean),Other,FAQ,19/05/2025,"2,500","3,100","2,800",28.00
Uttrakhand,Dehradoon,Rishikesh,Jack Fruit,Other,Medium,19/05/2025,"1,500","2,000","1,650",16.50
Uttrakhand,Dehradoon,Rishikesh,Potato,Other,FAQ,19/05/2025,700,900,800,8.00
Uttrakhand,Dehradoon,Rishikesh,Raddish,Other,FAQ,19/05/2025,"1,000","1,700","1,550",15.50
Uttrakhand,Dehradoon,Rishikesh,Tomato,Other,FAQ,19/05/2025,600,950,800,8.00
Uttrakhand,Dehradoon,Vikasnagar,Cucumbar(Kheera),Other,FAQ,19/05/2025,400,600,600,6.00
Uttrakhand,Dehradoon,Vikasnagar,Mango,Other,Medium,19/05/2025,"2,400","2,800","2,800",28.00
Uttrakhand,Dehradoon,Vikasnagar,Pumpkin,Other,FAQ,19/05/2025,200,400,400,4.00
Uttrakhand,Haridwar,Haridwar Union,Green Chilli,Green Chilly,FAQ,19/05/2025,"1,500","2,000","1,700",17.00
Uttrakhand,Haridwar,Haridwar Union,Papaya,Other,Medium,19/05/2025,"1,600","2,000","1,800",18.00
Uttrakhand,Haridwar,Haridwar Union,Tomato,Hybrid,FAQ,19/05/2025,700,"1,000",800,8.00
Uttrakhand,Haridwar,Manglaur,Potato,Other,FAQ,19/05/2025,700,850,800,8.00
Uttrakhand,Haridwar,Roorkee,Bottle gourd,Other,FAQ,19/05/2025,500,700,600,6.00
Uttrakhand,Nanital,Ramnagar,Capsicum,Other,FAQ,19/05/2025,"3,800","4,000","3,900",39.00
Uttrakhand,Nanital,Ramnagar,Orange,Other,Medium,19/05/2025,"2,800","3,000","2,900",29.00
Uttrakhand,Nanital,Ramnagar,Tomato,Other,FAQ,19/05/2025,"2,100","2,500","2,300",23.00
West Bengal,Hooghly,Pandua,Bitter gourd,Bitter Gourd,FAQ,19/05/2025,"2,200","2,400","2,200",22.00
West Bengal,Hooghly,Sheoraphuly,Onion,Local,FAQ,19/05/2025,"1,500","1,700","1,600",16.00
West Bengal,Hooghly,Sheoraphuly,Tomato,Other,FAQ,19/05/2025,"1,800","2,200","2,000",20.00
West Bengal,Medinipur(W),Ghatal,Brinjal,Brinjal,FAQ,19/05/2025,"3,000","3,200","3,100",31.00
West Bengal,Medinipur(W),Ghatal,Onion,Onion,FAQ,19/05/2025,"1,600","1,800","1,700",17.00
West Bengal,Medinipur(W),Ghatal,Sweet Pumpkin,Other,FAQ,19/05/2025,"1,300","1,500","1,400",14.00
West Bengal,Murshidabad,Kandi,Mustard,Mustard,FAQ,19/05/2025,"5,950","6,060","6,000",60.00
West Bengal,Murshidabad,Kandi,Wheat,Other,FAQ,19/05/2025,"2,460","2,560","2,500",25.00
West Bengal,Puruliya,Balarampur,Bhindi(Ladies Finger),Other,FAQ,19/05/2025,800,"1,000",900,9.00
West Bengal,Puruliya,Balarampur,Mustard Oil,Other,FAQ,19/05/2025,"16,000","16,200","16,100",161.00
West Bengal,Puruliya,Balarampur,Potato,Other,FAQ,19/05/2025,"1,500","1,800","1,600",16.00
West Bengal,Sounth 24Parganas,Baruipur(Canning),Bitter gourd,Bitter Gourd,FAQ,19/05/2025,"2,900","3,100","3,000",30.00
West Bengal,Sounth 24Parganas,Baruipur(Canning),Green Chilli,Green Chilly,FAQ,19/05/2025,"4,600","4,800","4,700",47.00
West Bengal,Sounth 24Parganas,Islampur,Jute,TD-5,FAQ,19/05/2025,"6,100","6,300","6,200",62.00
Andhra Pradesh,Chittor,Kalikiri,Tomato,Hybrid,FAQ,19/05/2025,830,"1,000",950,9.50
Andhra Pradesh,Chittor,Punganur,Tomato,Hybrid,FAQ,19/05/2025,900,"1,100","1,000",10.00
Andhra Pradesh,Chittor,Vayalapadu,Tomato,Hybrid,FAQ,19/05/2025,880,"1,040",960,9.60
Andhra Pradesh,East Godavari,Ravulapelem,Banana,Bhushavali(Pacha),Large,19/05/2025,"1,900","2,500","2,100",21.00
Andhra Pradesh,Kurnool,Yemmiganur,Groundnut,TMV-2,FAQ,19/05/2025,"5,269","5,269","5,269",52.69
Andhra Pradesh,Nellore,Gudur,Groundnut,Balli/Habbu,FAQ,19/05/2025,"6,783","6,860","6,840",68.40
Gujarat,Amreli,Damnagar,Brinjal,Other,FAQ,19/05/2025,"1,650","2,550","2,200",22.00
Gujarat,Amreli,Damnagar,Ginger(Green),Green Ginger,FAQ,19/05/2025,"2,850","3,550","3,200",32.00
Gujarat,Amreli,Damnagar,Lemon,Lemon,FAQ,19/05/2025,"2,200","3,050","2,850",28.50
Gujarat,Amreli,Savarkundla,Arhar (Tur/Red Gram)(Whole),Small (Whole),Non-FAQ,19/05/2025,"6,000","6,700","6,250",62.50
Gujarat,Amreli,Savarkundla,Bajra(Pearl Millet/Cumbu),Deshi,FAQ,19/05/2025,"1,500","2,750","2,550",25.50
Gujarat,Amreli,Savarkundla,Cotton,Narma BT Cotton,FAQ,19/05/2025,"6,850","7,585","7,300",73.00
Gujarat,Amreli,Savarkundla,Groundnut,Bold,Non-FAQ,19/05/2025,"5,000","5,500","5,250",52.50
Gujarat,Amreli,Savarkundla,Wheat,Bansi,FAQ,19/05/2025,"2,525","2,955","2,725",27.25
Gujarat,Anand,Khambhat(Grain Market),Bajra(Pearl Millet/Cumbu),Other,FAQ,19/05/2025,"2,250","2,625","2,400",24.00
Gujarat,Bharuch,Jambusar,Arhar (Tur/Red Gram)(Whole),Other,FAQ,19/05/2025,"5,800","6,200","6,000",60.00
Gujarat,Bharuch,Jambusar,Maize,Other,FAQ,19/05/2025,"1,800","2,200","2,000",20.00
Gujarat,Dahod,Devgadhbaria,Paddy(Dhan)(Common),Common,Non-FAQ,19/05/2025,"1,500","1,550","1,530",15.30
Gujarat,Gandhinagar,Mansa(Manas Veg Yard),Green Chilli,Other,FAQ,19/05/2025,"2,500","3,000","3,000",30.00
Gujarat,Gandhinagar,Mansa(Manas Veg Yard),Water Melon,Other,Medium,19/05/2025,800,800,800,8.00
Gujarat,Junagarh,Bhesan,Bengal Gram(Gram)(Whole),Other,FAQ,19/05/2025,"4,500","5,400","5,000",50.00
Gujarat,Junagarh,Bhesan,Soyabean,Other,Non-FAQ,19/05/2025,"2,500","3,750","3,250",32.50
Gujarat,Junagarh,Bhesan,Wheat,Other,FAQ,19/05/2025,"2,000","2,500","2,250",22.50
Gujarat,Junagarh,Mangrol,Groundnut,G20,FAQ,19/05/2025,"5,250","5,275","5,265",52.65
Gujarat,Narmada,Rajpipla,Banana,Other,Large,19/05/2025,"2,100","3,100","2,600",26.00
Gujarat,Navsari,Bilimora,Bhindi(Ladies Finger),Other,FAQ,19/05/2025,"2,000","2,500","2,200",22.00
Gujarat,Navsari,Bilimora,Cabbage,Other,FAQ,19/05/2025,800,"1,000",900,9.00
Gujarat,Navsari,Bilimora,Green Chilli,Other,FAQ,19/05/2025,"4,000","5,000","4,500",45.00
Gujarat,Navsari,Bilimora,Potato,Other,FAQ,19/05/2025,"1,500","2,000","1,800",18.00
Gujarat,Sabarkantha,Modasa,Bajra(Pearl Millet/Cumbu),Deshi,Non-FAQ,19/05/2025,"2,275","2,485","2,485",24.85
Gujarat,Surat,Surat,Bottle gourd,Other,FAQ,19/05/2025,"1,000","2,500","1,750",17.50
Gujarat,Surat,Surat,Brinjal,Other,FAQ,19/05/2025,"1,500","4,000","2,750",27.50
Gujarat,Surat,Surat,Cabbage,Other,FAQ,19/05/2025,"1,000","2,500","1,750",17.50
Gujarat,Surat,Surat,Cowpea(Veg),Other,FAQ,19/05/2025,"3,500","7,500","5,500",55.00
Gujarat,Surat,Surat,Cucumbar(Kheera),Other,FAQ,19/05/2025,"1,000","3,000","2,000",20.00
Gujarat,Surat,Surat,Indian Beans (Seam),Other,FAQ,19/05/2025,"3,000","7,000","5,000",50.00
Gujarat,Surat,Surat,Lemon,Other,FAQ,19/05/2025,"3,000","5,000","4,000",40.00
Gujarat,Surat,Surat,Turmeric (raw),Other,FAQ,19/05/2025,"4,000","15,000","9,500",95.00
Gujarat,Surendranagar,Dhragradhra,Castor Seed,Caster,FAQ,19/05/2025,"6,075","6,090","6,085",60.85
Gujarat,Surendranagar,Dhragradhra,Wheat,Wheat,FAQ,19/05/2025,"2,465","2,465","2,465",24.65
Gujarat,Surendranagar,Vadhvan,Green Chilli,Green Chilly,FAQ,19/05/2025,"2,000","2,500","2,250",22.50
Gujarat,Surendranagar,Vadhvan,Guar,Gwar,FAQ,19/05/2025,"5,500","6,000","5,750",57.50
Gujarat,Surendranagar,Vadhvan,Methi(Leaves),Methi,FAQ,19/05/2025,"3,000","3,500","3,250",32.50
Gujarat,Surendranagar,Vadhvan,Spinach,Spinach,FAQ,19/05/2025,500,"1,000",750,7.50
Gujarat,Surendranagar,Vadhvan,Tomato,Tomato,Non-FAQ,19/05/2025,"1,500","2,000","1,750",17.50
Gujarat,Vadodara(Baroda),Padra,Brinjal,Other,FAQ,19/05/2025,750,"1,250","1,000",10.00
Gujarat,Vadodara(Baroda),Padra,Cluster beans,Other,FAQ,19/05/2025,"3,500","5,000","4,250",42.50
Gujarat,Vadodara(Baroda),Padra,Cucumbar(Kheera),Other,FAQ,19/05/2025,"1,000","3,500","2,250",22.50
Gujarat,Vadodara(Baroda),Padra,Drumstick,Other,FAQ,19/05/2025,"1,250","1,750","1,500",15.00
Gujarat,Vadodara(Baroda),Padra,Leafy Vegetable,Leafy Vegetables,FAQ,19/05/2025,"1,000","1,500","1,250",12.50
Gujarat,Vadodara(Baroda),Padra,Lemon,Other,FAQ,19/05/2025,"3,500","5,000","4,250",42.50
Gujarat,Vadodara(Baroda),Padra,Mango (Raw-Ripe),Other,FAQ,19/05/2025,"1,500","4,500","3,000",30.00
Gujarat,Vadodara(Baroda),Padra,Onion,Other,FAQ,19/05/2025,"1,200","1,600","1,400",14.00
Gujarat,Vadodara(Baroda),Padra,Pegeon Pea (Arhar Fali),Other,FAQ,19/05/2025,"7,000","7,500","7,250",72.50
Gujarat,Vadodara(Baroda),Padra,Potato,Other,FAQ,19/05/2025,"1,500","2,200","1,850",18.50
Haryana,Gurgaon,Gurgaon,Banana,Other,Large,19/05/2025,"2,000","3,000","2,500",25.00
Haryana,Gurgaon,Gurgaon,Carrot,Other,FAQ,19/05/2025,"1,000","2,000","1,500",15.00
Haryana,Gurgaon,Gurgaon,Onion,Other,FAQ,19/05/2025,"1,000","1,400","1,200",12.00
Haryana,Hissar,Barwala(Hisar),Bhindi(Ladies Finger),Other,FAQ,19/05/2025,"1,750","2,000","1,800",18.00
Haryana,Hissar,Barwala(Hisar),Ridgeguard(Tori),Other,FAQ,19/05/2025,"2,500","2,600","2,600",26.00
Haryana,Hissar,Hansi,Cucumbar(Kheera),Other,FAQ,19/05/2025,"1,000","2,000","1,500",15.00
Haryana,Hissar,Hansi,Peas Wet,Other,FAQ,19/05/2025,"8,000","8,000","8,000",80.00
Haryana,Hissar,Hansi,Tomato,Other,Non-FAQ,19/05/2025,600,"1,000",800,8.00
Haryana,Hissar,Uklana,Bottle gourd,Bottle Gourd,FAQ,19/05/2025,500,600,600,6.00
Haryana,Hissar,Uklana,Mousambi(Sweet Lime),Mousambi,Medium,19/05/2025,"4,000","4,500","4,500",45.00
Haryana,Hissar,Uklana,Onion,Onion,FAQ,19/05/2025,"1,000","1,100","1,100",11.00
Haryana,Hissar,Uklana,Water Melon,Other,Medium,19/05/2025,600,700,700,7.00
Haryana,Hissar,Cheeka,Potato,Other,Non-FAQ,19/05/2025,600,700,650,6.50
Haryana,Mahendragarh-Narnaul,Narnaul,Bhindi(Ladies Finger),Bhindi,FAQ,19/05/2025,"1,000","2,000","1,500",15.00
Haryana,Mahendragarh-Narnaul,Narnaul,Bottle gourd,Bottle Gourd,FAQ,19/05/2025,"1,000","1,000","1,000",10.00
Haryana,Mahendragarh-Narnaul,Narnaul,Brinjal,Brinjal,FAQ,19/05/2025,"1,000","1,500","1,200",12.00
Haryana,Mewat,FerozpurZirkha(Nagina),Onion,Other,FAQ,19/05/2025,"1,200","1,600","1,400",14.00
Haryana,Mewat,Punhana,Banana - Green,Other,FAQ,19/05/2025,"1,200","1,200","1,200",12.00
Haryana,Mewat,Tauru,Ginger(Green),Other,FAQ,19/05/2025,"5,000","5,000","5,000",50.00
Haryana,Mewat,Tauru,Water Melon,Other,Medium,19/05/2025,"1,000","1,000","1,000",10.00
Haryana,Panchkula,"New Grain Market , Panchkula",Apple,Apple,Large,19/05/2025,"8,500","9,500","9,000",90.00
Haryana,Panchkula,Panchkul(Kalka),Apple,Apple,Large,19/05/2025,"8,500","9,500","9,000",90.00
Haryana,Panipat,Panipat,Apple,Other,Medium,19/05/2025,"6,000","12,000","9,000",90.00
Haryana,Panipat,Samalkha,Bhindi(Ladies Finger),Bhindi,FAQ,19/05/2025,"2,000","2,000","2,000",20.00
Haryana,Panipat,Samalkha,Cauliflower,Cauliflower,FAQ,19/05/2025,"1,500","1,500","1,500",15.00
Haryana,Panipat,Samalkha,Lemon,Lemon,FAQ,19/05/2025,"10,000","10,000","10,000",100.00
Haryana,Panipat,Samalkha,Tinda,Tinda,FAQ,19/05/2025,"1,000","1,000","1,000",10.00
Haryana,Panipat,Samalkha,Tomato,Local,FAQ,19/05/2025,500,500,500,5.00
Haryana,Rewari,Kosli,Cucumbar(Kheera),Other,FAQ,19/05/2025,"1,500","1,500","1,500",15.00
Haryana,Rewari,Kosli,Tomato,Other,FAQ,19/05/2025,"1,000","1,000","1,000",10.00
Haryana,Rohtak,Meham,Onion,Other,FAQ,19/05/2025,"1,000","1,200","1,100",11.00
Haryana,Rohtak,Meham,Spinach,Other,FAQ,19/05/2025,"1,200","1,200","1,200",12.00
Haryana,Sonipat,Ganaur,Bhindi(Ladies Finger),Bhindi,FAQ,19/05/2025,"2,800","3,000","2,800",28.00
Haryana,Sonipat,Ganaur,Brinjal,Brinjal,FAQ,19/05/2025,"1,800","2,000","1,800",18.00
Haryana,Sonipat,Ganaur,Garlic,Average,FAQ,19/05/2025,"9,000","10,000","9,500",95.00
Haryana,Sonipat,Ganaur,Potato,Potato,FAQ,19/05/2025,"1,200","1,400","1,200",12.00
Haryana,Sonipat,Gohana,Apple,Apple,Large,19/05/2025,"10,000","12,000","11,000",110.00
Haryana,Yamuna Nagar,Radaur,Cabbage,Other,FAQ,19/05/2025,"1,000","1,200","1,100",11.00
Haryana,Yamuna Nagar,Radaur,Green Chilli,Other,FAQ,19/05/2025,"1,800","2,200","2,000",20.00
Haryana,Yamuna Nagar,Radaur,Mango,Other,Medium,19/05/2025,"3,800","4,200","4,000",40.00
Haryana,Yamuna Nagar,Radaur,Onion,Other,FAQ,19/05/2025,900,"1,100","1,000",10.00
Haryana,Yamuna Nagar,Radaur,Peas Wet,Other,FAQ,19/05/2025,"4,500","5,500","5,000",50.00
Haryana,Yamuna Nagar,Radaur,Potato,Other,FAQ,19/05/2025,700,900,800,8.00
Haryana,Yamuna Nagar,Radaur,Pumpkin,Other,FAQ,19/05/2025,400,600,500,5.00
Haryana,Yamuna Nagar,Sadhaura,Bitter gourd,Bitter Gourd,FAQ,19/05/2025,"1,000","1,200","1,100",11.00
Haryana,Yamuna Nagar,Sadhaura,Cauliflower,Cauliflower,FAQ,19/05/2025,"2,000","2,500","2,300",23.00
Haryana,Yamuna Nagar,Sadhaura,Tomato,Tomato,FAQ,19/05/2025,300,500,400,4.00
Himachal Pradesh,Chamba,Chamba,Colacasia,Other,FAQ,19/05/2025,"4,500","5,000","4,750",47.50
Himachal Pradesh,Chamba,Chamba,Karbuja(Musk Melon),Other,Medium,19/05/2025,"2,000","2,500","2,250",22.50
Himachal Pradesh,Chamba,Chamba,Mango,Other,Medium,19/05/2025,"5,000","8,000","6,500",65.00
Himachal Pradesh,Chamba,Chamba,Papaya,Other,Medium,19/05/2025,"5,000","5,500","5,250",52.50
Himachal Pradesh,Chamba,Chamba,Potato,Other,FAQ,19/05/2025,"1,200","1,400","1,300",13.00
Himachal Pradesh,Hamirpur,Hamirpur,Karbuja(Musk Melon),Other,Medium,19/05/2025,"2,200","3,000","2,600",26.00
Himachal Pradesh,Hamirpur,Hamirpur,Lemon,Other,FAQ,19/05/2025,"9,000","10,000","9,500",95.00
Himachal Pradesh,Hamirpur,Hamirpur,Mango,Safeda,Medium,19/05/2025,"5,000","5,500","5,200",52.00
Himachal Pradesh,Hamirpur,Hamirpur,Mango,Totapuri,Medium,19/05/2025,"7,000","7,500","7,200",72.00
Himachal Pradesh,Hamirpur,Hamirpur,Potato,Other,Non-FAQ,19/05/2025,"1,600","2,000","1,800",18.00
Himachal Pradesh,Kangra,Dharamshala,Apple,Other,Medium,19/05/2025,"17,000","18,000","17,500",175.00
Himachal Pradesh,Kangra,Kangra,Bhindi(Ladies Finger),Other,FAQ,19/05/2025,"3,000","3,500","3,200",32.00
Himachal Pradesh,Kangra,Kangra,Cauliflower,Other,FAQ,19/05/2025,"5,500","6,000","5,700",57.00
Himachal Pradesh,Kangra,Kangra,Coriander(Leaves),Other,FAQ,19/05/2025,"3,000","4,000","3,500",35.00
Himachal Pradesh,Kangra,Kangra,Lemon,Other,FAQ,19/05/2025,"9,000","10,000","9,500",95.00
Himachal Pradesh,Kangra,Kangra(Baijnath),Banana,Banana - Ripe,Medium,19/05/2025,"3,500","3,700","3,500",35.00
Himachal Pradesh,Kangra,Kangra(Baijnath),Beetroot,Beetroot,FAQ,19/05/2025,"3,000","3,200","3,000",30.00
Himachal Pradesh,Kangra,Kangra(Baijnath),Bottle gourd,Bottle Gourd,FAQ,19/05/2025,"1,400","1,600","1,500",15.00
Himachal Pradesh,Kangra,Kangra(Baijnath),Capsicum,Capsicum,FAQ,19/05/2025,"3,200","3,400","3,300",33.00
Himachal Pradesh,Kangra,Kangra(Baijnath),Cauliflower,Cauliflower,FAQ,19/05/2025,"5,000","5,600","5,300",53.00
Himachal Pradesh,Kangra,Kangra(Baijnath),Jack Fruit,Jack Fruit,Medium,19/05/2025,"3,500","3,600","3,500",35.00
Himachal Pradesh,Kangra,Kangra(Baijnath),Peas Wet,Other,FAQ,19/05/2025,"6,000","6,500","6,200",62.00
Himachal Pradesh,Kangra,Kangra(Jaisinghpur),Apricot(Jardalu/Khumani),Apricot(Jardalu/Khumani),Medium,19/05/2025,"7,500","8,500","8,000",80.00
Himachal Pradesh,Kangra,Kangra(Jaisinghpur),Colacasia,Colacasia,FAQ,19/05/2025,"5,200","5,500","5,400",54.00
Himachal Pradesh,Kangra,Kangra(Jaisinghpur),Karbuja(Musk Melon),Karbhuja,Medium,19/05/2025,"2,200","2,600","2,400",24.00
Himachal Pradesh,Kangra,Kangra(Jaisinghpur),Mango,Totapuri,Medium,19/05/2025,"5,500","6,500","6,000",60.00
Himachal Pradesh,Kangra,Kangra(Jaisinghpur),Pomegranate,Other,Medium,19/05/2025,"11,000","11,500","11,300",113.00
Himachal Pradesh,Kangra,Kangra(Nagrota Bagwan),Apple,American,Medium,19/05/2025,"13,000","18,000","14,500",145.00
Himachal Pradesh,Kangra,Kangra(Nagrota Bagwan),Capsicum,Capsicum,FAQ,19/05/2025,"2,500","3,000","2,700",27.00
Himachal Pradesh,Kangra,Kangra(Nagrota Bagwan),Onion,Other,FAQ,19/05/2025,"1,800","2,000","1,900",19.00
Himachal Pradesh,Kangra,Kangra(Nagrota Bagwan),Pomegranate,Other,Medium,19/05/2025,"9,000","10,000","9,500",95.00
Himachal Pradesh,Kangra,Palampur,Carrot,Carrot,FAQ,19/05/2025,"2,000","2,500","2,300",23.00
Himachal Pradesh,Kangra,Palampur,Cauliflower,Cauliflower,FAQ,19/05/2025,"4,500","5,000","4,800",48.00
Himachal Pradesh,Kangra,Palampur,Colacasia,Colacasia,FAQ,19/05/2025,"5,000","5,200","5,100",51.00
Himachal Pradesh,Kangra,Palampur,Ginger(Green),Other,FAQ,19/05/2025,"6,000","7,000","6,800",68.00
Himachal Pradesh,Kangra,Palampur,Mousambi(Sweet Lime),Other,Medium,19/05/2025,"6,000","7,000","6,800",68.00
Himachal Pradesh,Kangra,Palampur,Peas Wet,Other,FAQ,19/05/2025,"8,000","9,000","8,800",88.00
Himachal Pradesh,Kangra,Palampur,Pumpkin,Other,FAQ,19/05/2025,"1,400","1,500","1,450",14.50
Himachal Pradesh,Kangra,Palampur,Raddish,Raddish,FAQ,19/05/2025,"4,000","4,500","4,300",43.00
Himachal Pradesh,Kangra,Palampur,Spinach,Spinach,FAQ,19/05/2025,"2,000","2,500","2,300",23.00
Himachal Pradesh,Kangra,Palampur,Sponge gourd,Other,FAQ,19/05/2025,"2,500","3,000","2,800",28.00
Himachal Pradesh,Kullu,Kullu(Chauri Bihal),Cauliflower,Other,FAQ,19/05/2025,"1,000","4,000","3,000",30.00
Himachal Pradesh,Solan,Solan(Nalagarh),Capsicum,Other,FAQ,19/05/2025,"2,500","3,000","2,800",28.00
Himachal Pradesh,Solan,Solan(Nalagarh),French Beans (Frasbean),Other,FAQ,19/05/2025,"5,000","5,500","5,200",52.00
Himachal Pradesh,Solan,Solan(Nalagarh),Mango,Other,Medium,19/05/2025,"5,500","6,000","5,800",58.00
Himachal Pradesh,Solan,Solan(Nalagarh),Peas cod,Other,FAQ,19/05/2025,"5,800","6,500","6,500",65.00
Himachal Pradesh,Solan,Solan(Nalagarh),Tomato,Other,FAQ,19/05/2025,"1,300","1,500","1,400",14.00
Jammu andKashmir,Kathua,Kathua,Apple,Delicious,Medium,19/05/2025,"7,000","8,000","7,500",75.00
Jammu andKashmir,Kathua,Kathua,Brinjal,Other,FAQ,19/05/2025,"1,800","2,000","1,900",19.00
Jammu andKashmir,Kathua,Kathua,Capsicum,Other,FAQ,19/05/2025,"2,200","2,500","2,350",23.50
Jammu andKashmir,Kathua,Kathua,Ginger(Green),Other,FAQ,19/05/2025,"5,000","5,500","5,250",52.50
Jammu andKashmir,Kathua,Kathua,Peas Wet,Other,FAQ,19/05/2025,"8,000","9,000","8,500",85.00
Jammu andKashmir,Kathua,Kathua,Pomegranate,Other,Medium,19/05/2025,"8,000","10,000","9,000",90.00
Jammu andKashmir,Kathua,Kathua,Pumpkin,Other,FAQ,19/05/2025,"1,600","1,700","1,650",16.50
Jammu andKashmir,Kathua,Kathua,Round gourd,Other,FAQ,19/05/2025,500,600,550,5.50
Jammu andKashmir,Kathua,Kathua,Tomato,Other,FAQ,19/05/2025,"1,200","1,400","1,300",13.00
Jammu andKashmir,Rajouri,Rajouri (F&V;),Tomato,Other,Non-FAQ,19/05/2025,"2,000","2,400","2,200",22.00
Kerala,Alappuzha,Chengannur,Ashgourd,Other,FAQ,19/05/2025,"1,900","2,200","2,000",20.00
Kerala,Alappuzha,Chengannur,Bhindi(Ladies Finger),Other,FAQ,19/05/2025,"3,800","4,100","4,000",40.00
Kerala,Alappuzha,Chengannur,Carrot,Other,FAQ,19/05/2025,"3,800","4,100","4,000",40.00
Kerala,Alappuzha,Chengannur,Cauliflower,Other,FAQ,19/05/2025,0,0,"4,000",40.00
Kerala,Alappuzha,Chengannur,Ginger(Green),Green Ginger,FAQ,19/05/2025,0,0,"6,000",60.00
Kerala,Alappuzha,Chengannur,Pumpkin,Other,FAQ,19/05/2025,"1,800","2,100","2,000",20.00
Kerala,Alappuzha,Cherthala,Green Chilli,Green Chilly,FAQ,19/05/2025,"6,000","6,300","6,200",62.00
Kerala,Alappuzha,Cherthala,Ridgeguard(Tori),Other,FAQ,19/05/2025,"4,000","4,200","4,100",41.00
Kerala,Alappuzha,Cherthala,Snakeguard,Other,FAQ,19/05/2025,"3,200","3,400","3,300",33.00
Kerala,Alappuzha,Harippad,Banana,Nendra Bale,Medium,19/05/2025,"6,000","6,500","6,000",60.00
Kerala,Alappuzha,Harippad,Cabbage,Other,FAQ,19/05/2025,"4,000","4,500","4,000",40.00
Kerala,Alappuzha,Harippad,Colacasia,Other,FAQ,19/05/2025,"8,000","9,700","8,000",80.00
Kerala,Alappuzha,Harippad,Onion,Other,FAQ,19/05/2025,"5,000","5,500","5,000",50.00
Kerala,Alappuzha,Mannar,Capsicum,Other,FAQ,19/05/2025,"6,000","6,200","6,100",61.00
Kerala,Alappuzha,Mannar,Drumstick,Other,FAQ,19/05/2025,"4,000","4,200","4,100",41.00
Kerala,Alappuzha,Mannar,Onion,Small,FAQ,19/05/2025,"4,000","4,200","4,100",41.00
Kerala,Ernakulam,Angamaly,Banana - Green,Banana - Green,FAQ,19/05/2025,"5,200","6,500","6,000",60.00
Kerala,Ernakulam,Angamaly,Cauliflower,Cauliflower,FAQ,19/05/2025,"5,500","6,500","6,000",60.00
Kerala,Ernakulam,Angamaly,Cowpea(Veg),Cowpea (Veg),FAQ,19/05/2025,"3,000","5,000","4,000",40.00
Kerala,Ernakulam,Angamaly,Little gourd (Kundru),Other,FAQ,19/05/2025,"3,400","5,000","4,000",40.00
Kerala,Ernakulam,Angamaly,Snakeguard,Snakeguard,FAQ,19/05/2025,"3,500","5,000","4,000",40.00
Kerala,Ernakulam,Angamaly,Tomato,Other,FAQ,19/05/2025,"3,200","4,000","3,500",35.00
Kerala,Ernakulam,North Paravur,Alsandikai,Alsandikai,FAQ,19/05/2025,"2,500","3,500","3,000",30.00
Kerala,Ernakulam,North Paravur,Amla(Nelli Kai),Amla,FAQ,19/05/2025,"4,500","5,500","5,000",50.00
Kerala,Ernakulam,North Paravur,Ashgourd,Ashgourd,FAQ,19/05/2025,"1,400","2,000","1,800",18.00
Kerala,Ernakulam,North Paravur,Bhindi(Ladies Finger),Bhindi,FAQ,19/05/2025,"2,500","3,000","2,800",28.00
Kerala,Ernakulam,North Paravur,Coconut,Big,FAQ,19/05/2025,"6,200","7,000","6,800",68.00
Kerala,Ernakulam,North Paravur,Coriander(Leaves),Coriander,FAQ,19/05/2025,"6,000","7,000","6,500",65.00
Kerala,Ernakulam,North Paravur,Drumstick,Drumstick,FAQ,19/05/2025,"8,000","9,000","8,500",85.00
Kerala,Ernakulam,North Paravur,Indian Beans (Seam),Indian Beans (Seam),FAQ,19/05/2025,"4,000","5,000","4,500",45.00
Kerala,Ernakulam,North Paravur,Lemon,Lemon,FAQ,19/05/2025,"11,000","15,500","12,000",120.00
Kerala,Ernakulam,North Paravur,Potato,(Red Nanital),FAQ,19/05/2025,"4,000","5,000","4,500",45.00
Kerala,Ernakulam,North Paravur,Pumpkin,Other,FAQ,19/05/2025,"1,200","1,800","1,500",15.00
Kerala,Ernakulam,North Paravur,Snakeguard,Other,FAQ,19/05/2025,"3,200","3,800","3,500",35.00
Kerala,Ernakulam,North Paravur,Sweet Potato,Hosur Green,FAQ,19/05/2025,"3,000","4,000","3,500",35.00
Kerala,Ernakulam,Perumbavoor,Beetroot,Beetroot,FAQ,19/05/2025,"2,300","3,300","2,700",27.00
Kerala,Ernakulam,Perumbavoor,Carrot,Carrot,FAQ,19/05/2025,"2,500","3,500","3,000",30.00
Kerala,Ernakulam,Perumbavoor,Green Chilli,Green Chilly,FAQ,19/05/2025,"3,000","4,000","3,500",35.00
Kerala,Ernakulam,Perumbavoor,Indian Beans (Seam),Indian Beans (Seam),FAQ,19/05/2025,"5,700","6,700","6,000",60.00
Kerala,Ernakulam,Perumbavoor,Onion,Onion,FAQ,19/05/2025,"1,600","2,600","2,000",20.00
Kerala,Ernakulam,Perumbavoor,Pineapple,Pine Apple,Medium,19/05/2025,"3,200","4,200","3,700",37.00
Kerala,Ernakulam,Perumbavoor,Tomato,Tomato,FAQ,19/05/2025,"2,000","3,000","2,500",25.00
Kerala,Ernakulam,Thrippunithura,Banana,Poovan,Medium,19/05/2025,"5,000","7,000","5,200",52.00
Kerala,Ernakulam,Thrippunithura,Beetroot,Beetroot,FAQ,19/05/2025,"6,500","7,000","6,700",67.00
Kerala,Ernakulam,Thrippunithura,Bhindi(Ladies Finger),Bhindi,FAQ,19/05/2025,"4,300","5,000","4,500",45.00
Kerala,Ernakulam,Thrippunithura,Cauliflower,Cauliflower,FAQ,19/05/2025,"6,000","6,500","6,200",62.00
Kerala,Ernakulam,Thrippunithura,Mango (Raw-Ripe),Mango - Raw-Ripe,FAQ,19/05/2025,"3,800","5,000","4,000",40.00
Kerala,Ernakulam,Thrippunithura,Tapioca,Tapioca,FAQ,19/05/2025,"3,000","4,000","3,200",32.00
Kerala,Idukki,Munnar,Tapioca,Tapioca,FAQ,19/05/2025,"4,500","6,000","5,000",50.00
Kerala,Kannur,Kannur,Black pepper,Other,FAQ,19/05/2025,"64,000","70,000","68,000",680.00
Kerala,Kannur,Kannur,Cucumbar(Kheera),Cucumbar,FAQ,19/05/2025,"3,500","3,700","3,600",36.00
Kerala,Kannur,Kannur,Onion,Other,FAQ,19/05/2025,"2,000","2,200","2,100",21.00
Kerala,Kannur,Thalasserry,Banana,Other,Small,19/05/2025,"5,600","5,800","5,700",57.00
Kerala,Kannur,Thalasserry,Black pepper,Other,FAQ,19/05/2025,"64,000","66,000","65,000",650.00
Kerala,Kottayam,Ettumanoor,Banana,Banana - Ripe,Medium,19/05/2025,"5,000","5,400","5,200",52.00
Kerala,Kottayam,Ettumanoor,Beetroot,Other,FAQ,19/05/2025,"4,700","5,000","4,800",48.00
Kerala,Kottayam,Ettumanoor,Carrot,Carrot,FAQ,19/05/2025,"3,600","4,000","3,800",38.00
Kerala,Kottayam,Ettumanoor,Cluster beans,Other,FAQ,19/05/2025,"8,000","9,000","8,500",85.00
Kerala,Kottayam,Ettumanoor,Green Chilli,Green Chilly,FAQ,19/05/2025,"3,000","3,400","3,200",32.00
Kerala,Kottayam,Ettumanoor,Little gourd (Kundru),Other,FAQ,19/05/2025,"3,400","3,800","3,600",36.00
Kerala,Kottayam,Pampady,Banana,Medium,Medium,19/05/2025,"6,500","7,500","7,000",70.00
Kerala,Kottayam,Pampady,Banana,Robusta,Medium,19/05/2025,"3,000","4,500","3,500",35.00
Kerala,Kottayam,Pampady,Brinjal,Brinjal,FAQ,19/05/2025,"2,500","4,000","3,500",35.00
Kerala,Kottayam,Pampady,Cabbage,Other,FAQ,19/05/2025,"1,700","3,500","3,000",30.00
Kerala,Kottayam,Pampady,Drumstick,Other,FAQ,19/05/2025,"11,200","14,000","13,000",130.00
Kerala,Kozhikode(Calicut),Mavoor VFPCK,Bhindi(Ladies Finger),Bhindi,FAQ,19/05/2025,"4,000","4,000","4,000",40.00
Kerala,Kozhikode(Calicut),Mukkom,Apple,Other,Large,19/05/2025,"23,500","24,500","24,000",240.00
Kerala,Kozhikode(Calicut),Mukkom,Ginger(Green),Green Ginger,FAQ,19/05/2025,"5,000","6,000","5,500",55.00
Kerala,Kozhikode(Calicut),Mukkom,Pumpkin,Pumpkin,FAQ,19/05/2025,"1,500","1,800","1,600",16.00
Kerala,Kozhikode(Calicut),Palayam,Amaranthus,Other,FAQ,19/05/2025,"1,800","1,800","1,800",18.00
Kerala,Kozhikode(Calicut),Palayam,Beetroot,Other,FAQ,19/05/2025,"4,200","4,200","4,200",42.00
Kerala,Kozhikode(Calicut),Palayam,Bitter gourd,Bitter Gourd,FAQ,19/05/2025,"5,500","5,500","5,500",55.00
Kerala,Kozhikode(Calicut),Palayam,Bottle gourd,Other,FAQ,19/05/2025,"1,800","1,800","1,800",18.00
Kerala,Kozhikode(Calicut),Palayam,Cowpea(Veg),Other,FAQ,19/05/2025,"3,100","3,100","3,100",31.00
Kerala,Kozhikode(Calicut),Palayam,Drumstick,Other,FAQ,19/05/2025,"5,500","5,500","5,500",55.00
Kerala,Kozhikode(Calicut),Palayam,Pumpkin,Other,FAQ,19/05/2025,700,700,700,7.00
Kerala,Kozhikode(Calicut),Palayam,Raddish,Other,FAQ,19/05/2025,"2,000","2,000","2,000",20.00
Kerala,Kozhikode(Calicut),Palayam,Snakeguard,Other,FAQ,19/05/2025,"2,200","2,200","2,200",22.00
Kerala,Kozhikode(Calicut),Perambra,Bhindi(Ladies Finger),Other,FAQ,19/05/2025,"3,000","4,000","3,500",35.00
Kerala,Kozhikode(Calicut),Perambra,Brinjal,Other,FAQ,19/05/2025,"2,800","3,500","3,000",30.00
Kerala,Kozhikode(Calicut),Perambra,Carrot,Other,FAQ,19/05/2025,"3,800","4,200","4,000",40.00
Kerala,Kozhikode(Calicut),Perambra,Cauliflower,Cauliflower,FAQ,19/05/2025,"4,000","4,500","4,300",43.00
Kerala,Kozhikode(Calicut),Perambra,Cluster beans,Other,FAQ,19/05/2025,"3,000","4,000","3,700",37.00
Kerala,Kozhikode(Calicut),Perambra,Onion,Other,FAQ,19/05/2025,"2,000","2,200","2,100",21.00
Kerala,Kozhikode(Calicut),Perambra,Pumpkin,Other,FAQ,19/05/2025,"1,500","1,700","1,600",16.00
Kerala,Kozhikode(Calicut),Perambra,Snakeguard,Other,FAQ,19/05/2025,"3,500","4,000","3,800",38.00
Kerala,Kozhikode(Calicut),Perambra,Tomato,Tomato,FAQ,19/05/2025,"1,700","2,000","1,800",18.00
Kerala,Kozhikode(Calicut),Quilandy,Bottle gourd,Other,FAQ,19/05/2025,"2,200","2,500","2,400",24.00
Kerala,Kozhikode(Calicut),Quilandy,Cabbage,Other,FAQ,19/05/2025,"1,700","2,000","1,800",18.00
Kerala,Kozhikode(Calicut),Quilandy,Cucumbar(Kheera),Other,FAQ,19/05/2025,"3,000","3,200","3,000",30.00
Kerala,Kozhikode(Calicut),Quilandy,Drumstick,Other,FAQ,19/05/2025,"6,800","7,000","6,800",68.00
Kerala,Kozhikode(Calicut),Quilandy,Ginger(Green),Other,FAQ,19/05/2025,"5,800","6,000","6,000",60.00
Kerala,Kozhikode(Calicut),Quilandy,Potato,Other,FAQ,19/05/2025,"2,700","2,800","2,700",27.00
Kerala,Kozhikode(Calicut),Quilandy,Tomato,Other,FAQ,19/05/2025,"1,700","1,800","1,700",17.00
Kerala,Kozhikode(Calicut),Vengeri(Kozhikode),Ashgourd,Ashgourd,FAQ,19/05/2025,"1,100","1,400","1,400",14.00
Kerala,Kozhikode(Calicut),Vengeri(Kozhikode),Bhindi(Ladies Finger),Bhindi,FAQ,19/05/2025,"1,900","2,200","2,200",22.00
Kerala,Kozhikode(Calicut),Vengeri(Kozhikode),Drumstick,Drumstick,FAQ,19/05/2025,"5,600","5,900","5,900",59.00
Kerala,Kozhikode(Calicut),Vengeri(Kozhikode),Tomato,Tomato,FAQ,19/05/2025,"1,600","1,900","1,900",19.00
Kerala,Malappuram,Kottakkal,Amranthas Red,Chawli Lal,FAQ,19/05/2025,"1,800","2,000","1,900",19.00
Kerala,Malappuram,Kottakkal,Cauliflower,Other,FAQ,19/05/2025,"3,000","3,200","3,100",31.00
Kerala,Malappuram,Kottakkal,Ginger(Green),Other,FAQ,19/05/2025,"3,600","3,800","3,700",37.00
Kerala,Malappuram,Kottakkal,Grapes,Black,Large,19/05/2025,"6,600","6,800","6,700",67.00
Kerala,Malappuram,Kottakkal,Mango,Amrapali,Large,19/05/2025,"7,800","8,000","7,900",79.00
Kerala,Malappuram,Kottakkal,Orange,Other,Large,19/05/2025,"8,300","8,500","8,400",84.00
Kerala,Malappuram,Kottakkal,Pineapple,Other,Large,19/05/2025,"4,300","4,500","4,400",44.00
Kerala,Malappuram,Kottakkal,Potato,Other,FAQ,19/05/2025,"2,600","2,800","2,700",27.00
Kerala,Malappuram,Perinthalmanna,Amla(Nelli Kai),Amla,FAQ,19/05/2025,"4,000","4,500","4,200",42.00
Kerala,Malappuram,Perinthalmanna,Beetroot,Beetroot,FAQ,19/05/2025,"3,600","4,400","4,000",40.00
Kerala,Malappuram,Perinthalmanna,Bitter gourd,Bitter Gourd,FAQ,19/05/2025,"5,500","6,200","6,000",60.00
Kerala,Malappuram,Perinthalmanna,Carrot,Carrot,FAQ,19/05/2025,"2,500","3,000","2,800",28.00
Kerala,Malappuram,Perinthalmanna,Cowpea(Veg),Cowpea (Veg),FAQ,19/05/2025,"3,500","4,500","3,800",38.00
Kerala,Malappuram,Perinthalmanna,Onion,Onion,FAQ,19/05/2025,"1,800","2,200","1,900",19.00
Kerala,Malappuram,Perinthalmanna,Pumpkin,Pumpkin,FAQ,19/05/2025,"1,200","1,800","1,400",14.00
Kerala,Palakad,Koduvayoor,Ginger(Green),Other,FAQ,19/05/2025,"4,200","4,600","4,400",44.00
Kerala,Palakad,Koduvayoor,Lemon,Other,FAQ,19/05/2025,"6,500","6,900","6,700",67.00
Kerala,Palakad,Koduvayoor,Little gourd (Kundru),Other,FAQ,19/05/2025,"3,500","3,900","3,700",37.00
Kerala,Palakad,Koduvayoor,Onion,Small,FAQ,19/05/2025,"5,800","6,200","6,000",60.00
Kerala,Palakad,Koduvayoor,Pumpkin,Other,FAQ,19/05/2025,"1,200","1,600","1,400",14.00
Kerala,Palakad,Koduvayoor,Sweet Potato,Other,FAQ,19/05/2025,"3,000","3,400","3,200",32.00
Kerala,Thirssur,Thrissur,Cabbage,Cabbage,FAQ,19/05/2025,"1,500","1,500","1,500",15.00
Kerala,Thirssur,Thrissur,Carrot,Carrot,FAQ,19/05/2025,"3,500","3,500","3,500",35.00
Kerala,Thirssur,Thrissur,Pumpkin,Pumpkin,FAQ,19/05/2025,"1,000","1,000","1,000",10.00
Kerala,Thiruvananthapuram,Parassala,Banana,Red Banana,Medium,19/05/2025,"6,800","7,000","6,800",68.00
Kerala,Thiruvananthapuram,Parassala,Beans,Beans (Whole),FAQ,19/05/2025,"5,800","6,000","5,800",58.00
Kerala,Thiruvananthapuram,Parassala,Bitter gourd,Bitter Gourd,FAQ,19/05/2025,"5,800","6,000","5,800",58.00
Kerala,Thiruvananthapuram,Parassala,Carrot,Carrot,FAQ,19/05/2025,"2,800","3,000","2,800",28.00
Kerala,Thiruvananthapuram,Parassala,Lemon,Lemon,FAQ,19/05/2025,"9,800","10,000","9,800",98.00
Madhya Pradesh,Morena,Sabalgarh(F&V;),Potato,Jyoti,FAQ,19/05/2025,350,400,375,3.75
Madhya Pradesh,Morena,Sabalgarh(F&V;),Water Melon,Other,Medium,19/05/2025,600,700,650,6.50
Odisha,Bargarh,Attabira,Mango (Raw-Ripe),Other,FAQ,19/05/2025,"1,500","2,500","2,000",20.00
Odisha,Bhadrak,Chandabali,Potato,Other,FAQ,19/05/2025,"1,800","2,200","2,000",20.00
Odisha,Boudh,Boudh,Bhindi(Ladies Finger),Other,FAQ,19/05/2025,"7,800","8,200","8,000",80.00
Odisha,Boudh,Boudh,Onion,Other,Non-FAQ,19/05/2025,"1,000","2,000","1,500",15.00
Odisha,Boudh,Boudh,Tomato,Other,Non-FAQ,19/05/2025,"1,600","2,000","1,800",18.00
Odisha,Boudh,Khunthabandha,Onion,Other,Non-FAQ,19/05/2025,"1,000","1,500","1,200",12.00
Odisha,Dhenkanal,Hindol,Beans,Other,FAQ,19/05/2025,"6,500","7,000","6,800",68.00
Odisha,Dhenkanal,Hindol,Pointed gourd (Parval),Other,FAQ,19/05/2025,"2,000","2,500","2,200",22.00
Odisha,Dhenkanal,Hindol,Tomato,Tomato,Non-FAQ,19/05/2025,"1,800","2,000","1,900",19.00
Odisha,Dhenkanal,Kamakhyanagar,Brinjal,Brinjal,FAQ,19/05/2025,"3,500","4,200","4,000",40.00
Odisha,Gajapati,Parlakhemundi,Cabbage,Other,FAQ,19/05/2025,450,500,500,5.00
Odisha,Ganjam,Bhanjanagar,Carrot,Carrot,FAQ,19/05/2025,"2,800","3,000","2,900",29.00
Odisha,Ganjam,Bhanjanagar,Tomato,Other,FAQ,19/05/2025,"1,600","1,800","1,700",17.00
Odisha,Kendrapara,Kendrapara,Bitter gourd,Bitter Gourd,FAQ,19/05/2025,"4,000","5,000","4,000",40.00
Odisha,Kendrapara,Kendrapara(Marshaghai),Pumpkin,Pumpkin,FAQ,19/05/2025,"1,500","2,000","1,500",15.00
Odisha,Kendrapara,Kendrapara(Marshaghai),Tomato,Tomato,Non-FAQ,19/05/2025,"2,500","3,000","2,500",25.00
Odisha,Nayagarh,Bahadajholla,Tomato,Other,FAQ,19/05/2025,"1,400","1,400","1,400",14.00
Odisha,Nayagarh,Gunpur,Cauliflower,Other,FAQ,19/05/2025,"2,500","3,500","3,000",30.00
Odisha,Rayagada,Rayagada(Muniguda),Beetroot,Beetroot,FAQ,19/05/2025,"3,500","4,500","4,000",40.00
Odisha,Sundergarh,Panposh,Brinjal,Other,FAQ,19/05/2025,"2,000","2,600","2,400",24.00
Odisha,Sundergarh,Panposh,Pumpkin,Other,FAQ,19/05/2025,"1,000","1,400","1,200",12.00
Odisha,Sundergarh,Panposh,Tomato,Other,Non-FAQ,19/05/2025,"2,000","2,600","2,400",24.00
Odisha,Sundergarh,Sargipali,Onion,Other,Non-FAQ,19/05/2025,"1,700","2,200","2,000",20.00
Odisha,Sundergarh,Sargipali,Pointed gourd (Parval),Pointed gourd (Parval),FAQ,19/05/2025,"5,000","5,500","5,200",52.00
Punjab,Amritsar,Rayya,Cauliflower,Local,FAQ,19/05/2025,600,600,600,6.00
Punjab,Amritsar,Rayya,Potato,Other,Non-FAQ,19/05/2025,700,700,700,7.00
Punjab,Amritsar,Rayya,Tomato,Hybrid,Non-FAQ,19/05/2025,800,800,800,8.00
Punjab,Gurdaspur,Kalanaur,Bottle gourd,Bottle Gourd,FAQ,19/05/2025,"2,000","2,000","2,000",20.00
Punjab,Gurdaspur,Kalanaur,Brinjal,Other,FAQ,19/05/2025,"4,000","4,000","4,000",40.00
Punjab,Hoshiarpur,Garh Shankar,Banana,Medium,Medium,19/05/2025,"2,500","3,000","2,700",27.00
Punjab,Hoshiarpur,Garh Shankar,Field Pea,Field Pea,FAQ,19/05/2025,"4,500","6,000","5,000",50.00
Punjab,Hoshiarpur,Garh Shankar,Garlic,Average,FAQ,19/05/2025,"6,000","7,000","6,500",65.00
Punjab,Hoshiarpur,Garh Shankar,Ginger(Green),Green Ginger,FAQ,19/05/2025,"3,500","3,800","3,700",37.00
Punjab,Hoshiarpur,Garh Shankar,Grapes,Other,Large,19/05/2025,"4,500","6,000","5,000",50.00
Punjab,Hoshiarpur,Garh Shankar,Papaya,Other,Medium,19/05/2025,"3,000","4,000","3,500",35.00
Punjab,Hoshiarpur,Garh Shankar,Tomato,Deshi,Non-FAQ,19/05/2025,750,"1,000",800,8.00
Punjab,Hoshiarpur,GarhShankar (Kotfatuhi),Cucumbar(Kheera),Other,FAQ,19/05/2025,500,"1,000",800,8.00
Punjab,Hoshiarpur,GarhShankar (Kotfatuhi),Green Chilli,Other,FAQ,19/05/2025,"1,200","1,500","1,400",14.00
Punjab,Hoshiarpur,GarhShankar (Kotfatuhi),Potato,Other,FAQ,19/05/2025,600,"1,000",800,8.00
Punjab,Hoshiarpur,Mukerian(Talwara),Bottle gourd,Bottle Gourd,FAQ,19/05/2025,600,"1,200",900,9.00
Punjab,Hoshiarpur,Mukerian(Talwara),Pumpkin,Pumpkin,FAQ,19/05/2025,"1,400","2,200","1,800",18.00
Punjab,Hoshiarpur,Tanda Urmur,Bitter gourd,Other,FAQ,19/05/2025,"1,500","2,000","1,800",18.00
Punjab,Hoshiarpur,Tanda Urmur,Brinjal,Other,FAQ,19/05/2025,"1,500","2,000","1,800",18.00
Punjab,Hoshiarpur,Tanda Urmur,Cucumbar(Kheera),Other,FAQ,19/05/2025,"2,000","2,500","2,200",22.00
Punjab,Hoshiarpur,Tanda Urmur,Field Pea,Other,FAQ,19/05/2025,"6,000","7,000","6,500",65.00
Punjab,Hoshiarpur,Tanda Urmur,Green Chilli,Other,FAQ,19/05/2025,"1,800","2,000","1,900",19.00
Punjab,Hoshiarpur,Tanda Urmur,Karbuja(Musk Melon),Other,Medium,19/05/2025,"2,000","2,500","2,200",22.00
Punjab,Hoshiarpur,Tanda Urmur,Mango,Other,Medium,19/05/2025,"5,500","6,500","6,000",60.00
Punjab,Hoshiarpur,Tanda Urmur,Tomato,Other,FAQ,19/05/2025,"1,200","1,500","1,400",14.00
Punjab,Ludhiana,Khanna,Chikoos(Sapota),Other,Medium,19/05/2025,"2,000","3,000","2,500",25.00
Punjab,Ludhiana,Khanna,Peach,Other,Medium,19/05/2025,"2,000","6,000","4,000",40.00
Punjab,Ludhiana,Khanna,Pumpkin,Other,FAQ,19/05/2025,400,700,500,5.00
Punjab,Ludhiana,Sahnewal,Water Melon,Water Melon,Medium,19/05/2025,800,800,800,8.00
Punjab,Moga,Kot ise Khan,Bitter gourd,Other,FAQ,19/05/2025,"1,000","1,200","1,100",11.00
Punjab,Moga,Kot ise Khan,Capsicum,Other,FAQ,19/05/2025,"1,000","1,200","1,100",11.00
Punjab,Moga,Nihal Singh Wala,Capsicum,Other,FAQ,19/05/2025,"1,500","2,000","1,800",18.00
Punjab,Nawanshahr,Nawan Shahar(Subzi Mandi),Apple,Apple,Medium,19/05/2025,"11,000","12,000","11,600",116.00
Punjab,Nawanshahr,Nawan Shahar(Subzi Mandi),Bhindi(Ladies Finger),Other,FAQ,19/05/2025,"2,500","3,000","2,700",27.00
Punjab,Nawanshahr,Nawan Shahar(Subzi Mandi),Cabbage,Other,FAQ,19/05/2025,"1,000","1,200","1,100",11.00
Punjab,Nawanshahr,Nawan Shahar(Subzi Mandi),Capsicum,Other,FAQ,19/05/2025,"2,000","2,300","2,200",22.00
Punjab,Nawanshahr,Nawan Shahar(Subzi Mandi),Field Pea,Other,FAQ,19/05/2025,"6,500","7,000","6,800",68.00
Punjab,Nawanshahr,Nawan Shahar(Subzi Mandi),Mango,Other,Medium,19/05/2025,"5,500","6,000","5,800",58.00
Punjab,Nawanshahr,Nawan Shahar(Subzi Mandi),Round gourd,Other,FAQ,19/05/2025,700,800,770,7.70
Punjab,Pathankot,Pathankot,Bottle gourd,Bottle Gourd,FAQ,19/05/2025,500,600,600,6.00
Punjab,Pathankot,Pathankot,French Beans (Frasbean),French Beans (Frasbean),FAQ,19/05/2025,"6,300","6,500","6,500",65.00
Punjab,Pathankot,Pathankot,Onion,Onion,Non-FAQ,19/05/2025,"1,100","1,500","1,500",15.00
Punjab,Pathankot,Pathankot,Raddish,Raddish,FAQ,19/05/2025,"1,300","1,500","1,500",15.00
Punjab,Pathankot,Pathankot,Water Melon,Other,Medium,19/05/2025,600,800,800,8.00
Punjab,Patiala,Ghanaur,Potato,Other,FAQ,19/05/2025,800,"1,000",900,9.00
Punjab,Patiala,Ghanaur,Tomato,Other,FAQ,19/05/2025,600,800,700,7.00
Punjab,Ropar (Rupnagar),Morinda,Apple,Apple,Medium,19/05/2025,"10,000","10,000","10,000",100.00
Punjab,Ropar (Rupnagar),Morinda,Bottle gourd,Bottle Gourd,FAQ,19/05/2025,"1,200","1,500","1,300",13.00
Punjab,Ropar (Rupnagar),Morinda,Cabbage,Cabbage,FAQ,19/05/2025,200,200,200,2.00
Punjab,Ropar (Rupnagar),Morinda,Capsicum,Capsicum,FAQ,19/05/2025,"1,500","1,500","1,500",15.00
Punjab,Ropar (Rupnagar),Morinda,Cucumbar(Kheera),Cucumbar,FAQ,19/05/2025,"1,000","1,200","1,100",11.00
Punjab,Ropar (Rupnagar),Morinda,Garlic,Garlic,FAQ,19/05/2025,"7,000","8,000","7,500",75.00
Punjab,Ropar (Rupnagar),Morinda,Mousambi(Sweet Lime),Mousambi,Medium,19/05/2025,"5,000","5,000","5,000",50.00
Punjab,Ropar (Rupnagar),Morinda,Onion,Onion,Non-FAQ,19/05/2025,"1,300","1,500","1,400",14.00
Punjab,Sangrur,Ahmedgarh,Bhindi(Ladies Finger),Other,FAQ,19/05/2025,"2,500","2,700","2,700",27.00
Punjab,Tarntaran,Naushera Pannuan,Bhindi(Ladies Finger),Other,FAQ,19/05/2025,"2,500","2,500","2,500",25.00
Punjab,Tarntaran,Naushera Pannuan,Bitter gourd,Bitter Gourd,FAQ,19/05/2025,"1,200","1,400","1,400",14.00
Punjab,Tarntaran,Naushera Pannuan,Cucumbar(Kheera),Cucumbar,FAQ,19/05/2025,"1,000","1,000","1,000",10.00
Punjab,Tarntaran,Patti,Bitter gourd,Other,FAQ,19/05/2025,"1,200","1,600","1,400",14.00
Punjab,Tarntaran,Patti,Garlic,Other,FAQ,19/05/2025,"6,000","7,000","6,500",65.00
Rajasthan,Chittorgarh,Begu,Maize,Other,FAQ,19/05/2025,"2,360","2,390","2,380",23.80
Rajasthan,Chittorgarh,Sriganganagar (F&V;),Apple,Apple,Medium,19/05/2025,"11,800","12,200","12,000",120.00
Rajasthan,Ganganagar,Sriganganagar (F&V;),Bhindi(Ladies Finger),Other,FAQ,19/05/2025,"2,000","2,400","2,200",22.00
Rajasthan,Ganganagar,Sriganganagar (F&V;),Pomegranate,Other,Medium,19/05/2025,"11,800","12,200","12,000",120.00
Rajasthan,Ganganagar,Suratgarh,Potato,(Red Nanital),FAQ,19/05/2025,700,"1,000",750,7.50
Rajasthan,Jaipur,Jaipur (F&V;),Ginger(Green),Green Ginger,FAQ,19/05/2025,"3,000","3,200","3,100",31.00
Rajasthan,Jaipur Rural,Bassi,Barley (Jau),Other,FAQ,19/05/2025,"1,950","2,251","2,100",21.00
Rajasthan,Jaipur Rural,Bassi,Taramira,Other,FAQ,19/05/2025,"5,191","5,245","5,218",52.18
Rajasthan,Jalore,Bhinmal,Tomato,Other,Non-FAQ,19/05/2025,500,500,500,5.00
Rajasthan,Jodhpur Rural,Ositan Mathania,Cummin Seed(Jeera),Other,FAQ,19/05/2025,"16,000","19,000","17,500",175.00
Rajasthan,Jodhpur Rural,Ositan Mathania,Mustard,Other,FAQ,19/05/2025,"6,500","7,500","7,000",70.00
Rajasthan,Jodhpur Rural,Ositan Mathania,Wheat,Local,FAQ,19/05/2025,"2,500","2,700","2,600",26.00
Rajasthan,Kota,Kota,Barley (Jau),Other,FAQ,19/05/2025,"2,201","2,300","2,250",22.50
Telangana,Adilabad,Khanapur,Paddy(Dhan)(Common),MTU-1010,FAQ,19/05/2025,"2,300","2,300","2,300",23.00
Telangana,Hyderabad,Mahboob Manison,Cabbage,Cabbage,FAQ,19/05/2025,600,"1,200",900,9.00
Telangana,Hyderabad,Mahboob Manison,Capsicum,Capsicum,FAQ,19/05/2025,"2,500","3,000","2,750",27.50
Telangana,Hyderabad,Mahboob Manison,Cluster beans,Cluster Beans,FAQ,19/05/2025,"3,000","3,000","3,000",30.00
Telangana,Hyderabad,Mahboob Manison,Dry Chillies,1st Sort,FAQ,19/05/2025,"9,000","13,000","10,000",100.00
Telangana,Hyderabad,Mahboob Manison,Green Chilli,Green Chilly,FAQ,19/05/2025,"2,500","3,000","2,750",27.50
Telangana,Hyderabad,Mahboob Manison,Onion,2nd Sort,Non-FAQ,19/05/2025,300,"1,000",800,8.00
Telangana,Hyderabad,Mahboob Manison,Tamarind Fruit,Chapathi,FAQ,19/05/2025,"9,000","11,000","10,000",100.00
Telangana,Karimnagar,Gangadhara,Paddy(Dhan)(Common),I.R. 64,FAQ,19/05/2025,"2,300","2,300","2,300",23.00
Telangana,Karimnagar,Huzzurabad,Paddy(Dhan)(Common),1001,FAQ,19/05/2025,"2,300","2,300","2,300",23.00
Telangana,Khammam,Charla,Paddy(Dhan)(Common),MTU-1010,FAQ,19/05/2025,"2,100","2,300","2,200",22.00
Telangana,Mahbubnagar,Alampur,Paddy(Dhan)(Common),Common,FAQ,19/05/2025,"1,800","2,400","2,300",23.00
Telangana,Nalgonda,Devarkonda(Mallepalli),Paddy(Dhan)(Common),MTU-1010,FAQ,19/05/2025,"2,300","2,300","2,300",23.00
Telangana,Ranga Reddy,Kukatpally(Rythu Bazar),Bhindi(Ladies Finger),Bhindi,FAQ,19/05/2025,"3,800","3,800","3,800",38.00
Telangana,Ranga Reddy,Kukatpally(Rythu Bazar),Cucumbar(Kheera),Cucumbar,FAQ,19/05/2025,"1,800","1,800","1,800",18.00
Telangana,Ranga Reddy,Kukatpally(Rythu Bazar),Leafy Vegetable,Leafy Vegetables,FAQ,19/05/2025,"2,000","2,000","2,000",20.00
Telangana,Ranga Reddy,Kukatpally(Rythu Bazar),Potato,(Red Nanital),FAQ,19/05/2025,"2,500","2,500","2,500",25.00
Telangana,Ranga Reddy,Kukatpally(Rythu Bazar),Pumpkin,Other,FAQ,19/05/2025,"1,300","1,300","1,300",13.00
Telangana,Ranga Reddy,Kukatpally(Rythu Bazar),Tomato,Deshi,FAQ,19/05/2025,"1,300","1,300","1,300",13.00
Telangana,Ranga Reddy,Mehndipatnam(Rythu Bazar),Beetroot,Beetroot,FAQ,19/05/2025,"1,700","1,700","1,700",17.00
Telangana,Ranga Reddy,Mehndipatnam(Rythu Bazar),Colacasia,Colacasia,FAQ,19/05/2025,"3,500","3,500","3,500",35.00
Telangana,Ranga Reddy,Mehndipatnam(Rythu Bazar),Field Pea,Field Pea,FAQ,19/05/2025,"6,500","6,500","6,500",65.00
Telangana,Ranga Reddy,Mehndipatnam(Rythu Bazar),Onion,1st Sort,Non-FAQ,19/05/2025,"1,600","1,600","1,600",16.00
Telangana,Warangal,Warangal,Beetroot,Beetroot,FAQ,19/05/2025,"2,000","2,500","2,250",22.50
Telangana,Warangal,Warangal,Brinjal,Brinjal,FAQ,19/05/2025,"1,600","2,000","1,800",18.00
Telangana,Warangal,Warangal,Cabbage,Cabbage,FAQ,19/05/2025,"2,000","2,500","2,250",22.50
Telangana,Warangal,Warangal,Carrot,Carrot,FAQ,19/05/2025,"2,000","2,500","2,250",22.50
Telangana,Warangal,Warangal,Cauliflower,Cauliflower,FAQ,19/05/2025,"3,500","4,000","3,750",37.50
Telangana,Warangal,Warangal,French Beans (Frasbean),French Beans (Frasbean),FAQ,19/05/2025,"7,500","8,000","7,750",77.50
Telangana,Warangal,Warangal,Tomato,Tomato,FAQ,19/05/2025,800,"1,000",900,9.00
Tripura,Dhalai,Kulai,Green Chilli,Green Chilly,FAQ,19/05/2025,"5,500","6,000","5,800",58.00
Tripura,Dhalai,Kulai,Pumpkin,Other,FAQ,19/05/2025,"3,000","3,500","3,300",33.00
Tripura,Dhalai,Kulai,Tomato,Deshi,FAQ,19/05/2025,"4,500","5,000","4,800",48.00
Tripura,Gomati,Nutanbazar,Snakeguard,Snakeguard,FAQ,19/05/2025,"3,850","4,000","3,950",39.50
Tripura,Khowai,Teliamura,Brinjal,Round/Long,FAQ,19/05/2025,"1,500","1,700","1,600",16.00
Tripura,Khowai,Teliamura,Garlic,China,FAQ,19/05/2025,"8,000","8,200","8,100",81.00
Tripura,Khowai,Teliamura,Ginger(Green),Green Ginger,FAQ,19/05/2025,"2,800","3,000","2,900",29.00
Tripura,Khowai,Teliamura,Sweet Pumpkin,Sweet Pumpkin,FAQ,19/05/2025,"1,600","1,800","1,700",17.00
Tripura,South District,Barpathari,Cucumbar(Kheera),Cucumbar,FAQ,19/05/2025,"3,900","4,100","4,000",40.00
Tripura,South District,Barpathari,Pointed gourd (Parval),Pointed gourd (Parval),FAQ,19/05/2025,"5,900","6,100","6,000",60.00
Tripura,South District,Barpathari,Sweet Pumpkin,Sweet Pumpkin,FAQ,19/05/2025,"1,900","2,100","2,000",20.00
Tripura,South District,Barpathari,Tomato,Tomato,FAQ,19/05/2025,"3,900","4,100","4,000",40.00
Uttar Pradesh,Agra,Achnera,Tomato,Deshi,FAQ,19/05/2025,700,800,750,7.50
Uttar Pradesh,Agra,Fatehabad,Bhindi(Ladies Finger),Bhindi,FAQ,19/05/2025,"1,000","1,200","1,200",12.00
Uttar Pradesh,Agra,Fatehabad,Cauliflower,Cauliflower,FAQ,19/05/2025,"1,200","1,400","1,400",14.00
Uttar Pradesh,Agra,Fatehabad,Tomato,Deshi,FAQ,19/05/2025,500,700,700,7.00
Uttar Pradesh,Aligarh,Charra,Bottle gourd,Bottle Gourd,FAQ,19/05/2025,"1,300","1,400","1,350",13.50
Uttar Pradesh,Aligarh,Charra,Cauliflower,Cauliflower,FAQ,19/05/2025,"1,300","1,500","1,400",14.00
Uttar Pradesh,Amethi,Sultanpur,Brinjal,Brinjal,FAQ,19/05/2025,"1,035","1,065","1,050",10.50
Uttar Pradesh,Amethi,Sultanpur,Tomato,Deshi,Non-FAQ,19/05/2025,660,685,675,6.75
Uttar Pradesh,Amroha,Amroha,Onion,Red,FAQ,19/05/2025,"1,100","1,270","1,190",11.90
Uttar Pradesh,Amroha,Amroha,Potato,Kufri Megha,FAQ,19/05/2025,"1,050","1,200","1,130",11.30
Uttar Pradesh,Amroha,Amroha,Tomato,Deshi,FAQ,19/05/2025,650,850,750,7.50
Uttar Pradesh,Amroha,Dhanaura,Cauliflower,Cauliflower,FAQ,19/05/2025,800,"1,000",900,9.00
Uttar Pradesh,Amroha,Dhanaura,Wheat,Dara,Non-FAQ,19/05/2025,"2,430","2,450","2,440",24.40
Uttar Pradesh,Badaun,Badayoun,Bhindi(Ladies Finger),Bhindi,FAQ,19/05/2025,"1,700","1,810","1,760",17.60
Uttar Pradesh,Badaun,Badayoun,Cauliflower,Cauliflower,FAQ,19/05/2025,"1,500","1,630","1,555",15.55
Uttar Pradesh,Badaun,Badayoun,Ginger(Green),Green Ginger,FAQ,19/05/2025,"4,050","4,180","4,110",41.10
Uttar Pradesh,Badaun,Badayoun,Potato,Desi,FAQ,19/05/2025,"1,080","1,190","1,135",11.35
Uttar Pradesh,Badaun,Badayoun,Potato,Desi,Non-FAQ,19/05/2025,"1,000","1,080","1,040",10.40
Uttar Pradesh,Badaun,Badayoun,Rice,III,FAQ,19/05/2025,"3,300","3,380","3,335",33.35
Uttar Pradesh,Badaun,Badayoun,Water Melon,Water Melon,Medium,19/05/2025,800,920,870,8.70
Uttar Pradesh,Badaun,Ujhani,Green Chilli,Green Chilly,FAQ,19/05/2025,"2,000","2,050","2,020",20.20
Uttar Pradesh,Badaun,Ujhani,Karbuja(Musk Melon),Karbhuja,Medium,19/05/2025,"1,650","1,750","1,700",17.00
Uttar Pradesh,Badaun,Ujhani,Tomato,Local,FAQ,19/05/2025,800,830,815,8.15
Uttar Pradesh,Badaun,Visoli,Wheat,Dara,FAQ,19/05/2025,"2,430","2,430","2,430",24.30
Uttar Pradesh,Bahraich,Naanpara,Apple,Apple,Medium,19/05/2025,"5,000","6,000","5,500",55.00
Uttar Pradesh,Bahraich,Naanpara,Banana - Green,Banana - Green,FAQ,19/05/2025,600,700,650,6.50
Uttar Pradesh,Ballia,Rasda,Banana,Banana - Ripe,Medium,19/05/2025,"2,865","3,000","2,925",29.25
Uttar Pradesh,Ballia,Rasda,Banana - Green,Banana - Green,FAQ,19/05/2025,"1,675","1,800","1,750",17.50
Uttar Pradesh,Ballia,Rasda,Bengal Gram Dal (Chana Dal),Bengal Gram Dal,FAQ,19/05/2025,"7,550","7,700","7,630",76.30
Uttar Pradesh,Ballia,Rasda,Bengal Gram(Gram)(Whole),Desi (Whole),FAQ,19/05/2025,"6,625","6,780","6,700",67.00
Uttar Pradesh,Ballia,Rasda,Bhindi(Ladies Finger),Bhindi,FAQ,19/05/2025,"1,465","1,600","1,525",15.25
Uttar Pradesh,Ballia,Rasda,Bitter gourd,Bitter Gourd,FAQ,19/05/2025,"1,550","1,700","1,635",16.35
Uttar Pradesh,Ballia,Rasda,Brinjal,Brinjal,FAQ,19/05/2025,"1,200","1,310","1,265",12.65
Uttar Pradesh,Ballia,Rasda,Garlic,Average,FAQ,19/05/2025,"6,200","6,310","6,245",62.45
Uttar Pradesh,Balrampur,Balrampur,Brinjal,Round/Long,FAQ,19/05/2025,"1,400","1,600","1,500",15.00
Uttar Pradesh,Balrampur,Balrampur,Cabbage,Cabbage,FAQ,19/05/2025,900,"1,100","1,000",10.00
Uttar Pradesh,Balrampur,Balrampur,Cucumbar(Kheera),Cucumbar,FAQ,19/05/2025,"1,050","1,260","1,150",11.50
Uttar Pradesh,Balrampur,Balrampur,Mousambi(Sweet Lime),Mousambi,Medium,19/05/2025,"3,550","3,760","3,650",36.50
Uttar Pradesh,Balrampur,Panchpedwa,Rice,III,FAQ,19/05/2025,"2,600","3,000","2,800",28.00
Uttar Pradesh,Balrampur,Panchpedwa,Wheat,Dara,FAQ,19/05/2025,"2,425","2,550","2,500",25.00
Uttar Pradesh,Balrampur,Tulsipur,Bottle gourd,Bottle Gourd,FAQ,19/05/2025,"1,020","1,060","1,040",10.40
Uttar Pradesh,Balrampur,Tulsipur,Brinjal,Round/Long,FAQ,19/05/2025,"1,480","1,550","1,520",15.20
Uttar Pradesh,Balrampur,Tulsipur,Cauliflower,Cauliflower,FAQ,19/05/2025,"1,350","1,440","1,400",14.00
Uttar Pradesh,Bareilly,Anwala,Bottle gourd,Bottle Gourd,FAQ,19/05/2025,600,800,700,7.00
Uttar Pradesh,Bareilly,Anwala,Onion,Red,FAQ,19/05/2025,"1,000","1,200","1,100",11.00
Uttar Pradesh,Bijnor,Haldaur,Gur(Jaggery),Pathari,FAQ,19/05/2025,"3,600","3,800","3,700",37.00
Uttar Pradesh,Bulandshahar,Gulavati,Bottle gourd,Bottle Gourd,FAQ,19/05/2025,"1,000","1,200","1,100",11.00
Uttar Pradesh,Bulandshahar,Gulavati,Pumpkin,Other,FAQ,19/05/2025,750,850,800,8.00
Uttar Pradesh,Bulandshahar,Awagarh,Bottle gourd,Bottle Gourd,FAQ,19/05/2025,"1,500","1,800","1,600",16.00
Uttar Pradesh,Etah,Awagarh,Cauliflower,Cauliflower,FAQ,19/05/2025,"1,200","1,450","1,300",13.00
Uttar Pradesh,Etah,Awagarh,Water Melon,Water Melon,Medium,19/05/2025,900,"1,050","1,000",10.00
Uttar Pradesh,Etawah,Jasvantnagar,Tomato,Hybrid,FAQ,19/05/2025,"1,235","1,335","1,285",12.85
Uttar Pradesh,Firozabad,Sirsaganj,Pumpkin,Pumpkin,FAQ,19/05/2025,"1,000","1,200","1,100",11.00
Uttar Pradesh,Hardoi,Hardoi,Onion,Pusa-Red,FAQ,19/05/2025,"1,140","1,210","1,180",11.80
Uttar Pradesh,Hathras,Shadabad,Onion,Red,FAQ,19/05/2025,"1,700","1,800","1,750",17.50
Uttar Pradesh,Khiri (Lakhimpur),Maigalganj,Apple,Kasmir/Shimla - II,Medium,19/05/2025,"8,200","8,280","8,240",82.40
Uttar Pradesh,Khiri (Lakhimpur),Maigalganj,Garlic,Garlic,FAQ,19/05/2025,"2,650","2,700","2,675",26.75
Uttar Pradesh,Khiri (Lakhimpur),Maigalganj,Potato,Desi,FAQ,19/05/2025,"1,425","1,475","1,450",14.50
Uttar Pradesh,Lalitpur,Mehrauni,Soyabean,Soyabeen,Non-FAQ,19/05/2025,"4,000","4,200","4,100",41.00
Uttar Pradesh,Maharajganj,Anandnagar,Green Chilli,Green Chilly,FAQ,19/05/2025,"2,800","3,200","3,000",30.00
Uttar Pradesh,Maharajganj,Anandnagar,Gur(Jaggery),Red,FAQ,19/05/2025,"3,800","4,200","4,000",40.00
Uttar Pradesh,Mahoba,Charkhari,Barley (Jau),Dara,FAQ,19/05/2025,"2,100","2,200","2,200",22.00
Uttar Pradesh,Mahoba,Charkhari,Wheat,147 Average,FAQ,19/05/2025,"2,450","2,460","2,450",24.50
Uttar Pradesh,Mahoba,Charkhari,Wood,Other,FAQ,19/05/2025,420,420,420,4.20
Uttar Pradesh,Mainpuri,Ghiraur,Bengal Gram(Gram)(Whole),Desi (Whole),FAQ,19/05/2025,"6,325","6,430","6,365",63.65
Uttar Pradesh,Mau(Maunathbhanjan),Doharighat,Masur Dal,Kala Masoor New,FAQ,19/05/2025,"9,000","9,100","9,050",90.50
Uttar Pradesh,Mau(Maunathbhanjan),Kopaganj,Bhindi(Ladies Finger),Bhindi,FAQ,19/05/2025,700,"1,000",800,8.00
Uttar Pradesh,Mau(Maunathbhanjan),Kopaganj,Potato,Desi,FAQ,19/05/2025,700,900,800,8.00
Uttar Pradesh,Muzaffarnagar,Muzzafarnagar,Tomato,Hybrid,FAQ,19/05/2025,750,900,800,8.00
Uttar Pradesh,Muzaffarnagar,Muzzafarnagar,Tomato,Hybrid,Non-FAQ,19/05/2025,600,700,650,6.50
Uttar Pradesh,Pillibhit,Pilibhit,Apple,Delicious,Medium,19/05/2025,"9,450","9,540","9,495",94.95
Uttar Pradesh,Pillibhit,Pilibhit,Cauliflower,Local,FAQ,19/05/2025,"1,435","1,515","1,475",14.75
Uttar Pradesh,Pillibhit,Pilibhit,Tomato,Local,FAQ,19/05/2025,755,835,795,7.95
Uttar Pradesh,Pillibhit,Pilibhit,Tomato,Local,Non-FAQ,19/05/2025,655,730,690,6.90
Uttar Pradesh,Prayagraj,Ajuha,Tomato,Deshi,FAQ,19/05/2025,740,880,800,8.00
Uttar Pradesh,Prayagraj,Jasra,Bhindi(Ladies Finger),Bhindi,FAQ,19/05/2025,"1,300","1,425","1,365",13.65
Uttar Pradesh,Prayagraj,Jasra,Garlic,Garlic,FAQ,19/05/2025,"6,200","6,375","6,300",63.00
Uttar Pradesh,Rampur,Tanda(Rampur),Bitter gourd,Other,FAQ,19/05/2025,"1,000","1,040","1,020",10.20
Uttar Pradesh,Rampur,Tanda(Rampur),Tomato,Deshi,FAQ,19/05/2025,800,840,820,8.20
Uttar Pradesh,Rampur,Tanda(Rampur),Wood,Other,FAQ,19/05/2025,530,550,540,5.40
Uttar Pradesh,Sambhal,Bhehjoi,Potato,Potato,Non-FAQ,19/05/2025,700,710,705,7.05
Uttar Pradesh,Shamli,Kairana,Cabbage,Cabbage,FAQ,19/05/2025,900,"1,000",950,9.50
Uttar Pradesh,Shamli,Hargaon (Laharpur),Gur(Jaggery),Yellow,FAQ,19/05/2025,"3,000","3,200","3,100",31.00
Uttar Pradesh,Sitapur,Hargaon (Laharpur),Onion,Nasik,FAQ,19/05/2025,950,"1,050","1,000",10.00
Uttar Pradesh,Sitapur,Hargaon (Laharpur),Potato,Local,FAQ,19/05/2025,850,950,900,9.00
Uttar Pradesh,Sitapur,Sitapur,Arhar Dal(Tur Dal),Arhar Dal(Tur),FAQ,19/05/2025,"10,000","11,250","11,160",111.60
Uttar Pradesh,Sitapur,Sitapur,Banana,Banana - Ripe,Medium,19/05/2025,"2,600","2,950","2,785",27.85
Uttar Pradesh,Sitapur,Sitapur,Ginger(Green),Green Ginger,FAQ,19/05/2025,"3,200","3,700","3,560",35.60
Uttar Pradesh,Sitapur,Sitapur,Mustard,Sarson(Black),FAQ,19/05/2025,"5,700","6,700","5,970",59.70
Uttar Pradesh,Sitapur,Sitapur,Onion,Red,FAQ,19/05/2025,"1,000","1,300","1,175",11.75
Uttar Pradesh,Sitapur,Sitapur,Tomato,Hybrid,FAQ,19/05/2025,700,900,800,8.00
Uttrakhand,Dehradoon,Rishikesh,Carrot,Other,FAQ,19/05/2025,"1,000","1,500","1,250",12.50
Uttrakhand,Dehradoon,Rishikesh,Cucumbar(Kheera),Other,FAQ,19/05/2025,550,800,600,6.00
Uttrakhand,Dehradoon,Rishikesh,Mousambi(Sweet Lime),Other,Medium,19/05/2025,"3,000","4,000","3,500",35.00
Uttrakhand,Dehradoon,Rishikesh,Onion,Other,FAQ,19/05/2025,"1,100","1,450","1,250",12.50
Uttrakhand,Dehradoon,Rishikesh,Peach,Other,Medium,19/05/2025,"3,500","4,800","4,250",42.50
Uttrakhand,Dehradoon,Rishikesh,Water Melon,Other,Medium,19/05/2025,600,800,650,6.50
Uttrakhand,Dehradoon,Vikasnagar,Cauliflower,Other,FAQ,19/05/2025,150,500,500,5.00
Uttrakhand,Dehradoon,Vikasnagar,Onion,Other,Non-FAQ,19/05/2025,"1,200","1,200","1,200",12.00
Uttrakhand,Haridwar,Haridwar Union,Bottle gourd,Bottle Gourd,FAQ,19/05/2025,400,600,500,5.00
Uttrakhand,Haridwar,Haridwar Union,Karbuja(Musk Melon),Karbhuja,Medium,19/05/2025,"1,500","2,000","1,600",16.00
Uttrakhand,Haridwar,Haridwar Union,Onion,Onion,FAQ,19/05/2025,"1,000","1,500","1,200",12.00
Uttrakhand,Haridwar,Haridwar Union,Potato,Potato,FAQ,19/05/2025,800,"1,000",900,9.00
Uttrakhand,Haridwar,Roorkee,Bhindi(Ladies Finger),Other,FAQ,19/05/2025,"1,000","2,000","1,500",15.00
Uttrakhand,Haridwar,Roorkee,Cucumbar(Kheera),Other,FAQ,19/05/2025,500,700,600,6.00
Uttrakhand,Haridwar,Roorkee,Potato,Other,FAQ,19/05/2025,800,"1,200","1,000",10.00
Uttrakhand,Nanital,Ramnagar,Bottle gourd,Other,FAQ,19/05/2025,"2,800","3,000","2,900",29.00
Uttrakhand,Nanital,Ramnagar,French Beans (Frasbean),Other,FAQ,19/05/2025,"2,600","3,000","2,800",28.00
Uttrakhand,Nanital,Ramnagar,Lemon,Other,FAQ,19/05/2025,"4,500","5,500","5,000",50.00
Uttrakhand,Nanital,Ramnagar,Onion,Other,FAQ,19/05/2025,"2,100","2,500","2,300",23.00
Uttrakhand,Nanital,Ramnagar,Papaya,Other,Medium,19/05/2025,"3,800","4,000","3,900",39.00
Uttrakhand,Nanital,Ramnagar,Water Melon,Other,Medium,19/05/2025,"3,600","4,000","3,800",38.00
Uttrakhand,UdhamSinghNagar,Gadarpur,Rice,Other,FAQ,19/05/2025,"3,010","3,230","3,150",31.50
West Bengal,Bankura,Indus(Bankura Sadar),Green Chilli,Green Chilly,FAQ,19/05/2025,"4,200","4,600","4,500",45.00
West Bengal,Hooghly,Pandua,Bhindi(Ladies Finger),Other,FAQ,19/05/2025,"1,200","1,500","1,300",13.00
West Bengal,Hooghly,Sheoraphuly,Garlic,Other,FAQ,19/05/2025,"8,000","10,000","9,000",90.00
West Bengal,Hooghly,Sheoraphuly,Ridgeguard(Tori),Ridgeguard(Tori),FAQ,19/05/2025,"2,800","3,000","3,000",30.00
West Bengal,Jalpaiguri,Belacoba,Bitter gourd,Bitter Gourd,FAQ,19/05/2025,"1,400","1,600","1,500",15.00
West Bengal,Jhargram,Jhargram,Brinjal,Round/Long,FAQ,19/05/2025,"2,000","2,300","2,100",21.00
West Bengal,Jhargram,Jhargram,Rice,Common,FAQ,19/05/2025,"3,600","4,000","3,800",38.00
West Bengal,Medinipur(W),Ghatal,Mustard,Yellow (Black),FAQ,19/05/2025,"6,100","6,300","6,200",62.00
West Bengal,Murshidabad,Kasimbazar,Jute,TD-5,FAQ,19/05/2025,"6,000","6,100","6,050",60.50
West Bengal,Murshidabad,Kasimbazar,Rice,Other,FAQ,19/05/2025,"3,600","3,800","3,700",37.00
West Bengal,Puruliya,Balarampur,Onion,Other,FAQ,19/05/2025,"1,500","1,800","1,600",16.00
West Bengal,Puruliya,Balarampur,Ridgeguard(Tori),Other,FAQ,19/05/2025,"2,000","2,500","2,200",22.00
West Bengal,Sounth 24Parganas,Baruipur(Canning),Cucumbar(Kheera),Cucumbar,FAQ,19/05/2025,"2,800","3,000","2,900",29.00
Andhra Pradesh,Anantapur,Anantapur,Mousambi(Sweet Lime),Mousambi,Medium,19/05/2025,400,"4,300","2,500",25.00
Andhra Pradesh,Chittor,Chittoor,Gur(Jaggery),NO 2,FAQ,19/05/2025,"3,400","3,500","3,500",35.00
Andhra Pradesh,East Godavari,Ravulapelem,Banana,Amruthapani,Large,19/05/2025,"2,800","3,800","3,300",33.00
Andhra Pradesh,East Godavari,Ravulapelem,Banana,Chakkarakeli(Red),Large,19/05/2025,"3,700","4,700","4,500",45.00
Andhra Pradesh,Kurnool,Nandyal,Maize,Deshi Red,FAQ,19/05/2025,"2,300","2,300","2,300",23.00
Andhra Pradesh,Visakhapatnam,Chintapally,Turmeric,Finger,FAQ,19/05/2025,"6,000","7,000","6,500",65.00
Gujarat,Amreli,Damnagar,Green Chilli,Green Chilly,FAQ,19/05/2025,"1,550","2,550","2,200",22.00
Gujarat,Amreli,Damnagar,Tomato,Local,Non-FAQ,19/05/2025,"1,650","2,550","2,050",20.50
Gujarat,Amreli,Savarkundla,Groundnut,Big (With Shell),Non-FAQ,19/05/2025,"4,900","5,450","5,150",51.50
Gujarat,Anand,Khambhat(Grain Market),Wheat,Other,FAQ,19/05/2025,"2,350","2,700","2,500",25.00
Gujarat,Bharuch,Jambusar(Kaavi),Castor Seed,Other,FAQ,19/05/2025,"5,600","6,000","5,800",58.00
Gujarat,Gandhinagar,Mansa(Manas Veg Yard),Guar,Other,FAQ,19/05/2025,"3,500","5,000","4,000",40.00
Gujarat,Junagarh,Bhesan,Arhar (Tur/Red Gram)(Whole),Other,FAQ,19/05/2025,"4,500","6,500","6,000",60.00
Gujarat,Junagarh,Bhesan,Cotton,Other,FAQ,19/05/2025,"5,000","7,500","6,500",65.00
Gujarat,Junagarh,Bhesan,"Sesamum(Sesame,Gingelly,Til)",Other,FAQ,19/05/2025,"6,000","9,000","7,000",70.00
Gujarat,Junagarh,Mangrol,Corriander seed,Coriander Seed,FAQ,19/05/2025,"6,500","6,550","6,530",65.30
Gujarat,Junagarh,Mangrol,Wheat,Lok-1,FAQ,19/05/2025,"2,500","2,600","2,575",25.75
Gujarat,Navsari,Bilimora,Bottle gourd,Other,FAQ,19/05/2025,"1,500","2,000","1,800",18.00
Gujarat,Navsari,Bilimora,Onion,Nasik,FAQ,19/05/2025,"1,000","1,800","1,400",14.00
Gujarat,Rajkot,Dhoraji,Castor Seed,Castor seed,FAQ,19/05/2025,"5,655","6,130","5,955",59.55
Gujarat,Rajkot,Rajkot(Veg.Sub Yard),Cluster beans,Cluster Beans,FAQ,19/05/2025,"3,000","5,000","4,000",40.00
Gujarat,Rajkot,Rajkot(Veg.Sub Yard),Lemon,Lemon,FAQ,19/05/2025,"5,000","12,000","8,500",85.00
Gujarat,Rajkot,Rajkot(Veg.Sub Yard),Potato,Desi,FAQ,19/05/2025,800,"1,900","1,350",13.50
Gujarat,Surat,Bardoli(Katod),Bhindi(Ladies Finger),Other,FAQ,19/05/2025,"1,100","2,100","1,750",17.50
Gujarat,Surat,Bardoli(Katod),Brinjal,Other,FAQ,19/05/2025,"1,250","2,200","1,650",16.50
Gujarat,Surat,Mahuva(Anaval),Mango,Raspuri,Medium,19/05/2025,"2,750","3,250","3,000",30.00
Gujarat,Surat,Surat,Banana - Green,Other,FAQ,19/05/2025,"1,000","2,000","1,500",15.00
Gujarat,Surat,Surat,Drumstick,Other,FAQ,19/05/2025,"1,000","3,800","2,400",24.00
Gujarat,Surat,Surat,Elephant Yam (Suran),Other,FAQ,19/05/2025,"6,500","7,000","6,750",67.50
Gujarat,Surat,Surat,Ginger(Green),Other,FAQ,19/05/2025,"1,500","2,500","2,000",20.00
Gujarat,Surat,Surat,Pointed gourd (Parval),Other,FAQ,19/05/2025,"2,500","6,000","4,250",42.50
Gujarat,Surat,Surat,Surat Beans (Papadi),Other,FAQ,19/05/2025,"4,500","10,000","7,250",72.50
Gujarat,Surat,Surat,Sweet Potato,Other,FAQ,19/05/2025,"1,500","2,800","2,150",21.50
Gujarat,Surendranagar,Vadhvan,Banana,Other,Medium,19/05/2025,"2,500","3,000","2,750",27.50
Gujarat,Surendranagar,Vadhvan,Cauliflower,Cauliflower,FAQ,19/05/2025,"2,500","3,500","3,000",30.00
Gujarat,Surendranagar,Vadhvan,Cucumbar(Kheera),Cucumbar,FAQ,19/05/2025,500,"1,000",750,7.50
Gujarat,Surendranagar,Vadhvan,Mango,Badami,Medium,19/05/2025,"8,000","10,000","9,000",90.00
Gujarat,Surendranagar,Vadhvan,Onion Green,Onion Green,FAQ,19/05/2025,"2,000","2,500","2,250",22.50
Gujarat,Surendranagar,Vadhvan,Potato,Potato,Non-FAQ,19/05/2025,"1,500","2,000","1,750",17.50
Gujarat,Vadodara(Baroda),Padra,Cabbage,Other,FAQ,19/05/2025,600,"1,000",800,8.00
Gujarat,Vadodara(Baroda),Padra,Sponge gourd,Other,FAQ,19/05/2025,"1,500","2,500","2,000",20.00
Haryana,Fatehabad,Fatehabad,Apple,Other,Large,19/05/2025,"12,000","12,000","12,000",120.00
Haryana,Fatehabad,Fatehabad,Mango,Other,Large,19/05/2025,"5,000","5,000","5,000",50.00
Haryana,Fatehabad,Fatehabad,Onion,Other,FAQ,19/05/2025,"1,200","1,200","1,200",12.00
Haryana,Fatehabad,Fatehabad,Tomato,Other,FAQ,19/05/2025,"1,000","1,000","1,000",10.00
Haryana,Gurgaon,Gurgaon,Apple,Other,Large,19/05/2025,"10,000","15,000","12,500",125.00
Haryana,Gurgaon,Gurgaon,Bottle gourd,Bottle Gourd,FAQ,19/05/2025,800,"1,200","1,000",10.00
Haryana,Gurgaon,Gurgaon,Cabbage,Other,FAQ,19/05/2025,800,"1,200","1,000",10.00
Haryana,Gurgaon,Gurgaon,Pomegranate,Other,Large,19/05/2025,"5,000","10,000","7,500",75.00
Haryana,Hissar,Barwala(Hisar),Banana,Other,Medium,19/05/2025,"3,000","4,000","3,500",35.00
Haryana,Hissar,Barwala(Hisar),Onion,Other,FAQ,19/05/2025,900,"1,000","1,000",10.00
Haryana,Hissar,Barwala(Hisar),Tomato,Other,FAQ,19/05/2025,700,"1,000",900,9.00
Haryana,Hissar,Barwala(Hisar),Water Melon,Other,Medium,19/05/2025,400,500,500,5.00
Haryana,Hissar,Hansi,Bitter gourd,Other,FAQ,19/05/2025,"2,000","3,000","2,500",25.00
Haryana,Hissar,Hansi,Bottle gourd,Other,FAQ,19/05/2025,"1,000","2,000","1,500",15.00
Haryana,Hissar,Hansi,Chikoos(Sapota),Other,Medium,19/05/2025,"2,000","4,000","3,000",30.00
Haryana,Hissar,Hansi,Onion,Other,Non-FAQ,19/05/2025,"1,000","2,000","1,500",15.00
Haryana,Hissar,Uklana,Apple,Apple,Medium,19/05/2025,"7,000","7,000","7,000",70.00
Haryana,Hissar,Uklana,Banana - Green,Banana - Green,FAQ,19/05/2025,"1,500","1,500","1,500",15.00
Haryana,Hissar,Uklana,Tomato,Other,FAQ,19/05/2025,600,700,700,7.00
Haryana,Kaithal,Dhand,Apple,Other,Medium,19/05/2025,"8,500","9,000","8,900",89.00
Haryana,Kurukshetra,Babain,Onion,Local,FAQ,19/05/2025,250,979,800,8.00
Haryana,Mahendragarh-Narnaul,Narnaul,Capsicum,Capsicum,FAQ,19/05/2025,"2,000","2,000","2,000",20.00
Haryana,Mahendragarh-Narnaul,Narnaul,Cucumbar(Kheera),Cucumbar,FAQ,19/05/2025,"1,200","1,600","1,500",15.00
Haryana,Mahendragarh-Narnaul,Narnaul,Green Chilli,Green Chilly,FAQ,19/05/2025,"2,500","3,000","3,000",30.00
Haryana,Mahendragarh-Narnaul,Narnaul,Karbuja(Musk Melon),Karbhuja,Medium,19/05/2025,"1,500","2,000","1,600",16.00
Haryana,Mahendragarh-Narnaul,Narnaul,Mango (Raw-Ripe),Mango - Raw-Ripe,FAQ,19/05/2025,"2,000","2,500","2,500",25.00
Haryana,Mahendragarh-Narnaul,Narnaul,Pumpkin,Pumpkin,FAQ,19/05/2025,500,700,600,6.00
Haryana,Mewat,FerozpurZirkha(Nagina),Brinjal,Other,FAQ,19/05/2025,"1,200","1,600","1,400",14.00
Haryana,Mewat,Tauru,Bhindi(Ladies Finger),Bhindi,FAQ,19/05/2025,"2,000","2,000","2,000",20.00
Haryana,Mewat,Tauru,Spinach,Other,FAQ,19/05/2025,"1,000","1,000","1,000",10.00
Haryana,Panipat,Panipat,Chikoos(Sapota),Other,Medium,19/05/2025,"1,700","2,200","1,950",19.50
Haryana,Panipat,Samalkha,Bitter gourd,Bitter Gourd,FAQ,19/05/2025,"1,600","1,600","1,600",16.00
Haryana,Panipat,Samalkha,Ginger(Dry),Other,FAQ,19/05/2025,"6,000","6,000","6,000",60.00
Haryana,Rewari,Kosli,Pumpkin,Other,FAQ,19/05/2025,"1,000","1,000","1,000",10.00
Haryana,Rohtak,Meham,Banana,Other,Medium,19/05/2025,"1,500","1,800","1,700",17.00
Haryana,Rohtak,Meham,Bottle gourd,Bottle Gourd,FAQ,19/05/2025,"2,000","2,000","2,000",20.00
Haryana,Rohtak,Meham,Cucumbar(Kheera),Cucumbar,FAQ,19/05/2025,"1,000","1,200","1,100",11.00
Haryana,Rohtak,Meham,Water Melon,Other,Medium,19/05/2025,600,600,600,6.00
Haryana,Sonipat,Ganaur,Bottle gourd,Bottle Gourd,FAQ,19/05/2025,"1,400","1,500","1,400",14.00
Haryana,Sonipat,Ganaur,Mango,Other,Medium,19/05/2025,"4,500","5,000","4,800",48.00
Haryana,Sonipat,Ganaur,Mousambi(Sweet Lime),Mousambi,Medium,19/05/2025,"3,000","3,500","3,200",32.00
Haryana,Sonipat,Ganaur,Spinach,Spinach,FAQ,19/05/2025,"1,800","2,000","1,800",18.00
Haryana,Sonipat,Ganaur,Water Melon,Water Melon,Medium,19/05/2025,800,"1,000","1,000",10.00
Haryana,Sonipat,Gohana,Banana - Green,Other,FAQ,19/05/2025,"2,000","2,500","2,200",22.00
Haryana,Sonipat,Gohana,Bhindi(Ladies Finger),Other,FAQ,19/05/2025,"1,800","2,500","2,000",20.00
Haryana,Sonipat,Gohana,Cucumbar(Kheera),Other,FAQ,19/05/2025,"1,000","3,000","2,000",20.00
Haryana,Sonipat,Gohana,Tomato,Other,FAQ,19/05/2025,800,"1,200","1,000",10.00
Haryana,Yamuna Nagar,Radaur,Bitter gourd,Other,FAQ,19/05/2025,"1,500","2,000","1,700",17.00
Haryana,Yamuna Nagar,Radaur,Capsicum,Capsicum,FAQ,19/05/2025,"1,500","1,800","1,700",17.00
Haryana,Yamuna Nagar,Radaur,Cauliflower,Other,FAQ,19/05/2025,"2,500","3,500","3,000",30.00
Haryana,Yamuna Nagar,Radaur,Karbuja(Musk Melon),Other,Medium,19/05/2025,900,"1,200","1,100",11.00
Haryana,Yamuna Nagar,Sadhaura,Banana,Banana - Ripe,Medium,19/05/2025,"2,500","2,500","2,500",25.00
Haryana,Yamuna Nagar,Sadhaura,Bhindi(Ladies Finger),Bhindi,FAQ,19/05/2025,"1,000","1,300","1,150",11.50
Haryana,Yamuna Nagar,Sadhaura,Cucumbar(Kheera),Cucumbar,FAQ,19/05/2025,800,"1,000",900,9.00
Himachal Pradesh,Chamba,Chamba,Capsicum,Other,FAQ,19/05/2025,"3,500","4,000","3,750",37.50
Himachal Pradesh,Chamba,Chamba,Cucumbar(Kheera),Other,FAQ,19/05/2025,"1,600","1,800","1,700",17.00
Himachal Pradesh,Chamba,Chamba,Grapes,Other,Medium,19/05/2025,"10,000","12,000","11,000",110.00
Himachal Pradesh,Chamba,Chamba,Tomato,Other,FAQ,19/05/2025,"1,600","2,000","1,800",18.00
Himachal Pradesh,Hamirpur,Hamirpur,Apple,Other,Medium,19/05/2025,"16,000","17,000","16,500",165.00
Himachal Pradesh,Hamirpur,Hamirpur,Banana,Other,Medium,19/05/2025,"3,000","3,400","3,200",32.00
Himachal Pradesh,Hamirpur,Hamirpur,Bottle gourd,Other,FAQ,19/05/2025,"1,600","1,800","1,700",17.00
Himachal Pradesh,Hamirpur,Hamirpur,Cauliflower,Other,FAQ,19/05/2025,"5,500","6,000","5,800",58.00
Himachal Pradesh,Hamirpur,Hamirpur,Coriander(Leaves),Other,FAQ,19/05/2025,"8,000","9,000","8,500",85.00
Himachal Pradesh,Hamirpur,Hamirpur,Garlic,Garlic,FAQ,19/05/2025,"11,000","14,000","12,500",125.00
Himachal Pradesh,Hamirpur,Hamirpur,Papaya,Other,Medium,19/05/2025,"4,000","4,200","4,100",41.00
Himachal Pradesh,Hamirpur,Hamirpur,Pomegranate,Other,Medium,19/05/2025,"11,000","14,000","12,500",125.00
Himachal Pradesh,Hamirpur,Hamirpur,Potato,Desi,FAQ,19/05/2025,"1,000","1,200","1,100",11.00
Himachal Pradesh,Hamirpur,Hamirpur,Spinach,Other,FAQ,19/05/2025,"3,500","4,000","3,800",38.00
Himachal Pradesh,Hamirpur,Hamirpur,Squash(Chappal Kadoo),Other,FAQ,19/05/2025,"1,200","1,400","1,300",13.00
Himachal Pradesh,Kangra,Dharamshala,Bottle gourd,Bottle Gourd,FAQ,19/05/2025,"1,400","1,600","1,500",15.00
Himachal Pradesh,Kangra,Dharamshala,Carrot,Other,FAQ,19/05/2025,"2,000","2,500","2,250",22.50
Himachal Pradesh,Kangra,Dharamshala,Green Chilli,Other,FAQ,19/05/2025,"3,000","3,500","3,250",32.50
Himachal Pradesh,Kangra,Kangra,Bitter gourd,Other,FAQ,19/05/2025,"2,000","3,000","2,500",25.00
Himachal Pradesh,Kangra,Kangra,Cucumbar(Kheera),Other,FAQ,19/05/2025,"1,000","1,500","1,200",12.00
Himachal Pradesh,Kangra,Kangra,Green Chilli,Other,FAQ,19/05/2025,"2,500","3,000","2,700",27.00
Himachal Pradesh,Kangra,Kangra,Peas cod,Other,FAQ,19/05/2025,"8,000","9,000","8,500",85.00
Himachal Pradesh,Kangra,Kangra,Pomegranate,Other,Medium,19/05/2025,"9,000","11,000","10,000",100.00
Himachal Pradesh,Kangra,Kangra(Baijnath),Karbuja(Musk Melon),Karbhuja,Medium,19/05/2025,"3,000","3,500","3,200",32.00
Himachal Pradesh,Kangra,Kangra(Baijnath),Onion,Onion,FAQ,19/05/2025,"1,600","1,800","1,700",17.00
Himachal Pradesh,Kangra,Kangra(Baijnath),Potato,Potato,FAQ,19/05/2025,"1,100","1,300","1,200",12.00
Himachal Pradesh,Kangra,Kangra(Baijnath),Pumpkin,Other,FAQ,19/05/2025,"1,500","1,600","1,500",15.00
Himachal Pradesh,Kangra,Kangra(Baijnath),Water Melon,Other,Medium,19/05/2025,"1,500","1,700","1,600",16.00
Himachal Pradesh,Kangra,Kangra(Jaisinghpur),Apple,Kasmir/Shimla - II,Medium,19/05/2025,"15,000","16,500","15,800",158.00
Himachal Pradesh,Kangra,Kangra(Jaisinghpur),Bitter gourd,Bitter Gourd,FAQ,19/05/2025,"3,200","3,500","3,400",34.00
Himachal Pradesh,Kangra,Kangra(Jaisinghpur),Cucumbar(Kheera),Cucumbar,FAQ,19/05/2025,"1,500","1,600","1,550",15.50
Himachal Pradesh,Kangra,Kangra(Jaisinghpur),Green Chilli,Green Chilly,FAQ,19/05/2025,"3,000","3,200","3,100",31.00
Himachal Pradesh,Kangra,Kangra(Jaisinghpur),Guava,Guava,Medium,19/05/2025,"11,000","12,500","11,300",113.00
Himachal Pradesh,Kangra,Kangra(Jaisinghpur),Pineapple,Other,Medium,19/05/2025,"4,800","5,200","5,000",50.00
Himachal Pradesh,Kangra,Kangra(Jaisinghpur),Potato,Potato,FAQ,19/05/2025,"1,300","1,400","1,350",13.50
Himachal Pradesh,Kangra,Kangra(Jaisinghpur),Tinda,Other,FAQ,19/05/2025,"3,000","3,200","3,100",31.00
Himachal Pradesh,Kangra,Kangra(Jaisinghpur),Water Melon,Other,Medium,19/05/2025,"1,500","1,600","1,550",15.50
Himachal Pradesh,Kangra,Kangra(Nagrota Bagwan),Cabbage,Cabbage,FAQ,19/05/2025,"1,000","1,200","1,100",11.00
Himachal Pradesh,Kangra,Kangra(Nagrota Bagwan),French Beans (Frasbean),French Beans (Frasbean),FAQ,19/05/2025,"7,000","7,500","7,200",72.00
Himachal Pradesh,Kangra,Kangra(Nagrota Bagwan),Mousambi(Sweet Lime),Mousambi,Medium,19/05/2025,"5,000","6,000","5,500",55.00
Himachal Pradesh,Kangra,Palampur,Capsicum,Capsicum,FAQ,19/05/2025,"2,800","3,200","3,000",30.00
Himachal Pradesh,Kangra,Palampur,Cherry,Cherry,Medium,19/05/2025,"23,000","24,000","23,500",235.00
Himachal Pradesh,Kangra,Palampur,Coriander(Leaves),Coriander,FAQ,19/05/2025,"3,800","4,000","3,900",39.00
Himachal Pradesh,Kangra,Palampur,French Beans (Frasbean),Other,FAQ,19/05/2025,"6,000","6,500","6,300",63.00
Himachal Pradesh,Kangra,Palampur,Pomegranate,Other,Medium,19/05/2025,"10,000","11,000","10,500",105.00
Himachal Pradesh,Solan,Solan(Nalagarh),Bhindi(Ladies Finger),Other,FAQ,19/05/2025,"2,800","3,200","3,000",30.00
Himachal Pradesh,Solan,Solan(Nalagarh),Lemon,Other,FAQ,19/05/2025,"9,000","10,000","9,500",95.00
Jammu andKashmir,Kathua,Kathua,Bhindi(Ladies Finger),Other,FAQ,19/05/2025,"2,000","2,500","2,250",22.50
Jammu andKashmir,Kathua,Kathua,Carrot,Other,FAQ,19/05/2025,"1,500","1,600","1,550",15.50
Jammu andKashmir,Kathua,Kathua,Cauliflower,Other,FAQ,19/05/2025,"3,000","3,500","3,250",32.50
Jammu andKashmir,Kathua,Kathua,Mango,Safeda,Medium,19/05/2025,"6,000","7,000","6,500",65.00
Jammu andKashmir,Kathua,Kathua,Water Melon,Other,Medium,19/05/2025,"1,000","1,200","1,100",11.00
Jammu andKashmir,Rajouri,Rajouri (F&V;),Bitter gourd,Other,FAQ,19/05/2025,"2,000","2,200","2,100",21.00
Jammu andKashmir,Rajouri,Rajouri (F&V;),Cabbage,Other,FAQ,19/05/2025,"1,500","1,700","1,600",16.00
Jammu andKashmir,Rajouri,Rajouri (F&V;),Carrot,Other,FAQ,19/05/2025,"2,000","2,200","2,100",21.00
Kerala,Alappuzha,Chengannur,Banana - Green,Banana - Green,FAQ,19/05/2025,"4,500","5,000","4,800",48.00
Kerala,Alappuzha,Chengannur,Beetroot,Beetroot,FAQ,19/05/2025,"3,800","4,300","4,000",40.00
Kerala,Alappuzha,Chengannur,Brinjal,Brinjal,FAQ,19/05/2025,"3,400","3,700","3,600",36.00
Kerala,Alappuzha,Chengannur,Drumstick,Other,FAQ,19/05/2025,"6,000","6,500","6,200",62.00
Kerala,Alappuzha,Chengannur,Garlic,Garlic,FAQ,19/05/2025,0,0,"11,000",110.00
Kerala,Alappuzha,Chengannur,Tomato,Tomato,FAQ,19/05/2025,"3,500","4,200","4,000",40.00
Kerala,Alappuzha,Cherthala,Ashgourd,Other,FAQ,19/05/2025,"2,200","2,400","2,300",23.00
Kerala,Alappuzha,Cherthala,Bhindi(Ladies Finger),Bhindi,FAQ,19/05/2025,"5,000","5,500","5,200",52.00
Kerala,Alappuzha,Cherthala,Carrot,Carrot,FAQ,19/05/2025,"4,000","4,500","4,100",41.00
Kerala,Alappuzha,Harippad,Ashgourd,Other,FAQ,19/05/2025,"3,000","3,500","3,000",30.00
Kerala,Alappuzha,Harippad,Banana - Green,Other,FAQ,19/05/2025,"5,000","5,500","5,000",50.00
Kerala,Alappuzha,Harippad,Bitter gourd,Other,FAQ,19/05/2025,"5,000","5,500","5,000",50.00
Kerala,Alappuzha,Harippad,Brinjal,Other,FAQ,19/05/2025,"4,000","4,500","4,000",40.00
Kerala,Alappuzha,Harippad,Cauliflower,Other,FAQ,19/05/2025,"4,000","4,500","4,000",40.00
Kerala,Alappuzha,Mannar,Banana - Green,Other,FAQ,19/05/2025,"6,000","6,200","6,100",61.00
Kerala,Alappuzha,Mannar,Brinjal,Other,FAQ,19/05/2025,"3,000","3,200","3,100",31.00
Kerala,Alappuzha,Mannar,Cowpea(Veg),Other,FAQ,19/05/2025,"5,000","5,200","5,100",51.00
Kerala,Alappuzha,Mannar,Green Chilli,Other,FAQ,19/05/2025,"4,000","4,200","4,100",41.00
Kerala,Alappuzha,Mannar,Pumpkin,Other,FAQ,19/05/2025,"2,000","2,200","2,100",21.00
Kerala,Alappuzha,Mannar,Snakeguard,Snakeguard,FAQ,19/05/2025,"3,500","3,700","3,600",36.00
Kerala,Ernakulam,Angamaly,Carrot,Carrot,FAQ,19/05/2025,"3,500","5,000","4,200",42.00
Kerala,Ernakulam,Angamaly,Cluster beans,Cluster Beans,FAQ,19/05/2025,"2,800","4,000","3,500",35.00
Kerala,Ernakulam,Angamaly,Cucumbar(Kheera),Other,FAQ,19/05/2025,"6,000","7,000","6,500",65.00
Kerala,Ernakulam,Angamaly,Drumstick,Drumstick,FAQ,19/05/2025,"6,500","10,000","8,000",80.00
Kerala,Ernakulam,Angamaly,Ginger(Green),Green Ginger,FAQ,19/05/2025,"6,000","10,000","8,000",80.00
Kerala,Ernakulam,Ernakulam,Amphophalus,Amphophalus,FAQ,19/05/2025,"6,100","6,600","6,400",64.00
Kerala,Ernakulam,Malayattoor VFPCK,Banana,Nendra Bale,Large,19/05/2025,0,0,"4,400",44.00
Kerala,Ernakulam,Malayattoor VFPCK,Banana,Robusta,Large,19/05/2025,0,0,"1,400",14.00
Kerala,Ernakulam,North Paravur,Amaranthus,Amaranthus,FAQ,19/05/2025,"2,000","3,000","2,500",25.00
Kerala,Ernakulam,North Paravur,Cabbage,Cabbage,FAQ,19/05/2025,"1,800","2,200","2,000",20.00
Kerala,Ernakulam,North Paravur,Cucumbar(Kheera),Cucumbar,FAQ,19/05/2025,"1,500","2,500","2,000",20.00
Kerala,Ernakulam,North Paravur,Garlic,Average,FAQ,19/05/2025,"11,500","16,000","13,000",130.00
Kerala,Ernakulam,North Paravur,Green Chilli,Green Chilly,FAQ,19/05/2025,"3,000","4,000","3,500",35.00
Kerala,Ernakulam,North Paravur,Little gourd (Kundru),Little gourd (Kundru),FAQ,19/05/2025,"4,000","5,000","4,500",45.00
Kerala,Ernakulam,North Paravur,Mango (Raw-Ripe),Mango - Raw-Ripe,FAQ,19/05/2025,"3,500","4,500","4,000",40.00
Kerala,Ernakulam,North Paravur,Pineapple,Other,Medium,19/05/2025,"4,000","5,000","4,500",45.00
Kerala,Ernakulam,Perumbavoor,Amaranthus,Amaranthus,FAQ,19/05/2025,"2,300","3,300","2,500",25.00
Kerala,Ernakulam,Perumbavoor,Ashgourd,Ashgourd,FAQ,19/05/2025,"1,000","2,000","1,500",15.00
Kerala,Ernakulam,Perumbavoor,Banana,Palayamthodan,Medium,19/05/2025,"2,200","3,200","2,700",27.00
Kerala,Ernakulam,Perumbavoor,Bitter gourd,Bitter Gourd,FAQ,19/05/2025,"5,200","6,200","5,800",58.00
Kerala,Ernakulam,Perumbavoor,Cowpea(Veg),Cowpea (Veg),FAQ,19/05/2025,"5,000","6,000","5,500",55.00
Kerala,Ernakulam,Perumbavoor,Drumstick,Drumstick,FAQ,19/05/2025,"7,500","8,500","8,000",80.00
Kerala,Ernakulam,Perumbavoor,Tapioca,Tapioca,FAQ,19/05/2025,"1,500","2,500","2,000",20.00
Kerala,Ernakulam,Thrippunithura,Bottle gourd,Bottle Gourd,FAQ,19/05/2025,"4,000","5,000","4,200",42.00
Kerala,Ernakulam,Thrippunithura,Brinjal,Brinjal,FAQ,19/05/2025,"4,800","6,000","5,000",50.00
Kerala,Ernakulam,Thrippunithura,Cabbage,Cabbage,FAQ,19/05/2025,"3,300","4,000","3,500",35.00
Kerala,Ernakulam,Thrippunithura,Indian Beans (Seam),Other,FAQ,19/05/2025,"10,000","12,000","11,000",110.00
Kerala,Ernakulam,Thrippunithura,Leafy Vegetable,Other,FAQ,19/05/2025,"6,000","8,000","6,500",65.00
Kerala,Ernakulam,Thrippunithura,Little gourd (Kundru),Other,FAQ,19/05/2025,"3,800","5,000","4,000",40.00
Kerala,Ernakulam,Thrippunithura,Potato,Potato,FAQ,19/05/2025,"3,800","4,000","3,800",38.00
Kerala,Idukki,Munnar,Orange,Other,Medium,19/05/2025,"8,000","9,000","8,500",85.00
Kerala,Idukki,Munnar,Raddish,Other,FAQ,19/05/2025,"3,000","4,000","3,500",35.00
Kerala,Idukki,Munnar,Snakeguard,Other,FAQ,19/05/2025,"4,000","5,000","4,500",45.00
Kerala,Idukki,Munnar,Tender Coconut,Other,Medium,19/05/2025,"5,000","6,000","5,000",50.00
Kerala,Kannur,Kannur,Banana - Green,Other,FAQ,19/05/2025,"6,000","6,200","6,100",61.00
Kerala,Kannur,Kannur,Coconut Oil,Other,FAQ,19/05/2025,"31,000","32,000","31,500",315.00
Kerala,Kannur,Kannur,Cowpea(Veg),Cowpea (Veg),FAQ,19/05/2025,"3,500","3,900","3,700",37.00
Kerala,Kottayam,Ettumanoor,Bhindi(Ladies Finger),Other,FAQ,19/05/2025,"3,200","3,400","3,300",33.00
Kerala,Kottayam,Ettumanoor,Brinjal,Other,FAQ,19/05/2025,"2,500","2,700","2,600",26.00
Kerala,Kottayam,Ettumanoor,Cabbage,Other,FAQ,19/05/2025,"2,100","2,300","2,200",22.00
Kerala,Kottayam,Ettumanoor,Cucumbar(Kheera),Cucumbar,FAQ,19/05/2025,"1,500","1,700","1,600",16.00
Kerala,Kottayam,Ettumanoor,Elephant Yam (Suran),Other,FAQ,19/05/2025,"6,000","7,000","6,500",65.00
Kerala,Kottayam,Ettumanoor,Ginger(Green),Green Ginger,FAQ,19/05/2025,"4,000","4,400","4,200",42.00
Kerala,Kottayam,Ettumanoor,Mango (Raw-Ripe),Mango - Raw-Ripe,FAQ,19/05/2025,"2,800","3,200","3,000",30.00
Kerala,Kottayam,Ettumanoor,Onion,Onion,FAQ,19/05/2025,"5,000","6,000","5,500",55.00
Kerala,Kottayam,Ettumanoor,Pumpkin,Pumpkin,FAQ,19/05/2025,"1,400","1,800","1,600",16.00
Kerala,Kottayam,Pampady,Amaranthus,Amaranthus,FAQ,19/05/2025,"3,000","4,500","4,000",40.00
Kerala,Kottayam,Pampady,Bitter gourd,Bitter Gourd,FAQ,19/05/2025,"7,000","8,000","7,500",75.00
Kerala,Kottayam,Pampady,Elephant Yam (Suran),Other,FAQ,19/05/2025,"6,500","7,500","7,000",70.00
Kerala,Kottayam,Pampady,Green Chilli,Green Chilly,FAQ,19/05/2025,"3,000","4,000","3,500",35.00
Kerala,Kottayam,Pampady,Onion,Big,FAQ,19/05/2025,"1,900","2,400","2,000",20.00
Kerala,Kottayam,Pampady,Pumpkin,Pumpkin,FAQ,19/05/2025,"1,500","3,000","2,500",25.00
Kerala,Kozhikode(Calicut),Mukkom,Ashgourd,Other,FAQ,19/05/2025,"1,400","1,800","1,600",16.00
Kerala,Kozhikode(Calicut),Mukkom,Grapes,Other,Large,19/05/2025,"6,000","7,000","6,500",65.00
Kerala,Kozhikode(Calicut),Mukkom,Green Chilli,Green Chilly,FAQ,19/05/2025,"4,600","5,000","4,800",48.00
Kerala,Kozhikode(Calicut),Mukkom,Onion,Onion,FAQ,19/05/2025,"1,800","2,200","2,000",20.00
Kerala,Kozhikode(Calicut),Mukkom,Orange,Other,Large,19/05/2025,"11,500","12,500","12,000",120.00
Kerala,Kozhikode(Calicut),Palayam,Banana - Green,Other,FAQ,19/05/2025,"4,000","4,000","4,000",40.00
Kerala,Kozhikode(Calicut),Palayam,Cabbage,Other,FAQ,19/05/2025,"1,200","1,200","1,200",12.00
Kerala,Kozhikode(Calicut),Palayam,Ginger(Green),Other,FAQ,19/05/2025,"3,300","3,300","3,300",33.00
Kerala,Kozhikode(Calicut),Palayam,Tomato,Other,FAQ,19/05/2025,"1,500","1,500","1,500",15.00
Kerala,Kozhikode(Calicut),Perambra,Amaranthus,Amaranthus,FAQ,19/05/2025,"2,500","3,000","3,000",30.00
Kerala,Kozhikode(Calicut),Perambra,Ashgourd,Other,FAQ,19/05/2025,"1,400","1,700","1,500",15.00
Kerala,Kozhikode(Calicut),Perambra,Bitter gourd,Other,FAQ,19/05/2025,"6,000","6,500","6,200",62.00
Kerala,Kozhikode(Calicut),Quilandy,Amaranthus,Other,FAQ,19/05/2025,"2,700","2,800","2,800",28.00
Kerala,Kozhikode(Calicut),Quilandy,Ashgourd,Other,FAQ,19/05/2025,"1,300","1,400","1,300",13.00
Kerala,Kozhikode(Calicut),Quilandy,Bitter gourd,Other,FAQ,19/05/2025,"5,900","6,200","6,000",60.00
Kerala,Kozhikode(Calicut),Quilandy,Brinjal,Other,FAQ,19/05/2025,"2,700","3,000","2,800",28.00
Kerala,Kozhikode(Calicut),Quilandy,Carrot,Other,FAQ,19/05/2025,"3,800","4,000","3,800",38.00
Kerala,Kozhikode(Calicut),Quilandy,Cauliflower,Other,FAQ,19/05/2025,"2,800","3,000","2,800",28.00
Kerala,Kozhikode(Calicut),Quilandy,Coriander(Leaves),Other,FAQ,19/05/2025,"7,800","8,000","8,000",80.00
Kerala,Kozhikode(Calicut),Quilandy,Snakeguard,Other,FAQ,19/05/2025,"3,000","3,200","3,000",30.00
Kerala,Kozhikode(Calicut),Vengeri(Kozhikode),Amaranthus,Amaranthus,FAQ,19/05/2025,"1,800","2,100","2,100",21.00
Kerala,Kozhikode(Calicut),Vengeri(Kozhikode),Brinjal,Brinjal,FAQ,19/05/2025,"2,100","2,400","2,400",24.00
Kerala,Kozhikode(Calicut),Vengeri(Kozhikode),Snakeguard,Snakeguard,FAQ,19/05/2025,"2,300","2,600","2,600",26.00
Kerala,Malappuram,Kottakkal,Amaranthus,Amaranthus,FAQ,19/05/2025,"1,800","2,000","1,900",19.00
Kerala,Malappuram,Kottakkal,Amla(Nelli Kai),Other,FAQ,19/05/2025,"4,300","4,500","4,400",44.00
Kerala,Malappuram,Kottakkal,Amphophalus,Other,FAQ,19/05/2025,"5,800","6,000","5,900",59.00
Kerala,Malappuram,Kottakkal,Apple,Other,Large,19/05/2025,"16,800","17,000","16,900",169.00
Kerala,Malappuram,Kottakkal,Banana - Green,Banana - Green,FAQ,19/05/2025,"3,000","3,200","3,100",31.00
Kerala,Malappuram,Kottakkal,Bitter gourd,Bitter Gourd,FAQ,19/05/2025,"6,300","6,500","6,400",64.00
Kerala,Malappuram,Kottakkal,Bottle gourd,Other,FAQ,19/05/2025,"1,800","2,000","1,900",19.00
Kerala,Malappuram,Kottakkal,Cabbage,Other,FAQ,19/05/2025,"1,200","1,400","1,300",13.00
Kerala,Malappuram,Kottakkal,Green Chilli,Other,FAQ,19/05/2025,"3,600","3,800","3,700",37.00
Kerala,Malappuram,Kottakkal,Lemon,Other,FAQ,19/05/2025,"9,300","9,500","9,400",94.00
Kerala,Malappuram,Kottakkal,Papaya (Raw),Other,FAQ,19/05/2025,"2,800","3,000","2,900",29.00
Kerala,Malappuram,Kottakkal,Sweet Potato,Hosur Green,FAQ,19/05/2025,"1,800","2,000","1,900",19.00
Kerala,Malappuram,Perinthalmanna,Amphophalus,Amphophalus,FAQ,19/05/2025,"6,000","7,000","6,500",65.00
Kerala,Malappuram,Perinthalmanna,Ashgourd,Ashgourd,FAQ,19/05/2025,800,"1,200","1,000",10.00
Kerala,Malappuram,Perinthalmanna,Bottle gourd,Bottle Gourd,FAQ,19/05/2025,"1,800","2,200","2,000",20.00
Kerala,Malappuram,Perinthalmanna,Potato,Potato,FAQ,19/05/2025,"2,000","2,800","2,500",25.00
Kerala,Palakad,Koduvayoor,Banana,Poovan,Medium,19/05/2025,"3,500","3,900","3,700",37.00
Kerala,Palakad,Koduvayoor,Banana - Green,Other,FAQ,19/05/2025,"2,800","3,200","3,000",30.00
Kerala,Palakad,Koduvayoor,Bhindi(Ladies Finger),Other,FAQ,19/05/2025,"2,500","2,900","2,700",27.00
Kerala,Palakad,Koduvayoor,Carrot,Other,FAQ,19/05/2025,"3,500","3,900","3,700",37.00
Kerala,Palakad,Koduvayoor,Drumstick,Other,FAQ,19/05/2025,"6,500","6,900","6,700",67.00
Kerala,Palakad,Koduvayoor,Potato,Other,FAQ,19/05/2025,"3,500","3,900","3,700",37.00
Kerala,Palakad,Koduvayoor,Raddish,Other,FAQ,19/05/2025,"2,500","2,900","2,700",27.00
Kerala,Palakad,Koduvayoor,Tapioca,Other,FAQ,19/05/2025,"2,800","3,200","3,000",30.00
Kerala,Pathanamthitta,Erath VFPCK,Banana,Nendra Bale,Large,19/05/2025,"5,000","11,000","8,300",83.00
Kerala,Thirssur,Irinjalakkuda,Beetroot,Other,FAQ,19/05/2025,"4,000","4,000","4,000",40.00
Kerala,Thirssur,Thrissur,Banana,Banana - Ripe,Medium,19/05/2025,"5,600","5,800","5,700",57.00
Kerala,Thirssur,Thrissur,Bhindi(Ladies Finger),Bhindi,FAQ,19/05/2025,"2,200","2,200","2,200",22.00
Kerala,Thirssur,Thrissur,Brinjal,Brinjal,FAQ,19/05/2025,"2,000","2,000","2,000",20.00
Kerala,Thirssur,Thrissur,Cowpea(Veg),Cowpea (Veg),FAQ,19/05/2025,"2,000","2,000","2,000",20.00
Kerala,Thirssur,Thrissur,Ginger(Green),Green Ginger,FAQ,19/05/2025,"5,000","5,000","5,000",50.00
Kerala,Thiruvananthapuram,Parassala,Banana,Nendra Bale,Medium,19/05/2025,"7,800","8,000","7,800",78.00
Kerala,Thiruvananthapuram,Parassala,Banana,Palayamthodan,Medium,19/05/2025,"3,000","3,200","3,000",30.00
Kerala,Thiruvananthapuram,Parassala,Brinjal,Round,FAQ,19/05/2025,"2,800","3,000","2,800",28.00
Kerala,Thiruvananthapuram,Parassala,Cabbage,Cabbage,FAQ,19/05/2025,"3,500","4,000","3,500",35.00
Nagaland,Kohima,Kohima,Green Chilli,Green Chilly,FAQ,19/05/2025,"16,000","16,200","16,100",161.00
Odisha,Balasore,Jaleswar,Brinjal,Other,FAQ,19/05/2025,"2,800","3,200","3,000",30.00
Odisha,Balasore,Jaleswar,Pumpkin,Other,FAQ,19/05/2025,600,"1,000",800,8.00
Odisha,Bargarh,Attabira,Bottle gourd,Bottle Gourd,FAQ,19/05/2025,"1,200","1,400","1,200",12.00
Odisha,Bargarh,Attabira,Lemon,Other,FAQ,19/05/2025,"3,600","4,000","3,800",38.00
Odisha,Bargarh,Attabira,Potato,Other,FAQ,19/05/2025,"1,800","2,000","1,800",18.00
Odisha,Bargarh,Attabira,Tomato,Other,FAQ,19/05/2025,"1,800","2,200","2,000",20.00
Odisha,Bargarh,Attabira,Water Melon,Other,Large,19/05/2025,"1,500","2,000","1,800",18.00
Odisha,Bhadrak,Chandabali,Tomato,Other,FAQ,19/05/2025,"1,650","2,000","1,800",18.00
Odisha,Boudh,Boudh,Pumpkin,Other,FAQ,19/05/2025,"1,500","2,200","2,000",20.00
Odisha,Boudh,Khunthabandha,Bitter gourd,Other,FAQ,19/05/2025,"2,000","3,000","2,500",25.00
Odisha,Boudh,Khunthabandha,Cabbage,Other,FAQ,19/05/2025,"1,200","2,000","1,800",18.00
Odisha,Boudh,Khunthabandha,Potato,Other,FAQ,19/05/2025,"1,200","1,800","1,500",15.00
Odisha,Boudh,Khunthabandha,Potato,Other,Non-FAQ,19/05/2025,"1,000","1,500","1,200",12.00
Odisha,Dhenkanal,Hindol,Banana - Green,Other,FAQ,19/05/2025,"2,500","2,700","2,600",26.00
Odisha,Dhenkanal,Hindol,Bitter gourd,Bitter Gourd,FAQ,19/05/2025,"2,500","3,000","2,800",28.00
Odisha,Dhenkanal,Hindol,Pumpkin,Pumpkin,FAQ,19/05/2025,"1,100","1,300","1,200",12.00
Odisha,Dhenkanal,Kamakhyanagar,Bitter gourd,Bitter Gourd,FAQ,19/05/2025,"4,500","5,200","5,000",50.00
Odisha,Dhenkanal,Kamakhyanagar,Cucumbar(Kheera),Cucumbar,FAQ,19/05/2025,"4,000","4,200","4,000",40.00
Odisha,Dhenkanal,Kamakhyanagar,Pointed gourd (Parval),Other,FAQ,19/05/2025,"4,500","5,200","5,000",50.00
Odisha,Gajapati,Parlakhemundi,Bhindi(Ladies Finger),Bhindi,FAQ,19/05/2025,800,"1,000",900,9.00
Odisha,Gajapati,Parlakhemundi,Green Chilli,Other,FAQ,19/05/2025,"2,800","3,000","2,900",29.00
Odisha,Gajapati,Parlakhemundi,Mango,Other,Small,19/05/2025,"2,800","3,000","2,900",29.00
Odisha,Ganjam,Bhanjanagar,Brinjal,Other,FAQ,19/05/2025,"2,000","2,200","2,100",21.00
Odisha,Ganjam,Bhanjanagar,Cauliflower,African Sarson,FAQ,19/05/2025,"2,600","2,800","2,700",27.00
Odisha,Ganjam,Bhanjanagar,Papaya (Raw),Other,FAQ,19/05/2025,"1,400","1,600","1,500",15.00
Odisha,Kendrapara,Kendrapara,Bhindi(Ladies Finger),Bhindi,FAQ,19/05/2025,"3,000","4,000","3,500",35.00
Odisha,Kendrapara,Kendrapara,Cucumbar(Kheera),Cucumbar,FAQ,19/05/2025,"4,000","5,000","4,000",40.00
Odisha,Kendrapara,Kendrapara,Tomato,Tomato,FAQ,19/05/2025,"2,500","3,000","2,500",25.00
Odisha,Kendrapara,Kendrapara(Marshaghai),Brinjal,Brinjal,FAQ,19/05/2025,"3,000","4,000","3,500",35.00
Odisha,Kendrapara,Kendrapara(Marshaghai),Cucumbar(Kheera),Cucumbar,FAQ,19/05/2025,"4,000","5,000","4,000",40.00
Odisha,Kendrapara,Kendrapara(Marshaghai),Pointed gourd (Parval),Pointed gourd (Parval),FAQ,19/05/2025,"4,000","5,000","4,000",40.00
Odisha,Rayagada,Gunpur,Cabbage,Other,FAQ,19/05/2025,"3,000","4,000","3,500",35.00
Odisha,Sundergarh,Panposh,Bhindi(Ladies Finger),Other,FAQ,19/05/2025,"4,000","4,300","4,200",42.00
Odisha,Sundergarh,Sargipali,Bhindi(Ladies Finger),Other,FAQ,19/05/2025,"2,000","2,500","2,200",22.00
Odisha,Sundergarh,Sargipali,Potato,Other,Non-FAQ,19/05/2025,"1,500","2,000","1,700",17.00
Odisha,Sundergarh,Sargipali,Pumpkin,Pumpkin,FAQ,19/05/2025,800,"1,200","1,000",10.00
Punjab,Amritsar,Rayya,Green Chilli,Green Chilly,FAQ,19/05/2025,"2,500","2,500","2,500",25.00
Punjab,Amritsar,Rayya,Potato,Other,FAQ,19/05/2025,"1,300","1,300","1,300",13.00
Punjab,Fazilka,Fazilka,Apple,Other,Medium,19/05/2025,"8,000","15,000","10,000",100.00
Punjab,Fazilka,Fazilka,Banana,Other,Medium,19/05/2025,"4,000","6,000","5,000",50.00
Punjab,Fazilka,Fazilka,Bhindi(Ladies Finger),Other,FAQ,19/05/2025,"2,000","3,500","2,500",25.00
Punjab,Fazilka,Fazilka,Bitter gourd,Other,FAQ,19/05/2025,"2,000","3,000","2,500",25.00
Punjab,Fazilka,Fazilka,Ginger(Green),Other,FAQ,19/05/2025,"3,000","4,500","4,000",40.00
Punjab,Fazilka,Fazilka,Pumpkin,Other,FAQ,19/05/2025,500,"1,000",800,8.00
Punjab,Hoshiarpur,Garh Shankar,Bhindi(Ladies Finger),Bhindi,FAQ,19/05/2025,"1,200","1,500","1,400",14.00
Punjab,Hoshiarpur,Garh Shankar,Mousambi(Sweet Lime),Mousambi,Medium,19/05/2025,"4,000","5,000","4,500",45.00
Punjab,Hoshiarpur,Garh Shankar,Tinda,Other,FAQ,19/05/2025,"1,500","2,000","1,700",17.00
Punjab,Hoshiarpur,GarhShankar (Kotfatuhi),Banana,Other,Medium,19/05/2025,"2,500","3,000","2,800",28.00
Punjab,Hoshiarpur,Mukerian(Talwara),Banana,Other,Medium,19/05/2025,"2,600","3,200","2,900",29.00
Punjab,Hoshiarpur,Mukerian(Talwara),Green Chilli,Green Chilly,FAQ,19/05/2025,"3,500","4,500","4,000",40.00
Punjab,Hoshiarpur,Tanda Urmur,Ginger(Dry),Other,FAQ,19/05/2025,"5,000","6,000","5,500",55.00
Punjab,Hoshiarpur,Tanda Urmur,Lemon,Other,FAQ,19/05/2025,"6,000","7,000","6,500",65.00
Punjab,Hoshiarpur,Tanda Urmur,Water Melon,Other,Medium,19/05/2025,800,"1,000",900,9.00
Punjab,Jalandhar,Nakodar,Little gourd (Kundru),Other,FAQ,19/05/2025,700,800,750,7.50
Punjab,Ludhiana,Doraha,Green Chilli,Other,FAQ,19/05/2025,"1,800","2,400","2,200",22.00
Punjab,Ludhiana,Khanna,Apple,Other,Medium,19/05/2025,"4,000","12,000","10,000",100.00
Punjab,Ludhiana,Khanna,Banana,Other,Medium,19/05/2025,"1,600","1,600","1,600",16.00
Punjab,Ludhiana,Khanna,Mousambi(Sweet Lime),Other,Medium,19/05/2025,"2,000","3,000","2,500",25.00
Punjab,Ludhiana,Khanna,Water Melon,Other,Medium,19/05/2025,600,"1,200",800,8.00
Punjab,Ludhiana,Sahnewal,Bhindi(Ladies Finger),Bhindi,FAQ,19/05/2025,"2,200","2,200","2,200",22.00
Punjab,Moga,Kot ise Khan,Bhindi(Ladies Finger),Other,FAQ,19/05/2025,800,"1,000",900,9.00
Punjab,Moga,Kot ise Khan,Brinjal,Other,FAQ,19/05/2025,800,"1,000",900,9.00
Punjab,Moga,Kot ise Khan,Green Chilli,Other,FAQ,19/05/2025,"1,200","1,400","1,300",13.00
Punjab,Moga,Kot ise Khan,Potato,Other,Non-FAQ,19/05/2025,800,"1,000",900,9.00
Punjab,Moga,Kot ise Khan,Ridgeguard(Tori),Other,FAQ,19/05/2025,"1,000","1,200","1,100",11.00
Punjab,Moga,Kot ise Khan,Tinda,Other,FAQ,19/05/2025,"1,000","1,200","1,100",11.00
Punjab,Moga,Nihal Singh Wala,Bhindi(Ladies Finger),Other,FAQ,19/05/2025,"1,500","2,000","1,800",18.00
Punjab,Moga,Nihal Singh Wala,Onion,Other,FAQ,19/05/2025,"1,300","1,600","1,500",15.00
Punjab,Moga,Nihal Singh Wala,Tomato,Other,FAQ,19/05/2025,800,"1,000",900,9.00
Punjab,Nawanshahr,Nawan Shahar(Subzi Mandi),Garlic,Other,FAQ,19/05/2025,"6,500","7,000","6,700",67.00
Punjab,Nawanshahr,Nawan Shahar(Subzi Mandi),Long Melon(Kakri),Long Melon (Kakri),FAQ,19/05/2025,"1,000","1,200","1,130",11.30
Punjab,Nawanshahr,Nawan Shahar(Subzi Mandi),Plum,Other,Medium,19/05/2025,"7,500","8,000","7,800",78.00
Punjab,Nawanshahr,Nawan Shahar(Subzi Mandi),Sponge gourd,Other,FAQ,19/05/2025,"2,500","3,000","2,800",28.00
Punjab,Nawanshahr,Nawan Shahar(Subzi Mandi),Tomato,Other,FAQ,19/05/2025,450,550,530,5.30
Punjab,Nawanshahr,Nawan Shahar(Subzi Mandi),Water Melon,Other,Medium,19/05/2025,800,"1,000",920,9.20
Punjab,Pathankot,Pathankot,Apple,Apple,Medium,19/05/2025,"9,000","10,000","10,000",100.00
Punjab,Pathankot,Pathankot,Bhindi(Ladies Finger),Bhindi,FAQ,19/05/2025,"2,100","2,300","2,300",23.00
Punjab,Pathankot,Pathankot,Garlic,Garlic,FAQ,19/05/2025,"4,300","5,000","5,000",50.00
Punjab,Pathankot,Pathankot,Mango,Other,Medium,19/05/2025,"4,500","6,000","6,000",60.00
Punjab,Pathankot,Pathankot,Tinda,Tinda,FAQ,19/05/2025,"1,400","1,600","1,600",16.00
Punjab,Ropar (Rupnagar),Morinda,Green Chilli,Green Chilly,FAQ,19/05/2025,"2,000","2,500","2,300",23.00
Punjab,Ropar (Rupnagar),Morinda,Papaya,Papaya,Medium,19/05/2025,"3,500","3,500","3,500",35.00
Punjab,Ropar (Rupnagar),Morinda,Water Melon,Water Melon,Medium,19/05/2025,800,"1,100",900,9.00
Punjab,Ropar (Rupnagar),Ahmedgarh,Potato,Other,FAQ,19/05/2025,"1,000","1,200","1,000",10.00
Punjab,Sangrur,Ahmedgarh,Tinda,Other,FAQ,19/05/2025,"4,000","4,500","4,500",45.00
Punjab,Sangrur,Ahmedgarh,Tomato,Other,FAQ,19/05/2025,"1,200","1,300","1,300",13.00
Punjab,Tarntaran,Naushera Pannuan,Bottle gourd,Bottle Gourd,FAQ,19/05/2025,"1,000","1,200","1,200",12.00
Punjab,Tarntaran,Naushera Pannuan,Green Chilli,Other,FAQ,19/05/2025,"1,500","1,500","1,500",15.00
Punjab,Tarntaran,Patti,Bottle gourd,Other,FAQ,19/05/2025,500,600,530,5.30
Rajasthan,Beawar,Beawar,Guar,Other,FAQ,19/05/2025,"4,500","4,850","4,675",46.75
Rajasthan,Ganganagar,Sriganganagar (F&V;),Banana,Other,Medium,19/05/2025,"2,600","3,000","2,800",28.00
Rajasthan,Ganganagar,Sriganganagar (F&V;),Bitter gourd,Other,FAQ,19/05/2025,"1,700","2,100","1,900",19.00
Rajasthan,Ganganagar,Sriganganagar (F&V;),Brinjal,Brinjal,FAQ,19/05/2025,800,"1,200","1,000",10.00
Rajasthan,Ganganagar,Sriganganagar (F&V;),Cucumbar(Kheera),Other,FAQ,19/05/2025,600,800,700,7.00
Rajasthan,Ganganagar,Sriganganagar (F&V;),Karbuja(Musk Melon),Karbhuja,Medium,19/05/2025,"1,300","1,700","1,500",15.00
Rajasthan,Ganganagar,Sriganganagar (F&V;),Mousambi(Sweet Lime),Mosambi-Organic,Medium,19/05/2025,"3,800","4,200","4,000",40.00
Rajasthan,Ganganagar,Suratgarh,Garlic,Average,FAQ,19/05/2025,"5,800","7,200","7,000",70.00
Rajasthan,Ganganagar,Suratgarh,Mustard,Other,FAQ,19/05/2025,"5,537","5,894","5,740",57.40
Rajasthan,Jaipur,Jaipur (F&V;),Banana,Other,Medium,19/05/2025,"1,500","2,300","1,900",19.00
Rajasthan,Jaipur,Jaipur (F&V;),Cabbage,Cabbage,FAQ,19/05/2025,400,500,450,4.50
Rajasthan,Jaipur,Jaipur (F&V;),Karbuja(Musk Melon),Karbhuja,Medium,19/05/2025,"1,500","2,500","2,000",20.00
Rajasthan,Jaipur,Jaipur (F&V;),Potato,Other,FAQ,19/05/2025,900,"1,400","1,150",11.50
Rajasthan,Jaipur,Jaipur (F&V;),Tinda,Other,FAQ,19/05/2025,"3,000","4,000","3,500",35.00
Rajasthan,Jaipur Rural,Bassi,Tomato,Other,Non-FAQ,19/05/2025,500,700,600,6.00
Rajasthan,Jaipur Rural,Bassi,Wheat,Other,Non-FAQ,19/05/2025,"2,400","2,615","2,507",25.07
Rajasthan,Jodhpur,Jodhpur (Grain),Guar Seed(Cluster Beans Seed),Other,FAQ,19/05/2025,"4,700","4,880","4,790",47.90
Rajasthan,Jodhpur Rural,Ositan Mathania,Isabgul (Psyllium),Isabgul (Psyllium),FAQ,19/05/2025,"9,000","11,000","10,000",100.00
Rajasthan,Kota,Kota,Corriander seed,Other,FAQ,19/05/2025,"5,911","7,691","6,800",68.00
Rajasthan,Kota,Kota,Garlic,Average,FAQ,19/05/2025,"4,450","9,400","7,000",70.00
Rajasthan,Kota,Kota,Mustard,Other,FAQ,19/05/2025,"5,751","6,151","5,950",59.50
Rajasthan,Kota,Kota,Paddy(Dhan)(Common),Other,FAQ,19/05/2025,"2,701","3,491","3,100",31.00
Rajasthan,Kota,Kota,Soyabean,Other,FAQ,19/05/2025,"4,130","4,371","4,270",42.70
Rajasthan,Kota,Kota,Wheat,Other,FAQ,19/05/2025,"2,401","2,535","2,500",25.00
Rajasthan,Rajsamand,Rajsamand,Onion,Onion,FAQ,19/05/2025,"1,000","1,400","1,200",12.00
Rajasthan,Rajsamand,Rajsamand,Potato,Potato,FAQ,19/05/2025,900,"1,100","1,000",10.00
Rajasthan,Sanchore,Sanchore,Potato,Other,FAQ,19/05/2025,"1,000","1,300","1,200",12.00
Telangana,Hyderabad,Mahboob Manison,Bitter gourd,Bitter Gourd,FAQ,19/05/2025,"2,000","3,000","2,500",25.00
Telangana,Hyderabad,Mahboob Manison,French Beans (Frasbean),French Beans (Frasbean),FAQ,19/05/2025,"8,000","8,000","8,000",80.00
Telangana,Hyderabad,Mahboob Manison,Garlic,Average,FAQ,19/05/2025,"2,000","6,000","4,000",40.00
Telangana,Hyderabad,Mahboob Manison,Onion,1st Sort,FAQ,19/05/2025,"1,100","1,500","1,400",14.00
Telangana,Nalgonda,Devarakonda,Paddy(Dhan)(Common),MTU-1010,FAQ,19/05/2025,"2,300","2,300","2,300",23.00
Telangana,Nalgonda,Devarkonda(Dindi),Paddy(Dhan)(Common),MTU-1010,FAQ,19/05/2025,"2,300","2,300","2,300",23.00
Telangana,Nalgonda,Thungathurthy,Paddy(Dhan)(Common),1001,Non-FAQ,19/05/2025,"2,300","2,300","2,300",23.00
Telangana,Ranga Reddy,Kukatpally(Rythu Bazar),Banana - Green,Banana - Green,FAQ,19/05/2025,900,900,900,9.00
Telangana,Ranga Reddy,Kukatpally(Rythu Bazar),Bitter gourd,Bitter Gourd,FAQ,19/05/2025,"3,200","3,200","3,200",32.00
Telangana,Ranga Reddy,Kukatpally(Rythu Bazar),Capsicum,Capsicum,FAQ,19/05/2025,"4,700","4,700","4,700",47.00
Telangana,Ranga Reddy,Kukatpally(Rythu Bazar),Carrot,Carrot,FAQ,19/05/2025,"2,800","2,800","2,800",28.00
Telangana,Ranga Reddy,Kukatpally(Rythu Bazar),Cauliflower,African Sarson,FAQ,19/05/2025,"2,300","2,300","2,300",23.00
Telangana,Ranga Reddy,Kukatpally(Rythu Bazar),Colacasia,Colacasia,FAQ,19/05/2025,"3,500","3,500","3,500",35.00
Telangana,Ranga Reddy,Kukatpally(Rythu Bazar),Field Pea,Field Pea,FAQ,19/05/2025,"6,500","6,500","6,500",65.00
Telangana,Ranga Reddy,Kukatpally(Rythu Bazar),Green Chilli,Green Chilly,FAQ,19/05/2025,"4,000","4,000","4,000",40.00
Telangana,Ranga Reddy,Kukatpally(Rythu Bazar),Yam (Ratalu),Other,FAQ,19/05/2025,"6,500","6,500","6,500",65.00
Telangana,Ranga Reddy,Mehndipatnam(Rythu Bazar),Bottle gourd,Bottle Gourd,FAQ,19/05/2025,900,900,900,9.00
Telangana,Ranga Reddy,Mehndipatnam(Rythu Bazar),Cluster beans,Cluster Beans,FAQ,19/05/2025,"3,500","3,500","3,500",35.00
Telangana,Ranga Reddy,Mehndipatnam(Rythu Bazar),Ridgeguard(Tori),Other,FAQ,19/05/2025,"3,500","3,500","3,500",35.00
Telangana,Ranga Reddy,Mehndipatnam(Rythu Bazar),Tomato,Deshi,FAQ,19/05/2025,"1,300","1,300","1,300",13.00
Tripura,Dhalai,Kulai,Indian Beans (Seam),Other,FAQ,19/05/2025,"3,600","4,000","3,800",38.00
Tripura,Dhalai,Kulai,Potato,Local,FAQ,19/05/2025,"2,300","2,500","2,400",24.00
Tripura,Gomati,Nutanbazar,Cowpea(Veg),Cowpea (Veg),FAQ,19/05/2025,"3,850","4,000","3,950",39.50
Tripura,Gomati,Nutanbazar,Ginger(Green),Green Ginger,FAQ,19/05/2025,"5,850","6,000","5,950",59.50
Tripura,Khowai,Teliamura,Cucumbar(Kheera),Cucumbar,FAQ,19/05/2025,"3,300","3,500","3,400",34.00
Tripura,Khowai,Teliamura,Fish,Katla(Big),FAQ,19/05/2025,"29,000","29,200","29,100",291.00
Tripura,Khowai,Teliamura,Potato,Jalander,FAQ,19/05/2025,"1,700","1,900","1,800",18.00
Tripura,Khowai,Teliamura,Ridgeguard(Tori),Ridgeguard(Tori),FAQ,19/05/2025,"4,000","4,200","4,100",41.00
Tripura,North Tripura,Dasda,Potato,Local,FAQ,19/05/2025,"1,500","2,000","1,750",17.50
Tripura,South District,Barpathari,Bitter gourd,Bitter Gourd,FAQ,19/05/2025,"5,900","6,100","6,000",60.00
Tripura,South District,Barpathari,Brinjal,Round/Long,FAQ,19/05/2025,"1,900","2,100","2,000",20.00
Tripura,South District,Barpathari,Cowpea(Veg),Cowpea (Veg),FAQ,19/05/2025,"3,900","4,100","4,000",40.00
Uttar Pradesh,Agra,Fatehabad,Bottle gourd,Bottle Gourd,FAQ,19/05/2025,500,700,700,7.00
Uttar Pradesh,Agra,Fatehabad,Brinjal,Round,FAQ,19/05/2025,700,900,900,9.00
Uttar Pradesh,Agra,Fatehabad,Potato,Desi,FAQ,19/05/2025,900,"1,400","1,400",14.00
Uttar Pradesh,Agra,Charra,Onion,Red,FAQ,19/05/2025,"1,600","1,700","1,650",16.50
Uttar Pradesh,Amethi,Sultanpur,Apple,Delicious,Medium,19/05/2025,"10,560","10,635","10,600",106.00
Uttar Pradesh,Amethi,Sultanpur,Banana - Green,Banana - Green,FAQ,19/05/2025,"1,750","1,815","1,780",17.80
Uttar Pradesh,Amethi,Sultanpur,Potato,Desi,Non-FAQ,19/05/2025,980,"1,010",995,9.95
Uttar Pradesh,Amroha,Amroha,Bhindi(Ladies Finger),Bhindi,FAQ,19/05/2025,"1,520","1,650","1,600",16.00
Uttar Pradesh,Amroha,Amroha,Bottle gourd,Bottle Gourd,FAQ,19/05/2025,780,900,840,8.40
Uttar Pradesh,Amroha,Amroha,Green Chilli,Green Chilly,FAQ,19/05/2025,"1,780","1,950","1,840",18.40
Uttar Pradesh,Amroha,Amroha,Pomegranate,Pomogranate,Medium,19/05/2025,"8,000","8,250","8,150",81.50
Uttar Pradesh,Amroha,Amroha,Pumpkin,Pumpkin,FAQ,19/05/2025,650,780,730,7.30
Uttar Pradesh,Amroha,Amroha,Rice,III,FAQ,19/05/2025,"3,200","3,250","3,230",32.30
Uttar Pradesh,Amroha,Dhanaura,Bottle gourd,Bottle Gourd,FAQ,19/05/2025,800,"1,000",900,9.00
Uttar Pradesh,Amroha,Dhanaura,Brinjal,Brinjal,FAQ,19/05/2025,800,"1,000",900,9.00
Uttar Pradesh,Badaun,Badayoun,Gur(Jaggery),Red,FAQ,19/05/2025,"4,090","4,170","4,115",41.15
Uttar Pradesh,Badaun,Badayoun,Onion,Nasik,FAQ,19/05/2025,"1,150","1,270","1,210",12.10
Uttar Pradesh,Badaun,Badayoun,Onion,Nasik,Non-FAQ,19/05/2025,"1,050","1,150","1,100",11.00
Uttar Pradesh,Badaun,Badayoun,Tomato,Deshi,FAQ,19/05/2025,750,870,810,8.10
Uttar Pradesh,Badaun,Ujhani,Brinjal,Brinjal,FAQ,19/05/2025,"1,300","1,380","1,340",13.40
Uttar Pradesh,Badaun,Ujhani,Raddish,Raddish,FAQ,19/05/2025,"1,350","1,450","1,410",14.10
Uttar Pradesh,Badaun,Ujhani,Ridgeguard(Tori),Ridgeguard(Tori),FAQ,19/05/2025,"1,750","1,850","1,800",18.00
Uttar Pradesh,Badaun,Ujhani,Water Melon,Water Melon,Medium,19/05/2025,900,"1,000",950,9.50
Uttar Pradesh,Badaun,Ujhani,Wheat,Dara,FAQ,19/05/2025,"2,450","2,520","2,485",24.85
Uttar Pradesh,Badaun,Ujhani,Wheat,Dara,Non-FAQ,19/05/2025,"2,400","2,450","2,425",24.25
Uttar Pradesh,Bahraich,Naanpara,Potato,Potato,FAQ,19/05/2025,"1,700","1,800","1,750",17.50
Uttar Pradesh,Ballia,Rasda,Apple,American,Medium,19/05/2025,"10,910","11,020","10,970",109.70
Uttar Pradesh,Ballia,Rasda,Barley (Jau),Dara,FAQ,19/05/2025,"2,220","2,345","2,290",22.90
Uttar Pradesh,Ballia,Rasda,Lemon,Lemon,FAQ,19/05/2025,"7,165","7,310","7,250",72.50
Uttar Pradesh,Ballia,Rasda,Pointed gourd (Parval),Pointed gourd (Parval),FAQ,19/05/2025,"2,300","2,410","2,365",23.65
Uttar Pradesh,Ballia,Rasda,Pumpkin,Pumpkin,FAQ,19/05/2025,720,865,790,7.90
Uttar Pradesh,Ballia,Rasda,Rice,III,FAQ,19/05/2025,"3,245","3,390","3,310",33.10
Uttar Pradesh,Ballia,Rasda,Tomato,Deshi,FAQ,19/05/2025,710,835,780,7.80
Uttar Pradesh,Balrampur,Balrampur,Apple,Delicious,Medium,19/05/2025,"11,500","11,700","11,600",116.00
Uttar Pradesh,Balrampur,Balrampur,Bhindi(Ladies Finger),Bhindi,FAQ,19/05/2025,"1,450","1,685","1,580",15.80
Uttar Pradesh,Balrampur,Balrampur,Tomato,Deshi,FAQ,19/05/2025,"1,020","1,230","1,125",11.25
Uttar Pradesh,Balrampur,Tulsipur,Apple,Kasmir/Shimla - II,Medium,19/05/2025,"11,010","11,050","11,030",110.30
Uttar Pradesh,Balrampur,Tulsipur,Green Chilli,Green Chilly,FAQ,19/05/2025,"2,300","2,370","2,350",23.50
Uttar Pradesh,Bareilly,Anwala,Green Chilli,Green Chilly,FAQ,19/05/2025,"1,000","1,200","1,100",11.00
Uttar Pradesh,Bareilly,Anwala,Ridgeguard(Tori),Ridgeguard(Tori),FAQ,19/05/2025,"1,000","1,200","1,100",11.00
Uttar Pradesh,Bareilly,Anwala,Tomato,Deshi,FAQ,19/05/2025,"1,000","1,200","1,100",11.00
Uttar Pradesh,Bijnor,Bijnaur,Potato,Desi,FAQ,19/05/2025,"1,100","1,160","1,120",11.20
Uttar Pradesh,Bijnor,Kiratpur,Banana - Green,Banana - Green,FAQ,19/05/2025,"1,400","1,500","1,450",14.50
Uttar Pradesh,Bijnor,Kiratpur,Brinjal,Brinjal,FAQ,19/05/2025,"1,200","1,300","1,250",12.50
Uttar Pradesh,Bulandshahar,Gulavati,Cauliflower,Cauliflower,FAQ,19/05/2025,"1,100","1,300","1,200",12.00
Uttar Pradesh,Bulandshahar,Gulavati,Colacasia,Other,FAQ,19/05/2025,"1,200","1,400","1,300",13.00
Uttar Pradesh,Bulandshahar,Gulavati,Garlic,Desi,FAQ,19/05/2025,"5,100","5,300","5,200",52.00
Uttar Pradesh,Bulandshahar,Gulavati,Ginger(Green),Green Ginger,FAQ,19/05/2025,"8,100","8,300","8,200",82.00
Uttar Pradesh,Etah,Aliganj,Bajra(Pearl Millet/Cumbu),Deshi,Non-FAQ,19/05/2025,"2,150","2,155","2,152",21.52
Uttar Pradesh,Etah,Awagarh,Green Chilli,Green Chilly,FAQ,19/05/2025,"1,400","1,800","1,500",15.00
Uttar Pradesh,Firozabad,Sirsaganj,Brinjal,Brinjal,FAQ,19/05/2025,"1,000","1,200","1,100",11.00
Uttar Pradesh,Hardoi,Hardoi,Potato,Kufri Megha,FAQ,19/05/2025,"1,150","1,220","1,190",11.90
Uttar Pradesh,Hardoi,Hardoi,Tomato,Hybrid,FAQ,19/05/2025,760,840,810,8.10
Uttar Pradesh,Jalaun (Orai),Ait,Wheat,Dara,FAQ,19/05/2025,"2,425","2,511","2,480",24.80
Uttar Pradesh,Khiri (Lakhimpur),Maigalganj,Gur(Jaggery),Pathari,FAQ,19/05/2025,"3,000","3,080","3,040",30.40
Uttar Pradesh,Maharajganj,Anandnagar,Orange,Orange,Medium,19/05/2025,"3,400","4,000","3,700",37.00
Uttar Pradesh,Maharajganj,Anandnagar,Wheat,Dara,FAQ,19/05/2025,"2,425","2,450","2,450",24.50
Uttar Pradesh,Mahoba,Charkhari,Firewood,Firewood,FAQ,19/05/2025,400,400,400,4.00
Uttar Pradesh,Mahoba,Charkhari,White Peas,White Peas,FAQ,19/05/2025,"3,200","3,500","3,400",34.00
Uttar Pradesh,Mainpuri,Ghiraur,Apple,Delicious,Medium,19/05/2025,"11,570","11,770","11,670",116.70
Uttar Pradesh,Mainpuri,Ghiraur,Green Chilli,Green Chilly,FAQ,19/05/2025,"1,680","1,880","1,780",17.80
Uttar Pradesh,Mainpuri,Ghiraur,Lemon,Lemon,FAQ,19/05/2025,"6,925","7,125","7,025",70.25
Uttar Pradesh,Mainpuri,Ghiraur,Mustard,Mustard,FAQ,19/05/2025,"6,140","6,275","6,200",62.00
Uttar Pradesh,Mainpuri,Ghiraur,Tomato,Hybrid,FAQ,19/05/2025,660,860,760,7.60
Uttar Pradesh,Mau(Maunathbhanjan),Doharighat,Cauliflower,Other,FAQ,19/05/2025,"1,400","1,500","1,450",14.50
Uttar Pradesh,Mau(Maunathbhanjan),Doharighat,Onion,Red,FAQ,19/05/2025,"3,900","4,000","3,955",39.55
Uttar Pradesh,Mau(Maunathbhanjan),Kopaganj,Banana,Medium,Medium,19/05/2025,"1,000","1,200","1,100",11.00
Uttar Pradesh,Mau(Maunathbhanjan),Kopaganj,Brinjal,Brinjal,FAQ,19/05/2025,700,"1,000",800,8.00
Uttar Pradesh,Mau(Maunathbhanjan),Kopaganj,Tomato,Hybrid,FAQ,19/05/2025,500,700,600,6.00
Uttar Pradesh,Pillibhit,Pilibhit,Bottle gourd,Bottle Gourd,FAQ,19/05/2025,"1,085","1,165","1,125",11.25
Uttar Pradesh,Pillibhit,Pilibhit,Brinjal,Brinjal,FAQ,19/05/2025,"1,338","1,418","1,378",13.78
Uttar Pradesh,Pillibhit,Pilibhit,Ginger(Green),Green Ginger,FAQ,19/05/2025,"4,035","4,115","4,075",40.75
Uttar Pradesh,Pillibhit,Pilibhit,Lemon,Lemon,FAQ,19/05/2025,"6,850","6,930","6,890",68.90
Uttar Pradesh,Pillibhit,Pilibhit,Papaya,Papaya,Medium,19/05/2025,"2,750","2,840","2,799",27.99
Uttar Pradesh,Pillibhit,Pilibhit,Pumpkin,Pumpkin,FAQ,19/05/2025,"1,005","1,095","1,055",10.55
Uttar Pradesh,Pillibhit,Pilibhit,Wheat,Dara,FAQ,19/05/2025,"2,455","2,535","2,495",24.95
Uttar Pradesh,Prayagraj,Ajuha,Onion,Red,FAQ,19/05/2025,"1,160","1,300","1,230",12.30
Uttar Pradesh,Prayagraj,Jasra,Green Chilli,Green Chilly,FAQ,19/05/2025,"2,000","2,150","2,075",20.75
Uttar Pradesh,Rampur,Tanda(Rampur),Brinjal,Other,FAQ,19/05/2025,"1,000","1,040","1,020",10.20
Uttar Pradesh,Sambhal,Bhehjoi,Mustard,Lohi Black,Non-FAQ,19/05/2025,"5,000","6,000","5,500",55.00
Uttar Pradesh,Sant Kabir Nagar,Khalilabad,Onion,Red,FAQ,19/05/2025,"1,600","1,800","1,700",17.00
Uttar Pradesh,Shamli,Kairana,Onion,Red,FAQ,19/05/2025,900,"1,000",950,9.50
Uttar Pradesh,Shamli,Kairana,Potato,Desi,FAQ,19/05/2025,700,800,750,7.50
Uttar Pradesh,Sitapur,Hargaon (Laharpur),Banana,Desi(Bontha),Small,19/05/2025,"1,150","1,250","1,200",12.00
Uttar Pradesh,Sitapur,Hargaon (Laharpur),Wheat,Dara,FAQ,19/05/2025,"2,445","2,455","2,450",24.50
Uttar Pradesh,Sitapur,Hargaon (Laharpur),Wood,Other,FAQ,19/05/2025,500,600,550,5.50
Uttar Pradesh,Sitapur,Sitapur,Green Chilli,Green Chilly,FAQ,19/05/2025,"2,200","2,450","2,300",23.00
Uttar Pradesh,Sitapur,Sitapur,Pumpkin,Pumpkin,FAQ,19/05/2025,700,"1,050",930,9.30
Uttar Pradesh,Sitapur,Sitapur,Rice,Common,FAQ,19/05/2025,"2,450","3,250","3,170",31.70
Uttar Pradesh,Sitapur,Sitapur,Wheat,Dara,FAQ,19/05/2025,"2,400","2,450","2,425",24.25
Uttrakhand,Dehradoon,Rishikesh,Pomegranate,Other,Medium,19/05/2025,"4,000","7,000","5,000",50.00
Uttrakhand,Dehradoon,Vikasnagar,Bitter gourd,Other,FAQ,19/05/2025,600,"1,000","1,000",10.00
Uttrakhand,Haridwar,Haridwar Union,Apple,Other,Medium,19/05/2025,"8,500","12,000","9,500",95.00
Uttrakhand,Haridwar,Haridwar Union,Banana,Other,Medium,19/05/2025,"1,400","1,600","1,500",15.00
Uttrakhand,Haridwar,Haridwar Union,Bhindi(Ladies Finger),Bhindi,FAQ,19/05/2025,"1,000","1,500","1,200",12.00
Uttrakhand,Haridwar,Haridwar Union,Bitter gourd,Bitter Gourd,FAQ,19/05/2025,"1,500","2,000","1,700",17.00
Uttrakhand,Haridwar,Haridwar Union,Lemon,Other,FAQ,19/05/2025,"7,000","10,000","8,500",85.00
Uttrakhand,Haridwar,Haridwar Union,Mousambi(Sweet Lime),Mousambi,Medium,19/05/2025,"3,500","5,000","4,200",42.00
Uttrakhand,Haridwar,Haridwar Union,Pumpkin,Pumpkin,FAQ,19/05/2025,400,600,500,5.00
Uttrakhand,Haridwar,Manglaur,Banana,Other,Medium,19/05/2025,"1,200","1,500","1,300",13.00
Uttrakhand,Haridwar,Manglaur,Cucumbar(Kheera),Other,FAQ,19/05/2025,500,800,600,6.00
Uttrakhand,Haridwar,Manglaur,Karbuja(Musk Melon),Other,Medium,19/05/2025,900,"1,200","1,000",10.00
Uttrakhand,Haridwar,Manglaur,Onion,Other,FAQ,19/05/2025,"1,200","1,500","1,300",13.00
Uttrakhand,Haridwar,Roorkee,Brinjal,Other,FAQ,19/05/2025,550,800,650,6.50
Uttrakhand,Haridwar,Roorkee,Onion,Other,FAQ,19/05/2025,"2,000","4,000","3,000",30.00
Uttrakhand,Haridwar,Roorkee,Tomato,Other,FAQ,19/05/2025,800,"1,200","1,000",10.00
Uttrakhand,Nanital,Ramnagar,Bhindi(Ladies Finger),Other,FAQ,19/05/2025,"2,300","2,500","2,400",24.00
Uttrakhand,Nanital,Ramnagar,Tinda,Other,FAQ,19/05/2025,"2,600","3,000","2,800",28.00
Uttrakhand,UdhamSinghNagar,Gadarpur,Wheat,Other,FAQ,19/05/2025,"2,430","2,430","2,430",24.30
West Bengal,Bankura,Indus(Bankura Sadar),Mustard,Mustard,FAQ,19/05/2025,"5,700","6,000","5,950",59.50
West Bengal,Bankura,Indus(Bankura Sadar),Paddy(Dhan)(Common),Common,FAQ,19/05/2025,"2,260","2,320","2,300",23.00
West Bengal,Bankura,Indus(Bankura Sadar),Potato,Jyoti,FAQ,19/05/2025,"1,240","1,280","1,260",12.60
West Bengal,Bankura,Indus(Bankura Sadar),Rice,Fine,FAQ,19/05/2025,"4,550","4,650","4,600",46.00
West Bengal,Hooghly,Pandua,Brinjal,Round/Long,FAQ,19/05/2025,"3,400","3,700","3,600",36.00
West Bengal,Hooghly,Sheoraphuly,Pointed gourd (Parval),Pointed gourd (Parval),FAQ,19/05/2025,"1,400","1,800","1,600",16.00
West Bengal,Malda,English Bazar,Potato,Local,FAQ,19/05/2025,"1,200","1,220","1,210",12.10
West Bengal,Malda,English Bazar,Rice,Common,FAQ,19/05/2025,"4,100","4,300","4,200",42.00
West Bengal,Malda,Samsi,Onion,Onion,FAQ,19/05/2025,"1,400","1,700","1,500",15.00
West Bengal,Medinipur(W),Ghatal,Green Chilli,Green Chilly,FAQ,19/05/2025,"3,600","3,800","3,700",37.00
West Bengal,Medinipur(W),Ghatal,Potato,Jyoti,FAQ,19/05/2025,"2,250","2,350","2,300",23.00
West Bengal,Medinipur(W),Ghatal,Pumpkin,Other,FAQ,19/05/2025,"1,400","1,500","1,450",14.50
West Bengal,Medinipur(W),Ghatal,Rice,Common,FAQ,19/05/2025,"3,800","4,000","3,900",39.00
West Bengal,Murshidabad,Kandi,Potato,Local,FAQ,19/05/2025,"1,300","1,400","1,350",13.50
West Bengal,Murshidabad,Kandi,Rice,Common,FAQ,19/05/2025,"3,600","3,800","3,700",37.00
West Bengal,Puruliya,Balarampur,Brinjal,Other,FAQ,19/05/2025,"2,000","2,500","2,200",22.00
West Bengal,Sounth 24Parganas,Baruipur(Canning),Brinjal,Brinjal,FAQ,19/05/2025,"4,200","4,400","4,300",43.00
West Bengal,Sounth 24Parganas,Baruipur(Canning),Cabbage,Cabbage,FAQ,19/05/2025,"1,700","1,800","1,750",17.50
West Bengal,Sounth 24Parganas,Baruipur(Canning),Rice,Common,FAQ,19/05/2025,"3,500","3,600","3,550",35.50
West Bengal,Sounth 24Parganas,Baruipur(Canning),Rice,Super Fine,FAQ,19/05/2025,"5,450","5,550","5,500",55.00
West Bengal,Uttar Dinajpur,Raiganj,Jute,TD-5,FAQ,19/05/2025,"6,200","6,300","6,250",62.50
West Bengal,Uttar Dinajpur,Raiganj,Rice,Fine,FAQ,19/05/2025,"4,400","4,600","4,500",45.00
Andhra Pradesh,East Godavari,Ambajipeta,Banana,Banana - Ripe,Medium,19/05/2025,"1,040","2,240","1,640",16.40
Andhra Pradesh,East Godavari,Ravulapelem,Banana,Chakkarakeli(White),Large,19/05/2025,"2,600","3,700","3,400",34.00
Andhra Pradesh,Kurnool,Nandyal,Paddy(Dhan)(Common),Sona Mahsuri,FAQ,19/05/2025,"2,400","2,400","2,400",24.00
Andhra Pradesh,Nellore,Atmakur(SPS),Cotton,Local,FAQ,19/05/2025,"7,121","7,600","7,521",75.21
Andhra Pradesh,West Godavari,Chintalapudi,Lemon,Lemon,FAQ,19/05/2025,"1,500","2,200","1,800",18.00
Gujarat,Amreli,Damnagar,Guar,Gwar,FAQ,19/05/2025,"4,250","5,050","4,800",48.00
Gujarat,Amreli,Savarkundla,Green Gram (Moong)(Whole),Green (Whole),Non-FAQ,19/05/2025,"5,250","7,755","6,500",65.00
Gujarat,Amreli,Savarkundla,Soyabean,Soyabeen,Non-FAQ,19/05/2025,"3,550","3,900","3,750",37.50
Gujarat,Amreli,Savarkundla,Wheat,Lokwan,FAQ,19/05/2025,"2,250","2,755","2,615",26.15
Gujarat,Bharuch,Jambusar,Bajra(Pearl Millet/Cumbu),Other,FAQ,19/05/2025,"2,600","3,000","2,800",28.00
Gujarat,Bharuch,Jambusar,Cotton,Other,FAQ,19/05/2025,"4,500","5,000","4,700",47.00
Gujarat,Bharuch,Jambusar,Jowar(Sorghum),Other,FAQ,19/05/2025,"3,000","3,400","3,200",32.00
Gujarat,Bharuch,Jambusar(Kaavi),Arhar (Tur/Red Gram)(Whole),Other,FAQ,19/05/2025,"5,600","6,000","5,800",58.00
Gujarat,Bharuch,Jambusar(Kaavi),Cotton,Other,FAQ,19/05/2025,"4,600","5,000","4,800",48.00
Gujarat,Bharuch,Jambusar(Kaavi),Jowar(Sorghum),Other,FAQ,19/05/2025,"3,200","3,600","3,400",34.00
Gujarat,Dahod,Davgadbaria(Piplod),Paddy(Dhan)(Common),Common,Non-FAQ,19/05/2025,"1,500","1,820","1,530",15.30
Gujarat,Junagarh,Mangrol,Wheat,Rajasthan Tukdi,FAQ,19/05/2025,"2,575","2,650","2,625",26.25
Gujarat,Rajkot,Dhoraji,Ground Nut Seed,Ground Nut Seed,FAQ,19/05/2025,"5,705","6,000","5,930",59.30
Gujarat,Rajkot,Rajkot(Veg.Sub Yard),Bottle gourd,Bottle Gourd,FAQ,19/05/2025,250,600,450,4.50
Gujarat,Rajkot,Rajkot(Veg.Sub Yard),Brinjal,Brinjal,FAQ,19/05/2025,500,"1,400",950,9.50
Gujarat,Rajkot,Rajkot(Veg.Sub Yard),Green Chilli,Green Chilly,FAQ,19/05/2025,"1,250","2,500","1,900",19.00
Gujarat,Sabarkantha,Khedbrahma,Wheat,Lok-1,FAQ,19/05/2025,"2,500","2,700","2,600",26.00
Gujarat,Sabarkantha,Modasa,Maize,Hybrid Red (Cattle Feed),Non-FAQ,19/05/2025,"1,800","2,190","2,190",21.90
Gujarat,Sabarkantha,Modasa,Soyabean,Yellow,Non-FAQ,19/05/2025,"4,000","4,140","4,140",41.40
Gujarat,Sabarkantha,Modasa(Tintoi),Wheat,Lokwan,FAQ,19/05/2025,"2,350","2,625","2,625",26.25
Gujarat,Surat,Mahuva(Anaval),Mango,Other,Medium,19/05/2025,850,"1,000",900,9.00
Gujarat,Surat,Surat,Bhindi(Ladies Finger),Other,FAQ,19/05/2025,"1,500","4,000","2,750",27.50
Gujarat,Surat,Surat,Bitter gourd,Other,FAQ,19/05/2025,"2,500","5,000","3,750",37.50
Gujarat,Surat,Surat,Capsicum,Other,FAQ,19/05/2025,"2,500","3,500","3,000",30.00
Gujarat,Surat,Surat,Carrot,Other,FAQ,19/05/2025,"1,000","2,000","1,500",15.00
Gujarat,Surat,Surat,Green Chilli,Other,FAQ,19/05/2025,"2,500","5,000","3,750",37.50
Gujarat,Surat,Surat,Mango (Raw-Ripe),Other,FAQ,19/05/2025,"3,000","7,000","5,000",50.00
Gujarat,Surat,Surat,Papaya (Raw),Other,FAQ,19/05/2025,500,"1,300",900,9.00
Gujarat,Surat,Surat,Peas cod,Other,FAQ,19/05/2025,"8,000","11,000","9,500",95.00
Gujarat,Surat,Surat,Potato,Other,FAQ,19/05/2025,700,"2,000","1,350",13.50
Gujarat,Surat,Surat,Sponge gourd,Other,FAQ,19/05/2025,"1,000","3,000","2,000",20.00
Gujarat,Surat,Surat,Yam (Ratalu),Other,FAQ,19/05/2025,"4,500","7,000","5,750",57.50
Gujarat,Surendranagar,Dhragradhra,Soanf,Soanf,FAQ,19/05/2025,"6,675","8,340","7,500",75.00
Gujarat,Surendranagar,Vadhvan,Apple,Apple,Medium,19/05/2025,"17,500","21,500","19,500",195.00
Gujarat,Surendranagar,Vadhvan,Bottle gourd,Bottle Gourd,FAQ,19/05/2025,"2,000","2,500","2,250",22.50
Gujarat,Surendranagar,Vadhvan,Cabbage,Cabbage,FAQ,19/05/2025,"1,000","1,500","1,250",12.50
Gujarat,Surendranagar,Vadhvan,Coriander(Leaves),Coriander,FAQ,19/05/2025,"3,500","4,000","3,750",37.50
Gujarat,Surendranagar,Vadhvan,Water Melon,Water Melon,Medium,19/05/2025,500,750,625,6.25
Gujarat,Vadodara(Baroda),Padra,Bhindi(Ladies Finger),Other,FAQ,19/05/2025,"2,500","3,500","3,000",30.00
Gujarat,Vadodara(Baroda),Padra,Cauliflower,Other,FAQ,19/05/2025,"2,500","3,000","2,750",27.50
Gujarat,Vadodara(Baroda),Padra,Spinach,Other,FAQ,19/05/2025,700,800,750,7.50
Gujarat,Vadodara(Baroda),Padra,Tomato,Other,FAQ,19/05/2025,"1,400","1,600","1,500",15.00
Haryana,Gurgaon,Gurgaon,Onion,Other,Non-FAQ,19/05/2025,800,"1,000",900,9.00
Haryana,Hissar,Barwala(Hisar),Bitter gourd,Other,FAQ,19/05/2025,"1,500","2,000","1,800",18.00
Haryana,Hissar,Hansi,Bhindi(Ladies Finger),Other,FAQ,19/05/2025,"2,000","3,000","2,500",25.00
Haryana,Hissar,Hansi,Cabbage,Other,FAQ,19/05/2025,400,600,500,5.00
Haryana,Hissar,Hansi,Capsicum,Other,FAQ,19/05/2025,"2,000","3,000","2,500",25.00
Haryana,Hissar,Hansi,Lemon,Other,FAQ,19/05/2025,"8,000","12,000","10,000",100.00
Haryana,Hissar,Hansi,Mango,Other,Medium,19/05/2025,"5,000","10,000","8,000",80.00
Haryana,Hissar,Hansi,Pumpkin,Other,FAQ,19/05/2025,600,"1,000",800,8.00
Haryana,Hissar,Hansi,Ridgeguard(Tori),Other,FAQ,19/05/2025,"3,000","4,000","3,500",35.00
Haryana,Hissar,Uklana,Bhindi(Ladies Finger),Bhindi,FAQ,19/05/2025,"1,500","1,500","1,500",15.00
Haryana,Hissar,Uklana,Brinjal,Other,FAQ,19/05/2025,800,"1,000","1,000",10.00
Haryana,Hissar,Uklana,Cucumbar(Kheera),Cucumbar,FAQ,19/05/2025,600,700,700,7.00
Haryana,Hissar,Uklana,Mango,Other,Medium,19/05/2025,"5,000","5,000","5,000",50.00
Haryana,Hissar,Uklana,Potato,Potato,FAQ,19/05/2025,900,900,900,9.00
Haryana,Kaithal,Dhand,Banana,Other,Medium,19/05/2025,"3,000","4,000","3,800",38.00
Haryana,Kurukshetra,Pehowa,Onion,Other,FAQ,19/05/2025,900,"1,000","1,000",10.00
Haryana,Mahendragarh-Narnaul,Narnaul,Bitter gourd,Bitter Gourd,FAQ,19/05/2025,"2,500","2,500","2,500",25.00
Haryana,Mahendragarh-Narnaul,Narnaul,Lemon,Lemon,FAQ,19/05/2025,"6,000","9,000","8,000",80.00
Haryana,Mahendragarh-Narnaul,Narnaul,Mango,Other,Medium,19/05/2025,"3,000","5,000","4,000",40.00
Haryana,Mahendragarh-Narnaul,Narnaul,Mousambi(Sweet Lime),Mousambi,Medium,19/05/2025,"3,000","3,500","3,500",35.00
Haryana,Mahendragarh-Narnaul,Narnaul,Sponge gourd,Sponge gourd,FAQ,19/05/2025,"1,500","2,500","2,000",20.00
Haryana,Mahendragarh-Narnaul,Narnaul,Water Melon,Water Melon,Medium,19/05/2025,500,800,600,6.00
Haryana,Mewat,Tauru,Onion,Nasik,FAQ,19/05/2025,"1,500","1,500","1,500",15.00
Haryana,Mewat,Tauru,Potato,Local,FAQ,19/05/2025,"1,200","1,200","1,200",12.00
Haryana,Mewat,Tauru,Ridgeguard(Tori),Other,FAQ,19/05/2025,"1,500","1,500","1,500",15.00
Haryana,Mewat,Tauru,Tomato,Deshi,FAQ,19/05/2025,"1,000","1,000","1,000",10.00
Haryana,Panchkula,Panchkul(Kalka),Tomato,Other,FAQ,19/05/2025,"1,500","2,500","2,000",20.00
Haryana,Panipat,Panipat,Banana,Other,Medium,19/05/2025,"2,200","2,400","2,300",23.00
Haryana,Panipat,Panipat,Cabbage,Other,FAQ,19/05/2025,400,"1,000",700,7.00
Haryana,Panipat,Panipat,Cucumbar(Kheera),Other,FAQ,19/05/2025,500,"1,500","1,000",10.00
Haryana,Panipat,Samalkha,Cabbage,Cabbage,FAQ,19/05/2025,500,500,500,5.00
Haryana,Panipat,Samalkha,Capsicum,Capsicum,FAQ,19/05/2025,"1,500","1,500","1,500",15.00
Haryana,Panipat,Samalkha,Pumpkin,Pumpkin,FAQ,19/05/2025,500,500,500,5.00
Haryana,Rewari,Kosli,Bottle gourd,Bottle Gourd,FAQ,19/05/2025,"1,000","1,000","1,000",10.00
Haryana,Sirsa,kalanwali,Banana,Other,Medium,19/05/2025,"2,500","3,200","2,500",25.00
Haryana,Sonipat,Ganaur,Bitter gourd,Bitter Gourd,FAQ,19/05/2025,"1,800","2,000","1,800",18.00
Haryana,Sonipat,Ganaur,Cauliflower,Other,FAQ,19/05/2025,"2,400","2,500","2,400",24.00
Haryana,Sonipat,Ganaur,Onion,Onion,FAQ,19/05/2025,"1,800","2,000","1,800",18.00
Haryana,Sonipat,Ganaur,Tomato,Tomato,FAQ,19/05/2025,700,800,700,7.00
Haryana,Yamuna Nagar,Radaur,Bhindi(Ladies Finger),Other,FAQ,19/05/2025,"1,500","2,000","1,800",18.00
Haryana,Yamuna Nagar,Radaur,Brinjal,Other,FAQ,19/05/2025,800,"1,000",900,9.00
Haryana,Yamuna Nagar,Radaur,Tomato,Other,FAQ,19/05/2025,600,800,700,7.00
Haryana,Yamuna Nagar,Sadhaura,Colacasia,Colacasia,FAQ,19/05/2025,"2,500","3,000","2,800",28.00
Haryana,Yamuna Nagar,Sadhaura,Mango,Other,Medium,19/05/2025,"4,000","5,000","4,500",45.00
Haryana,Yamuna Nagar,Sadhaura,Sponge gourd,Other,FAQ,19/05/2025,"1,000","1,200","1,100",11.00
Himachal Pradesh,Chamba,Chamba,Banana,Other,Medium,19/05/2025,"4,500","5,000","4,750",47.50
Himachal Pradesh,Chamba,Chamba,Spinach,Other,FAQ,19/05/2025,"2,500","3,000","2,750",27.50
Himachal Pradesh,Hamirpur,Hamirpur,Bitter gourd,Other,FAQ,19/05/2025,"3,000","3,000","3,000",30.00
Himachal Pradesh,Hamirpur,Hamirpur,Cabbage,Other,FAQ,19/05/2025,"1,000","1,000","1,000",10.00
Himachal Pradesh,Hamirpur,Hamirpur,Ginger(Green),Other,FAQ,19/05/2025,"7,000","8,000","7,500",75.00
Himachal Pradesh,Hamirpur,Hamirpur,Peas Wet,Other,FAQ,19/05/2025,"8,000","8,000","8,000",80.00
Himachal Pradesh,Hamirpur,Hamirpur,Sponge gourd,Other,FAQ,19/05/2025,"2,500","3,000","2,800",28.00
Himachal Pradesh,Kangra,Dharamshala,Bhindi(Ladies Finger),Bhindi,FAQ,19/05/2025,"3,200","3,500","3,350",33.50
Himachal Pradesh,Kangra,Dharamshala,Bitter gourd,Other,FAQ,19/05/2025,"2,800","3,000","2,900",29.00
Himachal Pradesh,Kangra,Dharamshala,Brinjal,Other,FAQ,19/05/2025,"1,800","2,000","1,900",19.00
Himachal Pradesh,Kangra,Dharamshala,Cabbage,Other,FAQ,19/05/2025,"1,000","1,200","1,100",11.00
Himachal Pradesh,Kangra,Dharamshala,Cauliflower,Other,FAQ,19/05/2025,"5,000","5,500","5,250",52.50
Himachal Pradesh,Kangra,Dharamshala,French Beans (Frasbean),Other,FAQ,19/05/2025,"6,000","7,000","6,500",65.00
Himachal Pradesh,Kangra,Dharamshala,Garlic,Other,FAQ,19/05/2025,"9,000","9,500","9,250",92.50
Himachal Pradesh,Kangra,Dharamshala,Mousambi(Sweet Lime),Other,Medium,19/05/2025,"6,000","7,000","6,500",65.00
Himachal Pradesh,Kangra,Dharamshala,Pomegranate,Other,Medium,19/05/2025,"10,000","11,000","10,500",105.00
Himachal Pradesh,Kangra,Dharamshala,Potato,Other,FAQ,19/05/2025,"1,000","1,100","1,050",10.50
Himachal Pradesh,Kangra,Kangra,Banana,Other,Medium,19/05/2025,"4,000","5,000","4,500",45.00
Himachal Pradesh,Kangra,Kangra,Bottle gourd,Other,FAQ,19/05/2025,"1,000","1,800","1,400",14.00
Himachal Pradesh,Kangra,Kangra,Brinjal,Other,FAQ,19/05/2025,"1,200","2,300","1,500",15.00
Himachal Pradesh,Kangra,Kangra,Carrot,Other,FAQ,19/05/2025,"1,800","2,000","1,900",19.00
Himachal Pradesh,Kangra,Kangra,Colacasia,Colacasia,FAQ,19/05/2025,"5,000","5,500","5,200",52.00
Himachal Pradesh,Kangra,Kangra,Karbuja(Musk Melon),Other,Medium,19/05/2025,"2,000","2,500","2,200",22.00
Himachal Pradesh,Kangra,Kangra,Onion,Other,FAQ,19/05/2025,"2,000","2,200","2,100",21.00
Himachal Pradesh,Kangra,Kangra,Sponge gourd,Other,FAQ,19/05/2025,"2,500","3,000","2,700",27.00
Himachal Pradesh,Kangra,Kangra,Tinda,Other,FAQ,19/05/2025,"2,500","3,000","2,700",27.00
Himachal Pradesh,Kangra,Kangra,Tomato,Other,FAQ,19/05/2025,"1,000","1,200","1,100",11.00
Himachal Pradesh,Kangra,Kangra,Water Melon,Water Melon,Medium,19/05/2025,"1,000","1,500","1,200",12.00
Himachal Pradesh,Kangra,Kangra(Baijnath),Brinjal,Brinjal,FAQ,19/05/2025,"2,400","2,600","2,500",25.00
Himachal Pradesh,Kangra,Kangra(Baijnath),Cabbage,Cabbage,FAQ,19/05/2025,"1,000","1,200","1,100",11.00
Himachal Pradesh,Kangra,Kangra(Baijnath),French Beans (Frasbean),French Beans (Frasbean),FAQ,19/05/2025,"7,500","8,000","7,700",77.00
Himachal Pradesh,Kangra,Kangra(Baijnath),Mousambi(Sweet Lime),Mousambi,Medium,19/05/2025,"5,400","5,500","5,400",54.00
Himachal Pradesh,Kangra,Kangra(Baijnath),Raddish,Other,FAQ,19/05/2025,"4,000","4,000","4,000",40.00
Himachal Pradesh,Kangra,Kangra(Jaisinghpur),Beetroot,Beetroot,FAQ,19/05/2025,"3,800","4,000","3,900",39.00
Himachal Pradesh,Kangra,Kangra(Jaisinghpur),Bhindi(Ladies Finger),Bhindi,FAQ,19/05/2025,"3,000","3,500","3,300",33.00
Himachal Pradesh,Kangra,Kangra(Jaisinghpur),Cabbage,Cabbage,FAQ,19/05/2025,"1,100","1,200","1,150",11.50
Himachal Pradesh,Kangra,Kangra(Jaisinghpur),Carrot,Carrot,FAQ,19/05/2025,"2,200","2,500","2,400",24.00
Himachal Pradesh,Kangra,Kangra(Jaisinghpur),French Beans (Frasbean),French Beans (Frasbean),FAQ,19/05/2025,"6,700","7,000","6,900",69.00
Himachal Pradesh,Kangra,Kangra(Jaisinghpur),Mango,Other,Medium,19/05/2025,"6,500","7,500","7,000",70.00
Himachal Pradesh,Kangra,Kangra(Jaisinghpur),Mousambi(Sweet Lime),Mousambi,Medium,19/05/2025,"6,500","7,500","7,000",70.00
Himachal Pradesh,Kangra,Kangra(Jaisinghpur),Pumpkin,Pumpkin,FAQ,19/05/2025,"1,500","1,600","1,550",15.50
Himachal Pradesh,Kangra,Kangra(Nagrota Bagwan),Cucumbar(Kheera),Cucumbar,FAQ,19/05/2025,"1,000","1,400","1,200",12.00
Himachal Pradesh,Kangra,Kangra(Nagrota Bagwan),Pumpkin,Other,FAQ,19/05/2025,"1,000","1,300","1,200",12.00
Himachal Pradesh,Kangra,Palampur,Apricot(Jardalu/Khumani),Other,Medium,19/05/2025,"7,000","8,000","7,800",78.00
Himachal Pradesh,Kangra,Palampur,Banana,Banana - Ripe,Medium,19/05/2025,"4,500","4,800","4,700",47.00
Himachal Pradesh,Kangra,Palampur,Cabbage,Cabbage,FAQ,19/05/2025,"1,000","1,100","1,050",10.50
Himachal Pradesh,Kangra,Palampur,Garlic,Average,FAQ,19/05/2025,"9,000","10,000","9,800",98.00
Himachal Pradesh,Kangra,Palampur,Grapes,Other,Medium,19/05/2025,"10,000","11,000","10,500",105.00
Himachal Pradesh,Kangra,Palampur,Guava,Other,Medium,19/05/2025,"10,000","12,000","11,000",110.00
Himachal Pradesh,Kangra,Palampur,Onion,Other,FAQ,19/05/2025,"1,700","1,800","1,750",17.50
Himachal Pradesh,Kangra,Palampur,Tomato,Tomato,FAQ,19/05/2025,"1,400","1,500","1,450",14.50
Himachal Pradesh,Solan,Solan(Nalagarh),Banana,Other,Medium,19/05/2025,"3,000","3,500","3,200",32.00
Himachal Pradesh,Solan,Solan(Nalagarh),Bottle gourd,Other,FAQ,19/05/2025,"1,300","1,500","1,400",14.00
Himachal Pradesh,Solan,Solan(Nalagarh),Brinjal,Other,FAQ,19/05/2025,"1,600","2,000","1,800",18.00
Himachal Pradesh,Solan,Solan(Nalagarh),Cabbage,Other,FAQ,19/05/2025,"1,000","1,200","1,100",11.00
Himachal Pradesh,Solan,Solan(Nalagarh),Cauliflower,Other,FAQ,19/05/2025,"4,800","5,600","5,200",52.00
Himachal Pradesh,Solan,Solan(Nalagarh),Garlic,Other,FAQ,19/05/2025,"8,000","9,000","8,500",85.00
Himachal Pradesh,Solan,Solan(Nalagarh),Pumpkin,Other,FAQ,19/05/2025,"1,000","1,200","1,100",11.00
Himachal Pradesh,Solan,Solan(Nalagarh),Sponge gourd,Other,FAQ,19/05/2025,"2,800","3,200","3,000",30.00
Jammu andKashmir,Kathua,Kathua,Banana,Other,Medium,19/05/2025,"3,500","4,000","3,750",37.50
Jammu andKashmir,Kathua,Kathua,Bitter gourd,Other,FAQ,19/05/2025,"2,000","2,500","2,250",22.50
Jammu andKashmir,Kathua,Kathua,Cabbage,Other,FAQ,19/05/2025,500,600,550,5.50
Jammu andKashmir,Kathua,Kathua,Cucumbar(Kheera),Other,FAQ,19/05/2025,"1,200","1,500","1,350",13.50
Jammu andKashmir,Kathua,Kathua,Mousambi(Sweet Lime),Other,Medium,19/05/2025,"6,000","7,000","6,500",65.00
Jammu andKashmir,Kathua,Kathua,Papaya,Other,Medium,19/05/2025,"4,000","4,500","4,250",42.50
Jammu andKashmir,Kathua,Kathua,Pineapple,Pine Apple,Medium,19/05/2025,"3,500","4,000","3,750",37.50
Jammu andKashmir,Kathua,Kathua,Potato,Other,FAQ,19/05/2025,800,"1,000",900,9.00
Jammu andKashmir,Kathua,Kathua,Spinach,Spinach,FAQ,19/05/2025,"1,500","2,000","1,750",17.50
Jammu andKashmir,Rajouri,Rajouri (F&V;),Apple,Delicious,Medium,19/05/2025,"12,000","13,000","12,500",125.00
Kerala,Alappuzha,Chengannur,Cluster beans,Cluster Beans,FAQ,19/05/2025,"7,600","8,000","7,800",78.00
Kerala,Alappuzha,Chengannur,Coconut,Big,FAQ,19/05/2025,"5,500","6,200","6,000",60.00
Kerala,Alappuzha,Chengannur,Colacasia,Colacasia,FAQ,19/05/2025,"5,800","6,300","6,000",60.00
Kerala,Alappuzha,Chengannur,Green Chilli,Green Chilly,FAQ,19/05/2025,"3,500","4,000","3,800",38.00
Kerala,Alappuzha,Chengannur,Mango (Raw-Ripe),Mango - Raw-Ripe,FAQ,19/05/2025,0,0,"4,000",40.00
Kerala,Alappuzha,Chengannur,Onion,Small,FAQ,19/05/2025,"5,700","6,000","5,800",58.00
Kerala,Alappuzha,Cherthala,Brinjal,Brinjal,FAQ,19/05/2025,"3,000","3,200","3,100",31.00
Kerala,Alappuzha,Cherthala,Potato,Chips,FAQ,19/05/2025,"4,500","4,700","4,600",46.00
Kerala,Alappuzha,Harippad,Amaranthus,Other,FAQ,19/05/2025,"5,000","5,500","5,000",50.00
Kerala,Alappuzha,Harippad,Amphophalus,Other,FAQ,19/05/2025,"5,000","5,500","5,000",50.00
Kerala,Alappuzha,Harippad,Bhindi(Ladies Finger),Other,FAQ,19/05/2025,"4,000","4,500","4,000",40.00
Kerala,Alappuzha,Harippad,Bottle gourd,Other,FAQ,19/05/2025,"1,000","1,400","1,000",10.00
Kerala,Alappuzha,Harippad,Carrot,Other,FAQ,19/05/2025,"5,000","5,500","5,000",50.00
Kerala,Alappuzha,Harippad,Cowpea(Veg),Other,FAQ,19/05/2025,"4,000","4,600","4,000",40.00
Kerala,Alappuzha,Harippad,Cucumbar(Kheera),Other,FAQ,19/05/2025,"3,000","3,500","3,000",30.00
Kerala,Alappuzha,Harippad,Mango,Other,Medium,19/05/2025,"5,000","5,500","5,000",50.00
Kerala,Alappuzha,Harippad,Onion,Big,FAQ,19/05/2025,"2,000","2,500","2,000",20.00
Kerala,Alappuzha,Mannar,Beetroot,Other,FAQ,19/05/2025,"3,000","3,200","3,100",31.00
Kerala,Alappuzha,Mannar,Carrot,Other,FAQ,19/05/2025,"4,000","4,200","4,100",41.00
Kerala,Ernakulam,Angamaly,Beetroot,Beetroot,FAQ,19/05/2025,"5,500","6,500","6,000",60.00
Kerala,Ernakulam,Angamaly,Cabbage,Cabbage,FAQ,19/05/2025,"2,600","4,000","3,200",32.00
Kerala,Ernakulam,Angamaly,Garlic,Average,FAQ,19/05/2025,"13,000","16,000","14,000",140.00
Kerala,Ernakulam,Angamaly,Pumpkin,Pumpkin,FAQ,19/05/2025,"1,800","3,000","2,500",25.00
Kerala,Ernakulam,Ernakulam,Amaranthus,Amaranthus,FAQ,19/05/2025,"2,800","3,000","2,900",29.00
Kerala,Ernakulam,Ernakulam,Cucumbar(Kheera),Other,FAQ,19/05/2025,"1,000","1,400","1,200",12.00
Kerala,Ernakulam,Ernakulam,Tapioca,Tapioca,FAQ,19/05/2025,"2,300","2,500","2,400",24.00
Kerala,Ernakulam,North Paravur,Amphophalus,Amphophalus,FAQ,19/05/2025,"5,300","6,000","5,500",55.00
Kerala,Ernakulam,North Paravur,Beetroot,Beetroot,FAQ,19/05/2025,"4,500","5,500","5,000",50.00
Kerala,Ernakulam,North Paravur,Carrot,Carrot,FAQ,19/05/2025,"3,700","4,500","4,000",40.00
Kerala,Ernakulam,North Paravur,Colacasia,Colacasia,FAQ,19/05/2025,"5,000","6,000","5,500",55.00
Kerala,Ernakulam,North Paravur,French Beans (Frasbean),French Beans (Frasbean),FAQ,19/05/2025,"7,000","8,000","7,500",75.00
Kerala,Ernakulam,North Paravur,Mint(Pudina),Mint(Pudina),FAQ,19/05/2025,"6,000","7,000","6,500",65.00
Kerala,Ernakulam,North Paravur,Onion,1st Sort,FAQ,19/05/2025,"5,000","5,500","5,200",52.00
Kerala,Ernakulam,North Paravur,Tapioca,Other,FAQ,19/05/2025,"3,000","4,000","3,500",35.00
Kerala,Ernakulam,North Paravur,Tomato,Deshi,FAQ,19/05/2025,"2,200","3,500","2,800",28.00
Kerala,Ernakulam,Perumbavoor,Arecanut(Betelnut/Supari),Supari,FAQ,19/05/2025,"31,500","32,500","32,000",320.00
Kerala,Ernakulam,Perumbavoor,Cucumbar(Kheera),Cucumbar,FAQ,19/05/2025,"1,300","2,300","1,700",17.00
Kerala,Ernakulam,Perumbavoor,Elephant Yam (Suran),Other,FAQ,19/05/2025,"3,500","4,500","4,000",40.00
Kerala,Ernakulam,Perumbavoor,Ginger(Green),Green Ginger,FAQ,19/05/2025,"6,000","7,000","6,500",65.00
Kerala,Ernakulam,Thrippunithura,Amphophalus,Amphophalus,FAQ,19/05/2025,"7,000","8,000","7,200",72.00
Kerala,Ernakulam,Thrippunithura,Bitter gourd,Bitter Gourd,FAQ,19/05/2025,"8,000","9,000","8,200",82.00
Kerala,Ernakulam,Thrippunithura,Colacasia,Other,FAQ,19/05/2025,"6,500","8,000","7,000",70.00
Kerala,Ernakulam,Thrippunithura,Cucumbar(Kheera),Cucumbar,FAQ,19/05/2025,"2,200","4,000","2,400",24.00
Kerala,Ernakulam,Thrippunithura,Drumstick,Drumstick,FAQ,19/05/2025,"8,000","10,000","8,500",85.00
Kerala,Ernakulam,Thrippunithura,Ginger(Green),Green Ginger,FAQ,19/05/2025,"6,500","10,000","7,000",70.00
Kerala,Ernakulam,Thrippunithura,Green Chilli,Green Chilly,FAQ,19/05/2025,"4,000","8,000","5,000",50.00
Kerala,Ernakulam,Thrippunithura,Onion,Big,FAQ,19/05/2025,"2,500","2,500","2,500",25.00
Kerala,Ernakulam,Thrippunithura,Pineapple,Pine Apple,Medium,19/05/2025,"4,300","5,000","4,500",45.00
Kerala,Idukki,Munnar,Onion,Big,FAQ,19/05/2025,"3,000","4,000","3,500",35.00
Kerala,Idukki,Munnar,Onion,Small,FAQ,19/05/2025,"4,500","6,000","5,000",50.00
Kerala,Idukki,Munnar,Pineapple,Other,Medium,19/05/2025,"3,000","4,000","3,500",35.00
Kerala,Idukki,Munnar,Pomegranate,Other,Medium,19/05/2025,"20,000","25,000","22,000",220.00
Kerala,Idukki,Munnar,Sweet Potato,Other,FAQ,19/05/2025,"5,000","6,500","6,000",60.00
Kerala,Kannur,Kannur,Bitter gourd,Bitter Gourd,FAQ,19/05/2025,"7,200","7,600","7,400",74.00
Kerala,Kannur,Maloor VFPCK,Banana - Green,Banana - Green,FAQ,19/05/2025,"5,400","5,400","5,400",54.00
Kerala,Kannur,Thalasserry,Cowpea(Veg),Other,FAQ,19/05/2025,"3,800","4,200","4,000",40.00
Kerala,Kannur,Thalasserry,Potato,Other,FAQ,19/05/2025,"2,600","3,000","2,800",28.00
Kerala,Kannur,Thalasserry,Snakeguard,Other,FAQ,19/05/2025,"2,800","3,100","3,000",30.00
Kerala,Kannur,Thalasserry,Tomato,Other,FAQ,19/05/2025,"1,600","2,000","1,800",18.00
Kerala,Kottayam,Ettumanoor,Ashgourd,Other,FAQ,19/05/2025,"1,800","2,000","1,900",19.00
Kerala,Kottayam,Ettumanoor,Banana - Green,Banana - Green,FAQ,19/05/2025,"4,400","4,800","4,600",46.00
Kerala,Kottayam,Ettumanoor,Coconut,Medium,FAQ,19/05/2025,"5,500","6,500","6,000",60.00
Kerala,Kottayam,Ettumanoor,Drumstick,Drumstick,FAQ,19/05/2025,"8,000","9,000","8,500",85.00
Kerala,Kottayam,Ettumanoor,Tomato,Tomato,FAQ,19/05/2025,"2,800","3,200","3,000",30.00
Kerala,Kottayam,Pampady,Ashgourd,Other,FAQ,19/05/2025,"2,000","3,500","3,000",30.00
Kerala,Kottayam,Pampady,Colacasia,Other,FAQ,19/05/2025,"4,000","6,000","5,000",50.00
Kerala,Kottayam,Pampady,Ginger(Green),Green Ginger,FAQ,19/05/2025,"5,000","7,000","6,000",60.00
Kerala,Kottayam,Pampady,Little gourd (Kundru),Other,FAQ,19/05/2025,"2,500","3,400","3,000",30.00
Kerala,Kottayam,Pampady,Snakeguard,Other,FAQ,19/05/2025,"3,000","4,500","4,000",40.00
Kerala,Kottayam,Thalayolaparambu,Amaranthus,Amaranthus,FAQ,19/05/2025,"2,500","2,800","2,600",26.00
Kerala,Kozhikode(Calicut),Mukkom,Carrot,Carrot,FAQ,19/05/2025,"6,500","6,900","6,700",67.00
Kerala,Kozhikode(Calicut),Mukkom,Pineapple,Other,Large,19/05/2025,"3,500","3,900","3,700",37.00
Kerala,Kozhikode(Calicut),Mukkom,Potato,Other,FAQ,19/05/2025,"2,400","2,800","2,600",26.00
Kerala,Kozhikode(Calicut),Mukkom,Snakeguard,Snakeguard,FAQ,19/05/2025,"3,000","3,400","3,200",32.00
Kerala,Kozhikode(Calicut),Palayam,Ashgourd,Other,FAQ,19/05/2025,900,900,900,9.00
Kerala,Kozhikode(Calicut),Palayam,Carrot,Other,FAQ,19/05/2025,"2,700","2,700","2,700",27.00
Kerala,Kozhikode(Calicut),Palayam,Cucumbar(Kheera),Other,FAQ,19/05/2025,800,800,800,8.00
Kerala,Kozhikode(Calicut),Perambra,Cabbage,Other,FAQ,19/05/2025,"2,000","2,500","2,200",22.00
Kerala,Kozhikode(Calicut),Perambra,Capsicum,Capsicum,FAQ,19/05/2025,"6,000","6,500","6,200",62.00
Kerala,Kozhikode(Calicut),Quilandy,Beetroot,Other,FAQ,19/05/2025,"3,700","4,000","3,900",39.00
Kerala,Kozhikode(Calicut),Quilandy,Cluster beans,Other,FAQ,19/05/2025,"3,000","3,200","3,000",30.00
Kerala,Kozhikode(Calicut),Quilandy,Cowpea(Veg),Other,FAQ,19/05/2025,"3,800","4,000","3,800",38.00
Kerala,Kozhikode(Calicut),Vellannur VFPCK,Amaranthus,Amaranth Greens-Organic,FAQ,19/05/2025,"3,000","3,000","3,000",30.00
Kerala,Kozhikode(Calicut),Vengeri(Kozhikode),Cowpea(Veg),Cowpea (Veg),FAQ,19/05/2025,"2,700","3,000","3,000",30.00
Kerala,Kozhikode(Calicut),Vengeri(Kozhikode),French Beans (Frasbean),French Beans (Frasbean),FAQ,19/05/2025,"8,300","8,600","8,600",86.00
Kerala,Kozhikode(Calicut),Kottakkal,Bhindi(Ladies Finger),Other,FAQ,19/05/2025,"2,700","2,900","2,800",28.00
Kerala,Malappuram,Kottakkal,Chikoos(Sapota),Other,Large,19/05/2025,"3,300","3,500","3,400",34.00
Kerala,Malappuram,Kottakkal,Mousambi(Sweet Lime),Mosambi-Organic,Large,19/05/2025,"5,600","5,800","5,700",57.00
Kerala,Malappuram,Kottakkal,Pumpkin,Other,FAQ,19/05/2025,"1,000","1,200","1,100",11.00
Kerala,Malappuram,Perinthalmanna,Brinjal,Brinjal,FAQ,19/05/2025,"2,000","3,000","2,500",25.00
Kerala,Malappuram,Perinthalmanna,Cluster beans,Cluster Beans,FAQ,19/05/2025,"3,500","4,000","3,800",38.00
Kerala,Malappuram,Perinthalmanna,Colacasia,Other,FAQ,19/05/2025,"4,000","5,000","4,500",45.00
Kerala,Malappuram,Perinthalmanna,Cucumbar(Kheera),Cucumbar,FAQ,19/05/2025,"1,800","3,000","2,000",20.00
Kerala,Malappuram,Perinthalmanna,Snakeguard,Snakeguard,FAQ,19/05/2025,"1,500","2,000","1,800",18.00
Kerala,Palakad,Koduvayoor,Banana,Palayamthodan,Medium,19/05/2025,"2,500","2,900","2,700",27.00
Kerala,Palakad,Koduvayoor,Cabbage,Other,FAQ,19/05/2025,"1,400","1,900","1,700",17.00
Kerala,Palakad,Koduvayoor,Cauliflower,Other,FAQ,19/05/2025,"3,000","3,400","3,200",32.00
Kerala,Palakad,Koduvayoor,Coconut,Big,FAQ,19/05/2025,"6,000","6,400","6,200",62.00
Kerala,Palakad,Koduvayoor,Cowpea(Veg),Other,FAQ,19/05/2025,"2,300","2,700","2,500",25.00
Kerala,Palakad,Koduvayoor,Cucumbar(Kheera),Cucumbar,FAQ,19/05/2025,"1,400","1,900","1,700",17.00
Kerala,Palakad,Koduvayoor,Pineapple,Other,Medium,19/05/2025,"3,800","4,200","4,000",40.00
Kerala,Pathanamthitta,Mezhuveli VFPCK,Ginger(Green),Green Ginger,FAQ,19/05/2025,"10,000","12,000","11,000",110.00
Kerala,Thirssur,Irinjalakkuda,Bhindi(Ladies Finger),Other,FAQ,19/05/2025,"3,600","3,600","3,600",36.00
Kerala,Thirssur,Thrissur,Beetroot,Beetroot,FAQ,19/05/2025,"2,500","2,500","2,500",25.00
Kerala,Thirssur,Thrissur,Bitter gourd,Bitter Gourd,FAQ,19/05/2025,"4,000","4,000","4,000",40.00
Kerala,Thirssur,Thrissur,Cluster beans,Cluster Beans,FAQ,19/05/2025,"7,000","7,000","7,000",70.00
Kerala,Thirssur,Thrissur,Drumstick,Drumstick,FAQ,19/05/2025,"6,500","6,500","6,500",65.00
Kerala,Thirssur,Thrissur,Green Chilli,Green Chilly,FAQ,19/05/2025,"3,500","3,500","3,500",35.00
Kerala,Thirssur,Thrissur,Little gourd (Kundru),Other,FAQ,19/05/2025,"3,500","3,500","3,500",35.00
Kerala,Thirssur,Thrissur,Pineapple,Pine Apple,Medium,19/05/2025,"2,800","2,800","2,800",28.00
Kerala,Thirssur,Thrissur,Potato,Potato,FAQ,19/05/2025,"3,000","3,000","3,000",30.00
Kerala,Thirssur,Thrissur,Tapioca,Tapioca,FAQ,19/05/2025,"2,600","2,800","2,700",27.00
Kerala,Thiruvananthapuram,Parassala,Amaranthus,Amaranthus,FAQ,19/05/2025,"6,000","6,500","6,000",60.00
Kerala,Thiruvananthapuram,Parassala,Banana,Rasakathai,Medium,19/05/2025,"6,000","6,500","6,000",60.00
Kerala,Thiruvananthapuram,Parassala,Beetroot,Beetroot,FAQ,19/05/2025,"2,800","3,000","2,800",28.00
Kerala,Thiruvananthapuram,Parassala,Cluster beans,Cluster Beans,FAQ,19/05/2025,"3,800","4,000","3,800",38.00
Kerala,Thiruvananthapuram,Parassala,Pumpkin,Pumpkin,FAQ,19/05/2025,"2,000","2,200","2,000",20.00
Kerala,Thiruvananthapuram,Parassala,Snakeguard,Snakeguard,FAQ,19/05/2025,"2,000","2,500","2,000",20.00
Madhya Pradesh,Morena,Sabalgarh(F&V;),Karbuja(Musk Melon),Karbhuja,Medium,19/05/2025,500,600,550,5.50
Madhya Pradesh,Morena,Sabalgarh(F&V;),Onion,Onion,Non-FAQ,19/05/2025,550,700,600,6.00
Nagaland,Kohima,Kohima,Pumpkin,Other,FAQ,19/05/2025,"4,000","4,200","4,100",41.00
Odisha,Balasore,Jaleswar,Cucumbar(Kheera),Cucumbar,FAQ,19/05/2025,"1,200","1,600","1,400",14.00
Odisha,Balasore,Jaleswar,Ginger(Dry),Other,FAQ,19/05/2025,"3,800","4,200","4,000",40.00
Odisha,Balasore,Nilagiri,Bhindi(Ladies Finger),Other,FAQ,19/05/2025,"2,400","2,500","2,450",24.50
Odisha,Balasore,Nilagiri,Tomato,Other,Non-FAQ,19/05/2025,"1,200","1,300","1,250",12.50
Odisha,Bargarh,Attabira,Brinjal,Other,FAQ,19/05/2025,"2,500","3,000","2,500",25.00
Odisha,Boudh,Boudh,Bitter gourd,Other,FAQ,19/05/2025,"2,500","3,200","3,000",30.00
Odisha,Boudh,Boudh,Brinjal,Other,FAQ,19/05/2025,"2,800","3,200","3,000",30.00
Odisha,Boudh,Boudh,Cabbage,Other,FAQ,19/05/2025,"2,500","3,500","3,000",30.00
Odisha,Boudh,Boudh,Cauliflower,Other,FAQ,19/05/2025,"2,500","3,200","3,000",30.00
Odisha,Boudh,Boudh,Onion,Other,FAQ,19/05/2025,"1,500","2,500","2,000",20.00
Odisha,Boudh,Khunthabandha,Bhindi(Ladies Finger),Other,FAQ,19/05/2025,"6,500","7,500","7,000",70.00
Odisha,Boudh,Khunthabandha,Onion,Other,FAQ,19/05/2025,"1,200","1,800","1,500",15.00
Odisha,Boudh,Khunthabandha,Tomato,Other,Non-FAQ,19/05/2025,"1,000","1,500","1,200",12.00
Odisha,Dhenkanal,Hindol,Brinjal,Brinjal,FAQ,19/05/2025,"2,000","3,000","2,500",25.00
Odisha,Dhenkanal,Hindol,Drumstick,Drumstick,FAQ,19/05/2025,"5,700","6,000","5,800",58.00
Odisha,Dhenkanal,Hindol,Potato,Potato,Non-FAQ,19/05/2025,"1,700","2,000","1,800",18.00
Odisha,Dhenkanal,Kamakhyanagar,Cabbage,Cabbage,FAQ,19/05/2025,"1,900","2,100","2,000",20.00
Odisha,Dhenkanal,Kamakhyanagar,Potato,Potato,Non-FAQ,19/05/2025,"1,900","2,100","2,000",20.00
Odisha,Dhenkanal,Kamakhyanagar,Tomato,Tomato,Non-FAQ,19/05/2025,"1,900","2,100","2,000",20.00
Odisha,Ganjam,Bhanjanagar,Colacasia,Colacasia,FAQ,19/05/2025,"2,000","2,200","2,100",21.00
Odisha,Ganjam,Bhanjanagar,Cucumbar(Kheera),Cucumbar,FAQ,19/05/2025,"2,600","2,800","2,700",27.00
Odisha,Kendrapara,Kendrapara,Brinjal,Brinjal,FAQ,19/05/2025,"3,000","4,000","3,500",35.00
Odisha,Mayurbhanja,Karanjia,Bhindi(Ladies Finger),Other,FAQ,19/05/2025,"3,500","3,800","3,800",38.00
Odisha,Mayurbhanja,Karanjia,Paddy(Dhan)(Common),Other,FAQ,19/05/2025,"2,300","2,300","2,300",23.00
Odisha,Nayagarh,Bahadajholla,Brinjal,Other,FAQ,19/05/2025,"2,350","2,500","2,475",24.75
Odisha,Rayagada,Gunpur,Cashewnuts,Other,FAQ,19/05/2025,"11,000","13,000","12,000",120.00
Odisha,Rayagada,Gunpur,Tomato,Other,FAQ,19/05/2025,"2,100","3,150","2,560",25.60
Odisha,Rayagada,Rayagada(Muniguda),Water Melon,Other,Small,19/05/2025,"2,000","3,000","2,500",25.00
Odisha,Sundergarh,Sargipali,Brinjal,Other,FAQ,19/05/2025,"3,000","3,500","3,200",32.00
Punjab,Amritsar,Rayya,Onion,Red,Non-FAQ,19/05/2025,"1,600","1,600","1,600",16.00
Punjab,Amritsar,Rayya,Raddish,Other,FAQ,19/05/2025,500,500,500,5.00
Punjab,Fazilka,Fazilka,Brinjal,Other,FAQ,19/05/2025,800,"1,000",900,9.00
Punjab,Fazilka,Fazilka,Cucumbar(Kheera),Cucumbar,FAQ,19/05/2025,500,700,600,6.00
Punjab,Fazilka,Fazilka,Karbuja(Musk Melon),Karbhuja,Medium,19/05/2025,"1,000","2,000","1,500",15.00
Punjab,Fazilka,Fazilka,Potato,Other,FAQ,19/05/2025,500,"1,000",800,8.00
Punjab,Fazilka,Fazilka,Tomato,Other,FAQ,19/05/2025,800,"1,200","1,000",10.00
Punjab,Hoshiarpur,Garh Shankar,Cabbage,Cabbage,FAQ,19/05/2025,400,600,500,5.00
Punjab,Hoshiarpur,Garh Shankar,Cucumbar(Kheera),Cucumbar,FAQ,19/05/2025,600,"1,000",700,7.00
Punjab,Hoshiarpur,Garh Shankar,Green Chilli,Green Chilly,FAQ,19/05/2025,"1,000","1,500","1,200",12.00
Punjab,Hoshiarpur,Garh Shankar,Mango,Other,Medium,19/05/2025,"4,000","6,000","4,500",45.00
Punjab,Hoshiarpur,Garh Shankar,Potato,Other,Non-FAQ,19/05/2025,600,"1,000",800,8.00
Punjab,Hoshiarpur,Garh Shankar,Water Melon,Other,Medium,19/05/2025,700,"1,000",800,8.00
Punjab,Hoshiarpur,GarhShankar (Kotfatuhi),Onion,Other,FAQ,19/05/2025,"1,000","1,300","1,200",12.00
Punjab,Hoshiarpur,GarhShankar (Kotfatuhi),Tomato,Other,FAQ,19/05/2025,800,"1,200","1,000",10.00
Punjab,Hoshiarpur,Mukerian(Talwara),Cauliflower,Cauliflower,FAQ,19/05/2025,"4,000","5,000","4,500",45.00
Punjab,Hoshiarpur,Mukerian(Talwara),Onion,Onion,FAQ,19/05/2025,"1,600","2,000","1,800",18.00
Punjab,Hoshiarpur,Mukerian(Talwara),Raddish,Raddish,FAQ,19/05/2025,"2,000","3,000","2,500",25.00
Punjab,Hoshiarpur,Mukerian(Talwara),Round gourd,Round gourd,FAQ,19/05/2025,"1,200","2,000","1,600",16.00
Punjab,Hoshiarpur,Tanda Urmur,Apple,Other,Medium,19/05/2025,"12,000","14,000","13,000",130.00
Punjab,Hoshiarpur,Tanda Urmur,Capsicum,Other,FAQ,19/05/2025,"2,000","2,500","2,200",22.00
Punjab,Hoshiarpur,Tanda Urmur,Cauliflower,Other,FAQ,19/05/2025,"3,000","4,000","3,500",35.00
Punjab,Hoshiarpur,Tanda Urmur,Onion,Other,FAQ,19/05/2025,"1,500","2,000","1,800",18.00
Punjab,Hoshiarpur,Tanda Urmur,Papaya,Other,Medium,19/05/2025,"3,500","4,000","3,800",38.00
Punjab,Hoshiarpur,Tanda Urmur,Potato,Other,FAQ,19/05/2025,"1,100","1,300","1,200",12.00
Punjab,Jalandhar,Nakodar,Cucumbar(Kheera),Other,FAQ,19/05/2025,400,500,450,4.50
Punjab,Ludhiana,Doraha,Bhindi(Ladies Finger),Other,FAQ,19/05/2025,"2,500","2,500","2,500",25.00
Punjab,Ludhiana,Doraha,Potato,Other,Non-FAQ,19/05/2025,600,800,700,7.00
Punjab,Ludhiana,Doraha,Tomato,Other,Non-FAQ,19/05/2025,900,"1,600","1,400",14.00
Punjab,Ludhiana,Khanna,Brinjal,Other,FAQ,19/05/2025,500,"1,000",700,7.00
Punjab,Ludhiana,Khanna,Cabbage,Other,FAQ,19/05/2025,300,500,400,4.00
Punjab,Ludhiana,Khanna,Cucumbar(Kheera),Other,FAQ,19/05/2025,400,"1,500",800,8.00
Punjab,Ludhiana,Khanna,Green Chilli,Other,FAQ,19/05/2025,700,"1,200",800,8.00
Punjab,Ludhiana,Khanna,Papaya,Other,Medium,19/05/2025,"1,000","2,000","1,500",15.00
Punjab,Ludhiana,Sahnewal,Brinjal,Brinjal,FAQ,19/05/2025,"1,600","1,600","1,600",16.00
Punjab,Ludhiana,Sahnewal,Tinda,Tinda,FAQ,19/05/2025,"2,200","2,200","2,200",22.00
Punjab,Ludhiana,Sahnewal,Tomato,Tomato,FAQ,19/05/2025,"1,000","1,000","1,000",10.00
Punjab,Ludhiana,Kot ise Khan,Squash(Chappal Kadoo),Other,FAQ,19/05/2025,800,"1,000",900,9.00
Punjab,Moga,Nihal Singh Wala,Bottle gourd,Bottle Gourd,FAQ,19/05/2025,800,"1,000",900,9.00
Punjab,Moga,Nihal Singh Wala,Water Melon,Other,Medium,19/05/2025,"1,000","1,300","1,200",12.00
Punjab,Nawanshahr,Nawan Shahar(Subzi Mandi),Cucumbar(Kheera),Other,FAQ,19/05/2025,800,"1,000",870,8.70
Punjab,Nawanshahr,Nawan Shahar(Subzi Mandi),Onion,Other,FAQ,19/05/2025,"1,200","1,400","1,300",13.00
Punjab,Nawanshahr,Nawan Shahar(Subzi Mandi),Potato,Other,FAQ,19/05/2025,500,600,550,5.50
Punjab,Nawanshahr,Nawan Shahar(Subzi Mandi),Pumpkin,Other,FAQ,19/05/2025,500,600,550,5.50
Punjab,Nawanshahr,Nawan Shahar(Subzi Mandi),Tinda,Other,FAQ,19/05/2025,"3,700","4,000","3,800",38.00
Punjab,Pathankot,Pathankot,Beetroot,Beetroot,FAQ,19/05/2025,"1,500","1,700","1,700",17.00
Punjab,Pathankot,Pathankot,Bitter gourd,Bitter Gourd,FAQ,19/05/2025,"1,800","2,000","2,000",20.00
Punjab,Pathankot,Pathankot,Carrot,Carrot,FAQ,19/05/2025,"1,300","1,500","1,500",15.00
Punjab,Pathankot,Pathankot,Mint(Pudina),Mint(Pudina),FAQ,19/05/2025,"2,800","3,000","3,000",30.00
Punjab,Pathankot,Pathankot,Papaya,Other,Medium,19/05/2025,"2,400","2,600","2,600",26.00
Punjab,Pathankot,Pathankot,Tomato,Tomato,Non-FAQ,19/05/2025,600,800,800,8.00
Punjab,Ropar (Rupnagar),Morinda,Tinda,Tinda,FAQ,19/05/2025,"2,500","3,000","2,700",27.00
Punjab,Sangrur,Ahmedgarh,Banana,Other,Medium,19/05/2025,"2,500","2,600","2,500",25.00
Punjab,Sangrur,Ahmedgarh,Onion,Other,FAQ,19/05/2025,"1,400","1,500","1,500",15.00
Punjab,Tarntaran,Patti,Ginger(Dry),Other,FAQ,19/05/2025,"3,000","4,000","3,500",35.00
Punjab,Tarntaran,Patti,Peas Wet,Other,FAQ,19/05/2025,"4,000","5,000","4,500",45.00
Punjab,Tarntaran,Patti,Pumpkin,Other,FAQ,19/05/2025,400,500,450,4.50
Rajasthan,Beawar,Beawar,Barley (Jau),Other,FAQ,19/05/2025,"2,300","2,350","2,325",23.25
Rajasthan,Beawar,Beawar,Mustard,Other,FAQ,19/05/2025,"5,600","5,900","5,750",57.50
Rajasthan,Ganganagar,Sriganganagar (F&V;),Capsicum,Other,FAQ,19/05/2025,"1,300","1,700","1,500",15.00
Rajasthan,Ganganagar,Sriganganagar (F&V;),Chikoos(Sapota),Other,Medium,19/05/2025,"2,800","3,200","3,000",30.00
Rajasthan,Ganganagar,Sriganganagar (F&V;),Papaya,Other,Medium,19/05/2025,"2,300","2,700","2,500",25.00
Rajasthan,Ganganagar,Sriganganagar (F&V;),Potato,Other,FAQ,19/05/2025,700,900,800,8.00
Rajasthan,Ganganagar,Sriganganagar (F&V;),Pumpkin,Other,FAQ,19/05/2025,800,"1,000",900,9.00
Rajasthan,Ganganagar,Sriganganagar (F&V;),Tomato,Other,FAQ,19/05/2025,900,"1,300","1,100",11.00
Rajasthan,Ganganagar,Sriganganagar (F&V;),Water Melon,Other,Medium,19/05/2025,900,"1,300","1,100",11.00
Rajasthan,Ganganagar,Suratgarh,Barley (Jau),Other,FAQ,19/05/2025,"2,130","2,150","2,148",21.48
Rajasthan,Ganganagar,Suratgarh,Bengal Gram(Gram)(Whole),Bengal Gram (Split),FAQ,19/05/2025,"5,475","5,511","5,495",54.95
Rajasthan,Ganganagar,Suratgarh,Tomato,Deshi,FAQ,19/05/2025,500,900,750,7.50
Rajasthan,Hanumangarh,Goluwala,Onion,1st Sort,FAQ,19/05/2025,"1,000","1,100","1,100",11.00
Rajasthan,Hanumangarh,Goluwala,Potato,(Red Nanital),FAQ,19/05/2025,"1,000","1,100","1,100",11.00
Rajasthan,Hanumangarh,Sangriya,Potato,Potato,FAQ,19/05/2025,500,"1,600","1,200",12.00
Rajasthan,Jaipur,Jaipur (F&V;),Cauliflower,African Sarson,FAQ,19/05/2025,"2,500","3,000","2,750",27.50
Rajasthan,Jaipur,Jaipur (F&V;),Chikoos(Sapota),Other,Medium,19/05/2025,"1,000","4,000","2,500",25.00
Rajasthan,Jaipur,Jaipur (F&V;),Green Chilli,Green Chilly,FAQ,19/05/2025,"1,000","2,000","1,500",15.00
Rajasthan,Jaipur,Jaipur (F&V;),Pomegranate,Other,Medium,19/05/2025,"5,000","10,000","7,500",75.00
Rajasthan,Jaipur,Jaipur (F&V;),Pumpkin,Other,FAQ,19/05/2025,400,500,450,4.50
Rajasthan,Jaipur,Jaipur (F&V;),Water Melon,Other,Medium,19/05/2025,500,800,650,6.50
Rajasthan,Jaipur Rural,Bassi,Bengal Gram(Gram)(Whole),999,Non-FAQ,19/05/2025,"5,065","5,350","5,207",52.07
Rajasthan,Jaipur Rural,Bassi,Guar Seed(Cluster Beans Seed),Other,FAQ,19/05/2025,"4,625","4,765","4,695",46.95
Rajasthan,Jodhpur,Jodhpur (Grain),Bajra(Pearl Millet/Cumbu),Other,FAQ,19/05/2025,"2,400","3,000","2,700",27.00
Rajasthan,Kota,Kota,Lentil (Masur)(Whole),Other,Non-FAQ,19/05/2025,"5,671","5,671","5,671",56.71
Rajasthan,Sanchore,Sanchore,Tomato,Other,FAQ,19/05/2025,"1,500","2,000","1,800",18.00
Telangana,Adilabad,Adilabad,Cotton,Cotton (Unginned),FAQ,19/05/2025,"6,500","7,450","6,800",68.00
Telangana,Hyderabad,Mahboob Manison,Cauliflower,African Sarson,FAQ,19/05/2025,"2,500","3,000","2,750",27.50
Telangana,Hyderabad,Mahboob Manison,Cucumbar(Kheera),Cucumbar,FAQ,19/05/2025,"1,000","1,500","1,250",12.50
Telangana,Hyderabad,Mahboob Manison,Dry Chillies,2nd Sort,FAQ,19/05/2025,"4,000","8,000","7,000",70.00
Telangana,Hyderabad,Mahboob Manison,Potato,(Red Nanital),FAQ,19/05/2025,"2,300","2,300","2,300",23.00
Telangana,Karimnagar,Husnabad,Paddy(Dhan)(Common),MTU-1010,Non-FAQ,19/05/2025,"2,300","2,320","2,300",23.00
Telangana,Karimnagar,Huzzurabad,Paddy(Dhan)(Common),MTU-1010,FAQ,19/05/2025,"2,320","2,320","2,320",23.20
Telangana,Khammam,Wyra,Paddy(Dhan)(Common),Swarna Masuri (New),FAQ,19/05/2025,"2,280","2,320","2,300",23.00
Telangana,Mahbubnagar,Kollapur,Mango,Other,Large,19/05/2025,"1,400","1,400","1,400",14.00
Telangana,Medak,Gajwel,Maize,Deshi Red,FAQ,19/05/2025,"2,000","2,200","2,100",21.00
Telangana,Nalgonda,Bhongir,Paddy(Dhan)(Common),1001,FAQ,19/05/2025,"2,300","2,300","2,300",23.00
Telangana,Nalgonda,Devarakonda,Paddy(Dhan)(Common),MTU-1010,Non-FAQ,19/05/2025,"2,300","2,300","2,300",23.00
Telangana,Nalgonda,Devarkonda(Dindi),Paddy(Dhan)(Common),MTU-1010,Non-FAQ,19/05/2025,"2,300","2,300","2,300",23.00
Telangana,Nalgonda,Kodad,Paddy(Dhan)(Common),B P T,FAQ,19/05/2025,"2,300","2,300","2,300",23.00
Telangana,Nalgonda,Miryalaguda,Paddy(Dhan)(Common),MTU-1010,FAQ,19/05/2025,"2,320","2,320","2,320",23.20
Telangana,Ranga Reddy,Kukatpally(Rythu Bazar),Beetroot,Beetroot,FAQ,19/05/2025,"1,700","1,700","1,700",17.00
Telangana,Ranga Reddy,Kukatpally(Rythu Bazar),Cabbage,Cabbage,FAQ,19/05/2025,900,900,900,9.00
Telangana,Ranga Reddy,Kukatpally(Rythu Bazar),Cluster beans,Cluster Beans,FAQ,19/05/2025,"3,500","3,500","3,500",35.00
Telangana,Ranga Reddy,Kukatpally(Rythu Bazar),Snakeguard,Other,FAQ,19/05/2025,"1,800","1,800","1,800",18.00
Telangana,Ranga Reddy,Mehndipatnam(Rythu Bazar),Bhindi(Ladies Finger),Bhindi,FAQ,19/05/2025,"3,500","3,500","3,500",35.00
Telangana,Ranga Reddy,Mehndipatnam(Rythu Bazar),Carrot,Carrot,FAQ,19/05/2025,"2,800","2,800","2,800",28.00
Telangana,Ranga Reddy,Mehndipatnam(Rythu Bazar),Cauliflower,African Sarson,FAQ,19/05/2025,"2,300","2,300","2,300",23.00
Telangana,Ranga Reddy,Mehndipatnam(Rythu Bazar),Potato,(Red Nanital),FAQ,19/05/2025,"2,500","2,500","2,500",25.00
Telangana,Ranga Reddy,Mehndipatnam(Rythu Bazar),Yam (Ratalu),Other,FAQ,19/05/2025,"6,500","6,500","6,500",65.00
Telangana,Warangal,Warangal,Bhindi(Ladies Finger),Bhindi,FAQ,19/05/2025,"2,000","2,500","2,250",22.50
Telangana,Warangal,Warangal,Potato,Potato,FAQ,19/05/2025,"2,500","3,000","2,750",27.50
Tripura,Dhalai,Kulai,Papaya (Raw),Other,FAQ,19/05/2025,"1,500","2,000","1,800",18.00
Tripura,Dhalai,Kulai,Pointed gourd (Parval),Other,FAQ,19/05/2025,"7,600","8,000","7,800",78.00
Tripura,Gomati,Nutanbazar,Bitter gourd,Bitter Gourd,FAQ,19/05/2025,"5,850","6,000","5,950",59.50
Tripura,Gomati,Nutanbazar,Rice,Masuri,FAQ,19/05/2025,"3,750","4,000","3,850",38.50
Tripura,Gomati,Nutanbazar,Tomato,Hybrid,FAQ,19/05/2025,"9,850","10,000","9,950",99.50
Tripura,Khowai,Teliamura,Bhindi(Ladies Finger),Bhindi,FAQ,19/05/2025,"1,500","1,700","1,600",16.00
Tripura,Khowai,Teliamura,Green Chilli,Green Chilly,FAQ,19/05/2025,"3,000","3,200","3,100",31.00
Tripura,North Tripura,Dasda,Bhindi(Ladies Finger),Bhindi,FAQ,19/05/2025,"3,500","4,000","3,750",37.50
Tripura,South District,Barpathari,Potato,Jalander,FAQ,19/05/2025,"2,000","2,200","2,100",21.00
Tripura,South District,Barpathari,Rice,Masuri,FAQ,19/05/2025,"4,100","4,300","4,200",42.00
Tripura,South District,Barpathari,Ridgeguard(Tori),Ridgeguard(Tori),FAQ,19/05/2025,"5,900","6,100","6,000",60.00
Uttar Pradesh,Agra,Fatehabad,Cucumbar(Kheera),Cucumbar,FAQ,19/05/2025,700,900,900,9.00
Uttar Pradesh,Agra,Fatehabad,Green Chilli,Green Chilly,FAQ,19/05/2025,"1,200","1,400","1,400",14.00
Uttar Pradesh,Aligarh,Charra,Brinjal,Brinjal,FAQ,19/05/2025,"1,200","1,400","1,300",13.00
Uttar Pradesh,Aligarh,Charra,Green Chilli,Green Chilly,FAQ,19/05/2025,"1,800","2,000","1,900",19.00
Uttar Pradesh,Aligarh,Charra,Potato,Desi,FAQ,19/05/2025,"1,000","1,200","1,100",11.00
Uttar Pradesh,Amethi,Sultanpur,Capsicum,Capsicum,FAQ,19/05/2025,"2,680","2,715","2,700",27.00
Uttar Pradesh,Amethi,Sultanpur,Cucumbar(Kheera),Cucumbar,FAQ,19/05/2025,845,880,860,8.60
Uttar Pradesh,Amethi,Sultanpur,Onion,Red,FAQ,19/05/2025,"1,250","1,285","1,270",12.70
Uttar Pradesh,Amethi,Sultanpur,Onion,Red,Non-FAQ,19/05/2025,"1,070","1,095","1,085",10.85
Uttar Pradesh,Amethi,Sultanpur,Tomato,Deshi,FAQ,19/05/2025,790,835,815,8.15
Uttar Pradesh,Amroha,Amroha,Apple,Delicious,Medium,19/05/2025,"9,800","10,050","9,950",99.50
Uttar Pradesh,Amroha,Amroha,Banana - Green,Banana - Green,FAQ,19/05/2025,"1,800","1,950","1,870",18.70
Uttar Pradesh,Amroha,Amroha,Bitter gourd,Bitter Gourd,FAQ,19/05/2025,"1,540","1,650","1,600",16.00
Uttar Pradesh,Amroha,Amroha,Mousambi(Sweet Lime),Mousambi,Medium,19/05/2025,"3,300","3,400","3,350",33.50
Uttar Pradesh,Amroha,Amroha,Papaya,Papaya,Medium,19/05/2025,"2,800","2,950","2,880",28.80
Uttar Pradesh,Amroha,Dhanaura,Apple,Delicious,Medium,19/05/2025,"3,000","3,500","3,200",32.00
Uttar Pradesh,Amroha,Dhanaura,Green Chilli,Green Chilly,FAQ,19/05/2025,"1,200","1,500","1,400",14.00
Uttar Pradesh,Amroha,Dhanaura,Potato,Desi,Non-FAQ,19/05/2025,600,800,700,7.00
Uttar Pradesh,Badaun,Badayoun,Cabbage,Cabbage,FAQ,19/05/2025,"1,140","1,230","1,180",11.80
Uttar Pradesh,Badaun,Badayoun,Capsicum,Capsicum,FAQ,19/05/2025,"2,770","2,890","2,820",28.20
Uttar Pradesh,Badaun,Badayoun,Paddy(Dhan)(Common),Sarvati,FAQ,19/05/2025,"2,060","2,150","2,100",21.00
Uttar Pradesh,Badaun,Badayoun,Raddish,Raddish,FAQ,19/05/2025,"1,370","1,500","1,420",14.20
Uttar Pradesh,Badaun,Badayoun,Ridgeguard(Tori),Ridgeguard(Tori),FAQ,19/05/2025,"1,670","1,800","1,730",17.30
Uttar Pradesh,Badaun,Badayoun,Tomato,Deshi,Non-FAQ,19/05/2025,660,750,700,7.00
Uttar Pradesh,Badaun,Ujhani,Onion,Red,FAQ,19/05/2025,"1,200","1,260","1,240",12.40
Uttar Pradesh,Badaun,Ujhani,Onion,Red,Non-FAQ,19/05/2025,"1,100","1,150","1,120",11.20
Uttar Pradesh,Badaun,Ujhani,Potato,Local,FAQ,19/05/2025,"1,100","1,150","1,125",11.25
Uttar Pradesh,Bahraich,Naanpara,Mango,Dusheri,Medium,19/05/2025,"3,000","3,200","3,100",31.00
Uttar Pradesh,Bahraich,Naanpara,Water Melon,Water Melon,Medium,19/05/2025,"1,500","1,600","1,550",15.50
Uttar Pradesh,Bahraich,Naanpara,Wheat,Dara,Non-FAQ,19/05/2025,"2,400","2,500","2,450",24.50
Uttar Pradesh,Ballia,Rasda,Bottle gourd,Bottle Gourd,FAQ,19/05/2025,"1,000","1,125","1,060",10.60
Uttar Pradesh,Ballia,Rasda,Ginger(Green),Green Ginger,FAQ,19/05/2025,"3,720","3,825","3,780",37.80
Uttar Pradesh,Ballia,Rasda,Masur Dal,Kala Masoor New,FAQ,19/05/2025,"7,675","7,810","7,740",77.40
Uttar Pradesh,Ballia,Rasda,Onion,Red,FAQ,19/05/2025,"1,080","1,225","1,150",11.50
Uttar Pradesh,Ballia,Rasda,Potato,Desi,FAQ,19/05/2025,"1,110","1,225","1,180",11.80
Uttar Pradesh,Ballia,Rasda,Wheat,Dara,FAQ,19/05/2025,"2,375","2,500","2,450",24.50
Uttar Pradesh,Balrampur,Balrampur,Green Chilli,Green Chilly,FAQ,19/05/2025,"2,250","2,470","2,360",23.60
Uttar Pradesh,Balrampur,Balrampur,Onion,Red,FAQ,19/05/2025,"1,140","1,350","1,245",12.45
Uttar Pradesh,Balrampur,Balrampur,Potato,Desi,FAQ,19/05/2025,"1,160","1,385","1,280",12.80
Uttar Pradesh,Balrampur,Panchpedwa,Paddy(Dhan)(Common),Paddy,FAQ,19/05/2025,"2,300","2,500","2,400",24.00
Uttar Pradesh,Balrampur,Panchpedwa,Potato,Potato,FAQ,19/05/2025,"1,200","1,600","1,400",14.00
Uttar Pradesh,Balrampur,Panchpedwa,Tomato,Tomato,FAQ,19/05/2025,"1,500","1,900","1,700",17.00
Uttar Pradesh,Balrampur,Tulsipur,Onion,Red,FAQ,19/05/2025,"1,200","1,280","1,240",12.40
Uttar Pradesh,Bareilly,Anwala,Brinjal,Brinjal,FAQ,19/05/2025,500,700,600,6.00
Uttar Pradesh,Bareilly,Anwala,Potato,Desi,FAQ,19/05/2025,800,"1,000",900,9.00
Uttar Pradesh,Bijnor,Kiratpur,Gur(Jaggery),Red,FAQ,19/05/2025,"3,600","3,700","3,650",36.50
Uttar Pradesh,Bijnor,Kiratpur,Tomato,Tomato,Non-FAQ,19/05/2025,700,800,750,7.50
Uttar Pradesh,Bulandshahar,Divai,Potato,F.A.Q.,FAQ,19/05/2025,800,"1,000",900,9.00
Uttar Pradesh,Bulandshahar,Gulavati,Brinjal,Other,FAQ,19/05/2025,700,900,800,8.00
Uttar Pradesh,Bulandshahar,Gulavati,Green Chilli,Green Chilly,FAQ,19/05/2025,"1,500","1,700","1,600",16.00
Uttar Pradesh,Bulandshahar,Gulavati,Potato,Desi,FAQ,19/05/2025,900,"1,100","1,000",10.00
Uttar Pradesh,Etah,Aliganj,Maize,Hybrid,FAQ,19/05/2025,"2,250","2,270","2,265",22.65
Uttar Pradesh,Etah,Aliganj,Wheat,Dara,FAQ,19/05/2025,"2,450","2,460","2,455",24.55
Uttar Pradesh,Etah,Awagarh,Potato,Desi,FAQ,19/05/2025,900,"1,050","1,000",10.00
Uttar Pradesh,Etawah,Jasvantnagar,Potato,Potato,FAQ,19/05/2025,900,"1,100","1,000",10.00
Uttar Pradesh,Hamirpur,Kurara,Wheat,Dara,FAQ,19/05/2025,"2,450","2,500","2,475",24.75
Uttar Pradesh,Hathras,Shadabad,Tomato,Deshi,FAQ,19/05/2025,"1,200","1,300","1,250",12.50
Uttar Pradesh,Kaushambi,Manjhanpur,Potato,Desi,FAQ,19/05/2025,"1,125","1,280","1,200",12.00
Uttar Pradesh,Khiri (Lakhimpur),Maigalganj,Brinjal,Other,FAQ,19/05/2025,"1,900","1,980","1,940",19.40
Uttar Pradesh,Khiri (Lakhimpur),Maigalganj,Green Chilli,Green Chilly,FAQ,19/05/2025,"2,700","2,750","2,725",27.25
Uttar Pradesh,Khiri (Lakhimpur),Maigalganj,Onion,Red,FAQ,19/05/2025,"2,500","2,570","2,540",25.40
Uttar Pradesh,Khiri (Lakhimpur),Maigalganj,Pumpkin,Pumpkin,FAQ,19/05/2025,"1,600","1,680","1,640",16.40
Uttar Pradesh,Lalitpur,Mehrauni,Lentil (Masur)(Whole),Kala Masoor New,Non-FAQ,19/05/2025,"6,000","6,700","6,500",65.00
Uttar Pradesh,Maharajganj,Anandnagar,Apple,Delicious,Medium,19/05/2025,"7,000","8,000","7,500",75.00
Uttar Pradesh,Maharajganj,Anandnagar,Banana - Green,Banana - Green,FAQ,19/05/2025,"1,600","1,800","1,700",17.00
Uttar Pradesh,Maharajganj,Anandnagar,Tomato,Deshi,FAQ,19/05/2025,600,700,650,6.50
Uttar Pradesh,Mainpuri,Ghiraur,Arhar Dal(Tur Dal),Arhar Dal(Tur),FAQ,19/05/2025,"9,855","10,055","9,955",99.55
Uttar Pradesh,Mainpuri,Ghiraur,Cucumbar(Kheera),Cucumbar,FAQ,19/05/2025,915,"1,115","1,015",10.15
Uttar Pradesh,Mainpuri,Ghiraur,Mango,Dusheri,Medium,19/05/2025,"4,600","4,800","4,700",47.00
Uttar Pradesh,Mainpuri,Ghiraur,Onion,Red,FAQ,19/05/2025,"1,080","1,280","1,180",11.80
Uttar Pradesh,Mainpuri,Ghiraur,Pumpkin,Pumpkin,FAQ,19/05/2025,450,650,550,5.50
Uttar Pradesh,Mainpuri,Ghiraur,Raddish,Raddish,FAQ,19/05/2025,"1,300","1,500","1,400",14.00
Uttar Pradesh,Mainpuri,Ghiraur,Rice,III,FAQ,19/05/2025,"3,295","3,495","3,395",33.95
Uttar Pradesh,Mau(Maunathbhanjan),Doharighat,Lemon,Lemon,FAQ,19/05/2025,"3,400","3,500","3,465",34.65
Uttar Pradesh,Mau(Maunathbhanjan),Doharighat,Wheat,Dara,FAQ,19/05/2025,"2,400","2,450","2,425",24.25
Uttar Pradesh,Mau(Maunathbhanjan),Kopaganj,Bottle gourd,Bottle Gourd,FAQ,19/05/2025,"1,000","1,100","1,050",10.50
Uttar Pradesh,Mau(Maunathbhanjan),Kopaganj,Cucumbar(Kheera),Cucumbar,FAQ,19/05/2025,800,"1,000",900,9.00
Uttar Pradesh,Mau(Maunathbhanjan),Kopaganj,Green Chilli,Green Chilly,FAQ,19/05/2025,"1,000","1,300","1,200",12.00
Uttar Pradesh,Muzaffarnagar,Muzzafarnagar,Onion,Red,FAQ,19/05/2025,"1,150","1,400","1,225",12.25
Uttar Pradesh,Muzaffarnagar,Muzzafarnagar,Onion,Red,Non-FAQ,19/05/2025,"1,000","1,100","1,050",10.50
Uttar Pradesh,Muzaffarnagar,Muzzafarnagar,Potato,Desi,FAQ,19/05/2025,"1,000","1,250","1,080",10.80
Uttar Pradesh,Muzaffarnagar,Muzzafarnagar,Potato,Desi,Non-FAQ,19/05/2025,800,950,900,9.00
Uttar Pradesh,Pillibhit,Pilibhit,Green Chilli,Green Chilly,FAQ,19/05/2025,"2,025","2,105","2,065",20.65
Uttar Pradesh,Pillibhit,Pilibhit,Mousambi(Sweet Lime),Mousambi,Medium,19/05/2025,"3,458","3,538","3,498",34.98
Uttar Pradesh,Pillibhit,Pilibhit,Potato,Potato,FAQ,19/05/2025,"1,105","1,185","1,145",11.45
Uttar Pradesh,Pillibhit,Pilibhit,Potato,Potato,Non-FAQ,19/05/2025,"1,005","1,080","1,040",10.40
Uttar Pradesh,Pillibhit,Pilibhit,Rice,Coarse,FAQ,19/05/2025,"3,335","3,415","3,375",33.75
Uttar Pradesh,Pillibhit,Pilibhit,Wheat,Dara,Non-FAQ,19/05/2025,"2,355","2,430","2,390",23.90
Uttar Pradesh,Prayagraj,Ajuha,Potato,Desi,FAQ,19/05/2025,"1,130","1,275","1,200",12.00
Uttar Pradesh,Rampur,Tanda(Rampur),Bhindi(Ladies Finger),Bhindi,FAQ,19/05/2025,"1,000","1,040","1,020",10.20
Uttar Pradesh,Rampur,Tanda(Rampur),Pumpkin,Other,FAQ,19/05/2025,800,840,820,8.20
Uttar Pradesh,Rampur,Tanda(Rampur),Sponge gourd,Other,FAQ,19/05/2025,"1,200","1,240","1,220",12.20
Uttar Pradesh,Sambhal,Bhehjoi,Wheat,Dara,Non-FAQ,19/05/2025,"2,500","2,510","2,505",25.05
Uttar Pradesh,Sant Kabir Nagar,Khalilabad,Bottle gourd,Bottle Gourd,FAQ,19/05/2025,900,"1,000",950,9.50
Uttar Pradesh,Sant Kabir Nagar,Khalilabad,Green Chilli,Green Chilly,FAQ,19/05/2025,"1,700","1,800","1,750",17.50
Uttar Pradesh,Shamli,Kairana,Brinjal,Round/Long,FAQ,19/05/2025,800,900,850,8.50
Uttar Pradesh,Shamli,Kairana,Water Melon,Water Melon,Medium,19/05/2025,700,800,750,7.50
Uttar Pradesh,Sitapur,Sitapur,Bengal Gram(Gram)(Whole),Average (Whole),FAQ,19/05/2025,"6,400","6,780","6,700",67.00
Uttar Pradesh,Sitapur,Sitapur,Black Gram Dal (Urd Dal),Black Gram Dal,FAQ,19/05/2025,"9,950","10,250","10,150",101.50
Uttar Pradesh,Sitapur,Sitapur,Brinjal,Round/Long,FAQ,19/05/2025,"1,150","1,400","1,290",12.90
Uttar Pradesh,Sitapur,Sitapur,Gur(Jaggery),Yellow,FAQ,19/05/2025,"3,600","4,000","3,905",39.05
Uttar Pradesh,Sitapur,Sitapur,Lemon,Lemon,FAQ,19/05/2025,"6,700","7,400","7,100",71.00
Uttrakhand,Champawat,Tanakpur,Banana,Other,Medium,19/05/2025,"2,400","2,420","2,410",24.10
Uttrakhand,Dehradoon,Rishikesh,Banana,Other,Medium,19/05/2025,"1,550","2,000","1,650",16.50
Uttrakhand,Dehradoon,Rishikesh,Bhindi(Ladies Finger),Other,FAQ,19/05/2025,"1,400","1,600","1,500",15.00
Uttrakhand,Dehradoon,Rishikesh,Brinjal,Brinjal,FAQ,19/05/2025,"1,000","1,400","1,250",12.50
Uttrakhand,Dehradoon,Rishikesh,Cauliflower,Other,FAQ,19/05/2025,"2,500","3,050","2,800",28.00
Uttrakhand,Dehradoon,Rishikesh,Karbuja(Musk Melon),Karbhuja,Medium,19/05/2025,"1,000","1,550","1,200",12.00
Uttrakhand,Dehradoon,Rishikesh,Papaya,Other,Medium,19/05/2025,"1,800","1,950","1,850",18.50
Uttrakhand,Dehradoon,Rishikesh,Pumpkin,Other,FAQ,19/05/2025,500,800,700,7.00
Uttrakhand,Dehradoon,Rishikesh,Tinda,Other,FAQ,19/05/2025,"1,500","1,750","1,650",16.50
Uttrakhand,Dehradoon,Vikasnagar,Bottle gourd,Other,FAQ,19/05/2025,200,600,600,6.00
Uttrakhand,Dehradoon,Vikasnagar,Green Chilli,Other,FAQ,19/05/2025,800,"1,000","1,000",10.00
Uttrakhand,Dehradoon,Vikasnagar,Papaya,Other,Medium,19/05/2025,"1,800","1,800","1,800",18.00
Uttrakhand,Haridwar,Haridwar Union,Brinjal,Other,FAQ,19/05/2025,"1,000","1,800","1,400",14.00
Uttrakhand,Haridwar,Haridwar Union,Ridgeguard(Tori),Other,FAQ,19/05/2025,"1,200","1,500","1,300",13.00
Uttrakhand,Haridwar,Haridwar Union,Water Melon,Water Melon,Medium,19/05/2025,300,500,400,4.00
Uttrakhand,Haridwar,Manglaur,Bottle gourd,Other,FAQ,19/05/2025,500,800,600,6.00
Uttrakhand,Haridwar,Manglaur,Pumpkin,Other,FAQ,19/05/2025,450,550,500,5.00
Uttrakhand,Haridwar,Roorkee,Carrot,Other,FAQ,19/05/2025,750,"1,200",900,9.00
Uttrakhand,Haridwar,Roorkee,Cauliflower,Other,FAQ,19/05/2025,800,"1,200","1,000",10.00
Uttrakhand,Haridwar,Ramnagar,Apple,Other,Medium,19/05/2025,"7,500","8,500","8,000",80.00
Uttrakhand,Nanital,Ramnagar,Ginger(Green),Other,FAQ,19/05/2025,"3,600","4,000","3,800",38.00
Uttrakhand,Nanital,Ramnagar,Potato,Other,FAQ,19/05/2025,"2,300","2,500","2,400",24.00
Uttrakhand,UdhamSinghNagar,Bazpur,Green Chilli,Other,FAQ,19/05/2025,800,"1,000",833,8.33
West Bengal,Hooghly,Sheoraphuly,Bitter gourd,Other,FAQ,19/05/2025,"2,800","3,200","3,000",30.00
West Bengal,Hooghly,Sheoraphuly,Brinjal,Round/Long,FAQ,19/05/2025,"3,000","4,000","3,500",35.00
West Bengal,Hooghly,Sheoraphuly,Cucumbar(Kheera),Cucumbar,FAQ,19/05/2025,"2,600","3,000","2,800",28.00
West Bengal,Hooghly,Sheoraphuly,Ginger(Dry),Other,FAQ,19/05/2025,"5,600","6,000","5,800",58.00
West Bengal,Hooghly,Sheoraphuly,Potato,Jyoti,FAQ,19/05/2025,"1,400","1,440","1,420",14.20
West Bengal,Hooghly,Sheoraphuly,Rice,Sona Mansoori Non Basmati,FAQ,19/05/2025,"3,400","3,500","3,450",34.50
West Bengal,Jhargram,Jhargram,Potato,Jyoti,FAQ,19/05/2025,"1,210","1,280","1,260",12.60
West Bengal,Medinipur(W),Ghatal,Bhindi(Ladies Finger),Bhindi,FAQ,19/05/2025,"1,800","2,000","1,900",19.00
West Bengal,Medinipur(W),Ghatal,Carrot,Carrot,FAQ,19/05/2025,"3,700","3,900","3,800",38.00
West Bengal,Medinipur(W),Ghatal,Tomato,Local,FAQ,19/05/2025,"2,000","2,200","2,100",21.00
West Bengal,Sounth 24Parganas,Baruipur(Canning),Onion,Other,FAQ,19/05/2025,"1,700","1,900","1,800",18.00
West Bengal,Uttar Dinajpur,Islampur,Rice,Fine,FAQ,19/05/2025,"4,500","4,800","4,600",46.00
