record_id,crop_id,crop_name,category,state,year,month,month_name,period,harvest_arrivals_t,market_supply_t,demand_t,supply_demand_gap_t,gap_pct,status,modal_price_inr_per_qtl,min_price_inr_per_qtl,max_price_inr_per_qtl,data_flag
1,C001,Rice/Paddy,Cereal,Tamil Nadu,2019,1,Jan,2019-01,3937716.0,4477435.1,969266.2,3508168.9,3.62,Surplus,1425,1162,1580,ESTIMATED_ MODEL
2,C001,Rice/Paddy,Cereal,Tamil Nadu,2019,2,Feb,2019-02,3839667.9,4386332.1,881151.1,3505181.1,3.98,Surplus,1509,1298,1820,ESTIMATED_ MODEL
3,C001,Rice/Paddy,Cereal,Tamil Nadu,2019,3,Mar,2019-03,0.0,818640.7,881151.1,-62510.4,-0.07,Balance d,1919,1721,2351,ESTIMATED_ MODEL
4,C001,Rice/Paddy,Cereal,Tamil Nadu,2019,4,Apr,2019-04,0.0,818640.7,881151.1,-62510.4,-0.07,Balance d,1942,1588,2189,ESTIMATED_ MODEL
5,C001,Rice/Paddy,Cereal,Tamil Nadu,2019,5,May,2019-05,0.0,818640.7,881151.1,-62510.4,-0.07,Balance d,1952,1664,2274,ESTIMATED_ MODEL
6,C001,Rice/Paddy,Cereal,Tamil Nadu,2019,6,Jun,2019-06,0.0,818640.7,881151.1,-62510.4,-0.07,Balance d,1951,1680,2187,ESTIMATED_ MODEL
7,C001,Rice/Paddy,Cereal,Tamil Nadu,2019,7,Jul,2019-07,0.0,818640.7,881151.1,-62510.4,-0.07,Balance d,1951,1632,2280,ESTIMATED_ MODEL
8,C001,Rice/Paddy,Cereal,Tamil Nadu,2019,8,Aug,2019-08,0.0,818640.7,881151.1,-62510.4,-0.07,Balance d,2009,1647,2365,ESTIMATED_ MODEL
9,C001,Rice/Paddy,Cereal,Tamil Nadu,2019,9,Sep,2019-09,0.0,818640.7,881151.1,-62510.4,-0.07,Balance d,1986,1598,2366,ESTIMATED_ MODEL
10,C001,Rice/Paddy,Cereal,Tamil Nadu,2019,10,Oct,2019-10,0.0,818640.7,925208.6,-106567.9,-0.12,Shortag e,1950,1572,2422,ESTIMATED_ MODEL
11,C001,Rice/Paddy,Cereal,Tamil Nadu,2019,11,Nov,2019-11,0.0,818640.7,881151.1,-62510.4,-0.07,Balance d,2030,1788,2326,ESTIMATED_ MODEL
12,C001,Rice/Paddy,Cereal,Tamil Nadu,2019,12,Dec,2019-12,3779896.3,4330794.3,881151.1,3449643.2,3.91,Surplus,1419,1232,1654,ESTIMATED_ MODEL
13,C002,Maize,Cereal,Tamil Nadu,2019,1,Jan,2019-01,303623.8,409486.1,215444.6,194041.5,0.9,Surplus,1582,1418,1924,ESTIMATED_ MODEL
14,C002,Maize,Cereal,Tamil Nadu,2019,2,Feb,2019-02,286825.3,393527.5,215444.6,178083.0,0.83,Surplus,1687,1500,2007,ESTIMATED_ MODEL
15,C002,Maize,Cereal,Tamil Nadu,2019,3,Mar,2019-03,318721.8,423829.2,215444.6,208384.6,0.97,Surplus,1646,1331,1859,ESTIMATED_ MODEL
16,C002,Maize,Cereal,Tamil Nadu,2019,4,Apr,2019-04,295005.7,401298.9,215444.6,185854.4,0.86,Surplus,1576,1312,1826,ESTIMATED_ MODEL
17,C002,Maize,Cereal,Tamil Nadu,2019,5,May,2019-05,0.0,121043.5,215444.6,-94401.0,-0.44,Shortag e,1967,1736,2269,ESTIMATED_ MODEL
18,C002,Maize,Cereal,Tamil Nadu,2019,6,Jun,2019-06,0.0,121043.5,215444.6,-94401.0,-0.44,Shortag e,1968,1681,2206,ESTIMATED_ MODEL
19,C002,Maize,Cereal,Tamil Nadu,2019,7,Jul,2019-07,0.0,121043.5,215444.6,-94401.0,-0.44,Shortag e,2026,1636,2529,ESTIMATED_ MODEL
20,C002,Maize,Cereal,Tamil Nadu,2019,8,Aug,2019-08,309724.5,415281.8,215444.6,199837.2,0.93,Surplus,1640,1344,1805,ESTIMATED_ MODEL
21,C002,Maize,Cereal,Tamil Nadu,2019,9,Sep,2019-09,296935.3,403132.1,215444.6,187687.5,0.87,Surplus,1661,1446,2008,ESTIMATED_ MODEL
22,C002,Maize,Cereal,Tamil Nadu,2019,10,Oct,2019-10,304531.2,410348.1,215444.6,194903.6,0.9,Surplus,1646,1329,1899,ESTIMATED_ MODEL
23,C002,Maize,Cereal,Tamil Nadu,2019,11,Nov,2019-11,305502.5,411270.8,215444.6,195826.3,0.91,Surplus,1571,1393,1876,ESTIMATED_ MODEL
24,C002,Maize,Cereal,Tamil Nadu,2019,12,Dec,2019-12,0.0,121043.5,215444.6,-94401.0,-0.44,Shortag e,1973,1591,2263,ESTIMATED_ MODEL
25,C003,Sorghum/Cholam,Millet,Tamil Nadu,2019,1,Jan,2019-01,67487.9,85063.3,26579.2,58484.1,2.2,Surplus,2074,1817,2456,ESTIMATED_ MODEL
26,C003,Sorghum/Cholam,Millet,Tamil Nadu,2019,2,Feb,2019-02,66762.4,84386.2,25313.5,59072.7,2.33,Surplus,2084,1770,2456,ESTIMATED_ MODEL
27,C003,Sorghum/Cholam,Millet,Tamil Nadu,2019,3,Mar,2019-03,68730.0,86222.7,25313.5,60909.2,2.41,Surplus,2028,1627,2263,ESTIMATED_ MODEL
28,C003,Sorghum/Cholam,Millet,Tamil Nadu,2019,4,Apr,2019-04,0.0,22074.6,25313.5,-3238.8,-0.13,Shortag e,2695,2328,3092,ESTIMATED_ MODEL
29,C003,Sorghum/Cholam,Millet,Tamil Nadu,2019,5,May,2019-05,0.0,22074.6,25313.5,-3238.8,-0.13,Shortag e,2773,2470,3154,ESTIMATED_ MODEL
30,C003,Sorghum/Cholam,Millet,Tamil Nadu,2019,6,Jun,2019-06,0.0,22074.6,25313.5,-3238.8,-0.13,Shortag e,2757,2414,3127,ESTIMATED_ MODEL
31,C003,Sorghum/Cholam,Millet,Tamil Nadu,2019,7,Jul,2019-07,0.0,22074.6,25313.5,-3238.8,-0.13,Shortag e,2703,2240,3038,ESTIMATED_ MODEL
32,C003,Sorghum/Cholam,Millet,Tamil Nadu,2019,8,Aug,2019-08,0.0,22074.6,25313.5,-3238.8,-0.13,Shortag e,2842,2503,3396,ESTIMATED_ MODEL
33,C003,Sorghum/Cholam,Millet,Tamil Nadu,2019,9,Sep,2019-09,65459.3,83169.9,25313.5,57856.5,2.29,Surplus,2100,1849,2369,ESTIMATED_ MODEL
34,C003,Sorghum/Cholam,Millet,Tamil Nadu,2019,10,Oct,2019-10,62680.1,80576.1,25313.5,55262.6,2.18,Surplus,2104,1796,2569,ESTIMATED_ MODEL
35,C003,Sorghum/Cholam,Millet,Tamil Nadu,2019,11,Nov,2019-11,0.0,22074.6,25313.5,-3238.8,-0.13,Shortag e,2836,2359,3167,ESTIMATED_ MODEL
36,C003,Sorghum/Cholam,Millet,Tamil Nadu,2019,12,Dec,2019-12,0.0,22074.6,25313.5,-3238.8,-0.13,Shortag e,2727,2298,3335,ESTIMATED_ MODEL
37,C004,Pearl Millet/Kambu,Millet,Tamil Nadu,2019,1,Jan,2019-01,26697.8,34099.2,10936.9,23162.4,2.12,Surplus,1635,1463,1878,ESTIMATED_ MODEL
38,C004,Pearl Millet/Kambu,Millet,Tamil Nadu,2019,2,Feb,2019-02,28413.3,35700.4,10936.9,24763.5,2.26,Surplus,1659,1444,1916,ESTIMATED_ MODEL
39,C004,Pearl Millet/Kambu,Millet,Tamil Nadu,2019,3,Mar,2019-03,28095.5,35403.7,10936.9,24466.9,2.24,Surplus,1720,1541,1957,ESTIMATED_ MODEL
40,C004,Pearl Millet/Kambu,Millet,Tamil Nadu,2019,4,Apr,2019-04,0.0,9181.3,10936.9,-1755.6,-0.16,Shortag e,2262,1878,2585,ESTIMATED_ MODEL
41,C004,Pearl Millet/Kambu,Millet,Tamil Nadu,2019,5,May,2019-05,0.0,9181.3,10936.9,-1755.6,-0.16,Shortag e,2201,1895,2588,ESTIMATED_ MODEL
42,C004,Pearl Millet/Kambu,Millet,Tamil Nadu,2019,6,Jun,2019-06,0.0,9181.3,10936.9,-1755.6,-0.16,Shortag e,2203,1824,2724,ESTIMATED_ MODEL
43,C004,Pearl Millet/Kambu,Millet,Tamil Nadu,2019,7,Jul,2019-07,0.0,9181.3,10936.9,-1755.6,-0.16,Shortag e,2228,1815,2615,ESTIMATED_ MODEL
44,C004,Pearl Millet/Kambu,Millet,Tamil Nadu,2019,8,Aug,2019-08,0.0,9181.3,10936.9,-1755.6,-0.16,Shortag e,2327,1918,2795,ESTIMATED_ MODEL
45,C004,Pearl Millet/Kambu,Millet,Tamil Nadu,2019,9,Sep,2019-09,27430.4,34783.0,10936.9,23846.2,2.18,Surplus,1692,1393,2046,ESTIMATED_ MODEL
46,C004,Pearl Millet/Kambu,Millet,Tamil Nadu,2019,10,Oct,2019-10,27082.3,34458.1,10936.9,23521.2,2.15,Surplus,1639,1415,1959,ESTIMATED_ MODEL
47,C004,Pearl Millet/Kambu,Millet,Tamil Nadu,2019,11,Nov,2019-11,0.0,9181.3,10936.9,-1755.6,-0.16,Shortag e,2267,1834,2778,ESTIMATED_ MODEL
48,C004,Pearl Millet/Kambu,Millet,Tamil Nadu,2019,12,Dec,2019-12,0.0,9181.3,10936.9,-1755.6,-0.16,Shortag e,2239,1833,2477,ESTIMATED_ MODEL
49,C005,Ragi,Millet,Tamil Nadu,2019,1,Jan,2019-01,50369.2,66443.5,22809.7,43633.8,1.91,Surplus,2718,2279,3372,ESTIMATED_ MODEL
50,C005,Ragi,Millet,Tamil Nadu,2019,2,Feb,2019-02,46457.4,62792.5,22809.7,39982.8,1.75,Surplus,2599,2168,2904,ESTIMATED_ MODEL
51,C005,Ragi,Millet,Tamil Nadu,2019,3,Mar,2019-03,49389.9,65529.5,22809.7,42719.8,1.87,Surplus,2768,2457,3152,ESTIMATED_ MODEL
52,C005,Ragi,Millet,Tamil Nadu,2019,4,Apr,2019-04,0.0,19432.3,22809.7,-3377.4,-0.15,Shortag e,3683,3247,4358,ESTIMATED_ MODEL
53,C005,Ragi,Millet,Tamil Nadu,2019,5,May,2019-05,0.0,19432.3,22809.7,-3377.4,-0.15,Shortag e,3655,3012,4072,ESTIMATED_ MODEL
54,C005,Ragi,Millet,Tamil Nadu,2019,6,Jun,2019-06,0.0,19432.3,22809.7,-3377.4,-0.15,Shortag e,3734,3323,4462,ESTIMATED_ MODEL
55,C005,Ragi,Millet,Tamil Nadu,2019,7,Jul,2019-07,0.0,19432.3,22809.7,-3377.4,-0.15,Shortag e,3614,3018,4369,ESTIMATED_ MODEL
56,C005,Ragi,Millet,Tamil Nadu,2019,8,Aug,2019-08,0.0,19432.3,22809.7,-3377.4,-0.15,Shortag e,3734,3318,4544,ESTIMATED_ MODEL
57,C005,Ragi,Millet,Tamil Nadu,2019,9,Sep,2019-09,47699.7,63952.0,22809.7,41142.3,1.8,Surplus,2707,2189,3044,ESTIMATED_ MODEL
58,C005,Ragi,Millet,Tamil Nadu,2019,10,Oct,2019-10,50177.5,66264.6,22809.7,43454.9,1.91,Surplus,2762,2377,3042,ESTIMATED_ MODEL
59,C005,Ragi,Millet,Tamil Nadu,2019,11,Nov,2019-11,0.0,19432.3,22809.7,-3377.4,-0.15,Shortag e,3563,3087,3923,ESTIMATED_ MODEL
60,C005,Ragi,Millet,Tamil Nadu,2019,12,Dec,2019-12,47391.1,63664.0,22809.7,40854.3,1.79,Surplus,2604,2226,3135,ESTIMATED_ MODEL
61,C006,Green Gram,Pulse,Tamil Nadu,2019,1,Jan,2019-01,6299.1,8615.9,6930.0,1685.9,0.24,Surplus,6526,5650,7736,ESTIMATED_ MODEL
62,C006,Green Gram,Pulse,Tamil Nadu,2019,2,Feb,2019-02,0.0,2762.9,6026.1,-3263.2,-0.54,Shortag e,7006,5863,7986,ESTIMATED_ MODEL
63,C006,Green Gram,Pulse,Tamil Nadu,2019,3,Mar,2019-03,6680.6,8970.3,6026.1,2944.2,0.49,Surplus,6042,5421,7002,ESTIMATED_ MODEL
64,C006,Green Gram,Pulse,Tamil Nadu,2019,4,Apr,2019-04,6309.3,8625.3,6026.1,2599.2,0.43,Surplus,6356,5486,7750,ESTIMATED_ MODEL
65,C006,Green Gram,Pulse,Tamil Nadu,2019,5,May,2019-05,0.0,2762.9,6026.1,-3263.2,-0.54,Shortag e,7169,6149,8416,ESTIMATED_ MODEL
66,C006,Green Gram,Pulse,Tamil Nadu,2019,6,Jun,2019-06,0.0,2762.9,6026.1,-3263.2,-0.54,Shortag e,7047,6146,8048,ESTIMATED_ MODEL
67,C006,Green Gram,Pulse,Tamil Nadu,2019,7,Jul,2019-07,0.0,2762.9,6026.1,-3263.2,-0.54,Shortag e,6979,6033,7862,ESTIMATED_ MODEL
68,C006,Green Gram,Pulse,Tamil Nadu,2019,8,Aug,2019-08,0.0,2762.9,6026.1,-3263.2,-0.54,Shortag e,7343,6575,9085,ESTIMATED_ MODEL
69,C006,Green Gram,Pulse,Tamil Nadu,2019,9,Sep,2019-09,6378.2,8689.4,6026.1,2663.3,0.44,Surplus,6138,4920,7607,ESTIMATED_ MODEL
70,C006,Green Gram,Pulse,Tamil Nadu,2019,10,Oct,2019-10,6707.4,8995.2,6026.1,2969.1,0.49,Surplus,6111,5479,7605,ESTIMATED_ MODEL
71,C006,Green Gram,Pulse,Tamil Nadu,2019,11,Nov,2019-11,0.0,2762.9,6026.1,-3263.2,-0.54,Shortag e,7308,6062,8462,ESTIMATED_ MODEL
72,C006,Green Gram,Pulse,Tamil Nadu,2019,12,Dec,2019-12,6631.7,8924.9,6026.1,2898.8,0.48,Surplus,6291,5232,7080,ESTIMATED_ MODEL
73,C007,Black Gram,Pulse,Tamil Nadu,2019,1,Jan,2019-01,22358.0,31407.1,32959.0,-1551.9,-0.05,Balance d,6341,5629,7680,ESTIMATED_ MODEL
74,C007,Black Gram,Pulse,Tamil Nadu,2019,2,Feb,2019-02,0.0,10632.8,28660.0,-18027.1,-0.63,Shortag e,6957,6055,8028,ESTIMATED_ MODEL
75,C007,Black Gram,Pulse,Tamil Nadu,2019,3,Mar,2019-03,21745.8,30838.3,28660.0,2178.3,0.08,Balance d,6140,5409,7500,ESTIMATED_ MODEL
76,C007,Black Gram,Pulse,Tamil Nadu,2019,4,Apr,2019-04,21424.6,30539.9,28660.0,1879.9,0.07,Balance d,6366,5674,7491,ESTIMATED_ MODEL
77,C007,Black Gram,Pulse,Tamil Nadu,2019,5,May,2019-05,20219.0,29419.6,28660.0,759.7,0.03,Balance d,6265,5512,7502,ESTIMATED_ MODEL
78,C007,Black Gram,Pulse,Tamil Nadu,2019,6,Jun,2019-06,0.0,10632.8,28660.0,-18027.1,-0.63,Shortag e,6959,6121,8584,ESTIMATED_ MODEL
79,C007,Black Gram,Pulse,Tamil Nadu,2019,7,Jul,2019-07,0.0,10632.8,28660.0,-18027.1,-0.63,Shortag e,6822,5714,7600,ESTIMATED_ MODEL
80,C007,Black Gram,Pulse,Tamil Nadu,2019,8,Aug,2019-08,0.0,10632.8,28660.0,-18027.1,-0.63,Shortag e,6913,5555,8087,ESTIMATED_ MODEL
81,C007,Black Gram,Pulse,Tamil Nadu,2019,9,Sep,2019-09,21539.2,30646.3,28660.0,1986.4,0.07,Balance d,6240,5171,7417,ESTIMATED_ MODEL
82,C007,Black Gram,Pulse,Tamil Nadu,2019,10,Oct,2019-10,22495.4,31534.8,28660.0,2874.8,0.1,Surplus,6018,4837,7362,ESTIMATED_ MODEL
83,C007,Black Gram,Pulse,Tamil Nadu,2019,11,Nov,2019-11,0.0,10632.8,28660.0,-18027.1,-0.63,Shortag e,6830,5551,8048,ESTIMATED_ MODEL
84,C007,Black Gram,Pulse,Tamil Nadu,2019,12,Dec,2019-12,20328.4,29521.3,28660.0,861.3,0.03,Balance d,6363,5228,7594,ESTIMATED_ MODEL
85,C008,Red Gram/Pigeon Pea,Pulse,Tamil Nadu,2019,1,Jan,2019-01,17588.4,21571.6,22925.8,-1354.2,-0.06,Balance d,6517,5850,7674,ESTIMATED_ MODEL
86,C008,Red Gram/Pigeon Pea,Pulse,Tamil Nadu,2019,2,Feb,2019-02,18658.4,22565.8,22925.8,-360.0,-0.02,Balance d,6322,5560,7211,ESTIMATED_ MODEL
87,C008,Red Gram/Pigeon Pea,Pulse,Tamil Nadu,2019,3,Mar,2019-03,18679.1,22585.0,22925.8,-340.8,-0.01,Balance d,6365,5142,7026,ESTIMATED_ MODEL
88,C008,Red Gram/Pigeon Pea,Pulse,Tamil Nadu,2019,4,Apr,2019-04,0.0,5229.0,22925.8,-17696.8,-0.77,Shortag e,7290,6441,8780,ESTIMATED_ MODEL
89,C008,Red Gram/Pigeon Pea,Pulse,Tamil Nadu,2019,5,May,2019-05,0.0,5229.0,22925.8,-17696.8,-0.77,Shortag e,7078,5785,7952,ESTIMATED_ MODEL
90,C008,Red Gram/Pigeon Pea,Pulse,Tamil Nadu,2019,6,Jun,2019-06,0.0,5229.0,22925.8,-17696.8,-0.77,Shortag e,7017,5999,8471,ESTIMATED_ MODEL
91,C008,Red Gram/Pigeon Pea,Pulse,Tamil Nadu,2019,7,Jul,2019-07,0.0,5229.0,22925.8,-17696.8,-0.77,Shortag e,7174,5940,8919,ESTIMATED_ MODEL
92,C008,Red Gram/Pigeon Pea,Pulse,Tamil Nadu,2019,8,Aug,2019-08,0.0,5229.0,22925.8,-17696.8,-0.77,Shortag e,7204,6162,8585,ESTIMATED_ MODEL
93,C008,Red Gram/Pigeon Pea,Pulse,Tamil Nadu,2019,9,Sep,2019-09,0.0,5229.0,22925.8,-17696.8,-0.77,Shortag e,7082,5841,8168,ESTIMATED_ MODEL
94,C008,Red Gram/Pigeon Pea,Pulse,Tamil Nadu,2019,10,Oct,2019-10,0.0,5229.0,22925.8,-17696.8,-0.77,Shortag e,7211,5779,8058,ESTIMATED_ MODEL
95,C008,Red Gram/Pigeon Pea,Pulse,Tamil Nadu,2019,11,Nov,2019-11,0.0,5229.0,22925.8,-17696.8,-0.77,Shortag e,6939,5579,8523,ESTIMATED_ MODEL
96,C008,Red Gram/Pigeon Pea,Pulse,Tamil Nadu,2019,12,Dec,2019-12,18895.0,22785.6,22925.8,-140.2,-0.01,Balance d,6458,5473,7199,ESTIMATED_ MODEL
97,C009,Bengal Gram/Chickpea,Pulse,Tamil Nadu,2019,1,Jan,2019-01,998.1,1136.6,1852.3,-715.8,-0.39,Shortag e,5185,4467,6198,ESTIMATED_ MODEL
98,C009,Bengal Gram/Chickpea,Pulse,Tamil Nadu,2019,2,Feb,2019-02,962.0,1103.0,1852.3,-749.3,-0.4,Shortag e,5094,4266,6082,ESTIMATED_ MODEL
99,C009,Bengal Gram/Chickpea,Pulse,Tamil Nadu,2019,3,Mar,2019-03,993.3,1132.1,1852.3,-720.2,-0.39,Shortag e,5218,4621,6255,ESTIMATED_ MODEL
100,C009,Bengal Gram/Chickpea,Pulse,Tamil Nadu,2019,4,Apr,2019-04,0.0,209.2,1852.3,-1643.1,-0.89,Shortag e,5486,4427,6563,ESTIMATED_ MODEL
101,C009,Bengal Gram/Chickpea,Pulse,Tamil Nadu,2019,5,May,2019-05,0.0,209.2,1852.3,-1643.1,-0.89,Shortag e,5445,4675,6758,ESTIMATED_ MODEL
102,C009,Bengal Gram/Chickpea,Pulse,Tamil Nadu,2019,6,Jun,2019-06,0.0,209.2,1852.3,-1643.1,-0.89,Shortag e,5608,4704,6710,ESTIMATED_ MODEL
103,C009,Bengal Gram/Chickpea,Pulse,Tamil Nadu,2019,7,Jul,2019-07,0.0,209.2,1852.3,-1643.1,-0.89,Shortag e,5573,4763,6918,ESTIMATED_ MODEL
104,C009,Bengal Gram/Chickpea,Pulse,Tamil Nadu,2019,8,Aug,2019-08,0.0,209.2,1852.3,-1643.1,-0.89,Shortag e,5552,4975,6861,ESTIMATED_ MODEL
105,C009,Bengal Gram/Chickpea,Pulse,Tamil Nadu,2019,9,Sep,2019-09,0.0,209.2,1852.3,-1643.1,-0.89,Shortag e,5495,4434,6128,ESTIMATED_ MODEL
106,C009,Bengal Gram/Chickpea,Pulse,Tamil Nadu,2019,10,Oct,2019-10,0.0,209.2,2222.8,-2013.6,-0.91,Shortag e,5457,4417,6562,ESTIMATED_ MODEL
107,C009,Bengal Gram/Chickpea,Pulse,Tamil Nadu,2019,11,Nov,2019-11,0.0,209.2,1852.3,-1643.1,-0.89,Shortag e,5459,4541,6696,ESTIMATED_ MODEL
108,C009,Bengal Gram/Chickpea,Pulse,Tamil Nadu,2019,12,Dec,2019-12,0.0,209.2,1852.3,-1643.1,-0.89,Shortag e,5444,4799,6219,ESTIMATED_ MODEL
109,C010,Groundnut,Oilseed,Tamil Nadu,2019,1,Jan,2019-01,131414.4,183285.8,65809.9,117475.9,1.79,Surplus,4226,3722,5277,ESTIMATED_ MODEL
110,C010,Groundnut,Oilseed,Tamil Nadu,2019,2,Feb,2019-02,130369.9,182311.0,65809.9,116501.1,1.77,Surplus,4114,3444,5005,ESTIMATED_ MODEL
111,C010,Groundnut,Oilseed,Tamil Nadu,2019,3,Mar,2019-03,0.0,60632.4,65809.9,-5177.5,-0.08,Balance d,5537,4945,6804,ESTIMATED_ MODEL
112,C010,Groundnut,Oilseed,Tamil Nadu,2019,4,Apr,2019-04,134198.8,185884.6,65809.9,120074.7,1.82,Surplus,4120,3605,4998,ESTIMATED_ MODEL
113,C010,Groundnut,Oilseed,Tamil Nadu,2019,5,May,2019-05,132004.9,183837.0,65809.9,118027.1,1.79,Surplus,4012,3571,4717,ESTIMATED_ MODEL
114,C010,Groundnut,Oilseed,Tamil Nadu,2019,6,Jun,2019-06,0.0,60632.4,65809.9,-5177.5,-0.08,Balance d,5698,4741,7033,ESTIMATED_ MODEL
115,C010,Groundnut,Oilseed,Tamil Nadu,2019,7,Jul,2019-07,0.0,60632.4,65809.9,-5177.5,-0.08,Balance d,5553,4448,6863,ESTIMATED_ MODEL
116,C010,Groundnut,Oilseed,Tamil Nadu,2019,8,Aug,2019-08,0.0,60632.4,65809.9,-5177.5,-0.08,Balance d,5454,4537,6777,ESTIMATED_ MODEL
117,C010,Groundnut,Oilseed,Tamil Nadu,2019,9,Sep,2019-09,0.0,60632.4,65809.9,-5177.5,-0.08,Balance d,5739,4920,6857,ESTIMATED_ MODEL
118,C010,Groundnut,Oilseed,Tamil Nadu,2019,10,Oct,2019-10,133058.9,184820.7,65809.9,119010.8,1.81,Surplus,4126,3422,4742,ESTIMATED_ MODEL
119,C010,Groundnut,Oilseed,Tamil Nadu,2019,11,Nov,2019-11,125025.4,177322.8,65809.9,111513.0,1.69,Surplus,4200,3676,5119,ESTIMATED_ MODEL
120,C010,Groundnut,Oilseed,Tamil Nadu,2019,12,Dec,2019-12,123414.1,175818.9,65809.9,110009.0,1.67,Surplus,4239,3430,4978,ESTIMATED_ MODEL
121,C011,Sesame/Gingelly,Oilseed,Tamil Nadu,2019,1,Jan,2019-01,3831.1,5345.4,3205.8,2139.6,0.67,Surplus,7323,5933,8148,ESTIMATED_ MODEL
122,C011,Sesame/Gingelly,Oilseed,Tamil Nadu,2019,2,Feb,2019-02,0.0,1769.7,2671.5,-901.8,-0.34,Shortag e,8581,6927,10497,ESTIMATED_ MODEL
123,C011,Sesame/Gingelly,Oilseed,Tamil Nadu,2019,3,Mar,2019-03,3781.7,5299.3,2671.5,2627.8,0.98,Surplus,6983,5643,7770,ESTIMATED_ MODEL
124,C011,Sesame/Gingelly,Oilseed,Tamil Nadu,2019,4,Apr,2019-04,3985.6,5489.6,2671.5,2818.2,1.05,Surplus,7033,5889,8127,ESTIMATED_ MODEL
125,C011,Sesame/Gingelly,Oilseed,Tamil Nadu,2019,5,May,2019-05,3740.3,5260.7,2671.5,2589.2,0.97,Surplus,7052,6310,8800,ESTIMATED_ MODEL
126,C011,Sesame/Gingelly,Oilseed,Tamil Nadu,2019,6,Jun,2019-06,0.0,1769.7,2671.5,-901.8,-0.34,Shortag e,8606,7209,9575,ESTIMATED_ MODEL
127,C011,Sesame/Gingelly,Oilseed,Tamil Nadu,2019,7,Jul,2019-07,0.0,1769.7,2671.5,-901.8,-0.34,Shortag e,8618,7375,10028,ESTIMATED_ MODEL
128,C011,Sesame/Gingelly,Oilseed,Tamil Nadu,2019,8,Aug,2019-08,0.0,1769.7,2671.5,-901.8,-0.34,Shortag e,8680,7041,10190,ESTIMATED_ MODEL
129,C011,Sesame/Gingelly,Oilseed,Tamil Nadu,2019,9,Sep,2019-09,3633.4,5160.9,2671.5,2489.4,0.93,Surplus,6709,5682,7437,ESTIMATED_ MODEL
130,C011,Sesame/Gingelly,Oilseed,Tamil Nadu,2019,10,Oct,2019-10,3645.3,5172.0,2671.5,2500.5,0.94,Surplus,6756,5484,8090,ESTIMATED_ MODEL
131,C011,Sesame/Gingelly,Oilseed,Tamil Nadu,2019,11,Nov,2019-11,0.0,1769.7,2671.5,-901.8,-0.34,Shortag e,8603,7384,10705,ESTIMATED_ MODEL
132,C011,Sesame/Gingelly,Oilseed,Tamil Nadu,2019,12,Dec,2019-12,3928.0,5435.8,2671.5,2764.3,1.03,Surplus,6761,5601,8318,ESTIMATED_ MODEL
133,C012,Sunflower,Oilseed,Tamil Nadu,2019,1,Jan,2019-01,2355.8,3256.2,3612.6,-356.3,-0.1,Balance d,5717,4890,7120,ESTIMATED_ MODEL
134,C012,Sunflower,Oilseed,Tamil Nadu,2019,2,Feb,2019-02,2101.1,3018.5,3612.6,-594.0,-0.16,Shortag e,5930,5117,7142,ESTIMATED_ MODEL
135,C012,Sunflower,Oilseed,Tamil Nadu,2019,3,Mar,2019-03,0.0,1057.5,3612.6,-2555.0,-0.71,Shortag e,6377,5502,7574,ESTIMATED_ MODEL
136,C012,Sunflower,Oilseed,Tamil Nadu,2019,4,Apr,2019-04,2357.5,3257.9,3612.6,-354.7,-0.1,Balance d,6004,4830,6857,ESTIMATED_ MODEL
137,C012,Sunflower,Oilseed,Tamil Nadu,2019,5,May,2019-05,2109.4,3026.3,3612.6,-586.3,-0.16,Shortag e,6076,5402,7099,ESTIMATED_ MODEL
138,C012,Sunflower,Oilseed,Tamil Nadu,2019,6,Jun,2019-06,0.0,1057.5,3612.6,-2555.0,-0.71,Shortag e,6434,5326,7259,ESTIMATED_ MODEL
139,C012,Sunflower,Oilseed,Tamil Nadu,2019,7,Jul,2019-07,0.0,1057.5,3612.6,-2555.0,-0.71,Shortag e,6380,5329,7577,ESTIMATED_ MODEL
140,C012,Sunflower,Oilseed,Tamil Nadu,2019,8,Aug,2019-08,0.0,1057.5,3612.6,-2555.0,-0.71,Shortag e,6246,5606,7795,ESTIMATED_ MODEL
141,C012,Sunflower,Oilseed,Tamil Nadu,2019,9,Sep,2019-09,2336.5,3238.2,3612.6,-374.3,-0.1,Shortag e,5938,5069,6808,ESTIMATED_ MODEL
142,C012,Sunflower,Oilseed,Tamil Nadu,2019,10,Oct,2019-10,2239.1,3147.4,3612.6,-465.2,-0.13,Shortag e,6000,5211,6746,ESTIMATED_ MODEL
143,C012,Sunflower,Oilseed,Tamil Nadu,2019,11,Nov,2019-11,0.0,1057.5,3612.6,-2555.0,-0.71,Shortag e,6535,5766,8120,ESTIMATED_ MODEL
144,C012,Sunflower,Oilseed,Tamil Nadu,2019,12,Dec,2019-12,2363.7,3263.7,3612.6,-348.9,-0.1,Balance d,5942,5118,6908,ESTIMATED_ MODEL
145,C013,Cotton,Fibre,Tamil Nadu,2019,1,Jan,2019-01,8367.1,10742.6,64871.9,-54129.3,-0.83,Shortag e,6728,5638,8380,ESTIMATED_ MODEL
146,C013,Cotton,Fibre,Tamil Nadu,2019,2,Feb,2019-02,7577.7,9992.6,64871.9,-54879.3,-0.85,Shortag e,6827,6034,7989,ESTIMATED_ MODEL
147,C013,Cotton,Fibre,Tamil Nadu,2019,3,Mar,2019-03,7559.5,9975.4,64871.9,-54896.5,-0.85,Shortag e,6674,5522,7398,ESTIMATED_ MODEL
148,C013,Cotton,Fibre,Tamil Nadu,2019,4,Apr,2019-04,7896.2,10295.3,64871.9,-54576.6,-0.84,Shortag e,6831,6020,8538,ESTIMATED_ MODEL
149,C013,Cotton,Fibre,Tamil Nadu,2019,5,May,2019-05,8313.8,10691.9,64871.9,-54180.0,-0.84,Shortag e,6872,5879,8352,ESTIMATED_ MODEL
150,C013,Cotton,Fibre,Tamil Nadu,2019,6,Jun,2019-06,0.0,2793.8,64871.9,-62078.1,-0.96,Shortag e,6962,6161,7917,ESTIMATED_ MODEL
151,C013,Cotton,Fibre,Tamil Nadu,2019,7,Jul,2019-07,0.0,2793.8,64871.9,-62078.1,-0.96,Shortag e,6786,5516,8436,ESTIMATED_ MODEL
152,C013,Cotton,Fibre,Tamil Nadu,2019,8,Aug,2019-08,0.0,2793.8,64871.9,-62078.1,-0.96,Shortag e,6841,5630,8215,ESTIMATED_ MODEL
153,C013,Cotton,Fibre,Tamil Nadu,2019,9,Sep,2019-09,0.0,2793.8,64871.9,-62078.1,-0.96,Shortag e,6846,5722,7647,ESTIMATED_ MODEL
154,C013,Cotton,Fibre,Tamil Nadu,2019,10,Oct,2019-10,0.0,2793.8,71359.1,-68565.3,-0.96,Shortag e,6868,5852,8351,ESTIMATED_ MODEL
155,C013,Cotton,Fibre,Tamil Nadu,2019,11,Nov,2019-11,8483.7,10853.4,64871.9,-54018.5,-0.83,Shortag e,6700,5931,7925,ESTIMATED_ MODEL
156,C013,Cotton,Fibre,Tamil Nadu,2019,12,Dec,2019-12,7678.8,10088.7,64871.9,-54783.2,-0.84,Shortag e,6725,5969,7805,ESTIMATED_ MODEL
157,C014,Sugarcane,Commerc ial,Tamil Nadu,2019,1,Jan,2019-01,1592395.8,1717761.8,1645816.3,71945.6,0.04,Balance d,286,254,329,ESTIMATED_ MODEL
158,C014,Sugarcane,Commerc ial,Tamil Nadu,2019,2,Feb,2019-02,1739511.9,1863652.0,1431144.6,432507.4,0.3,Surplus,276,242,320,ESTIMATED_ MODEL
159,C014,Sugarcane,Commerc ial,Tamil Nadu,2019,3,Mar,2019-03,1712203.9,1836571.5,1431144.6,405426.9,0.28,Surplus,278,247,346,ESTIMATED_ MODEL
160,C014,Sugarcane,Commerc ial,Tamil Nadu,2019,4,Apr,2019-04,1729170.7,1853396.9,1431144.6,422252.4,0.29,Surplus,270,241,317,ESTIMATED_ MODEL
161,C014,Sugarcane,Commerc ial,Tamil Nadu,2019,5,May,2019-05,1629700.0,1754755.1,1431144.6,323610.6,0.23,Surplus,275,232,342,ESTIMATED_ MODEL
162,C014,Sugarcane,Commerc ial,Tamil Nadu,2019,6,Jun,2019-06,1614186.9,1739371.3,1431144.6,308226.7,0.22,Surplus,279,232,334,ESTIMATED_ MODEL
163,C014,Sugarcane,Commerc ial,Tamil Nadu,2019,7,Jul,2019-07,1589512.0,1714902.1,1431144.6,283757.5,0.2,Surplus,275,222,308,ESTIMATED_ MODEL
164,C014,Sugarcane,Commerc ial,Tamil Nadu,2019,8,Aug,2019-08,1657574.3,1782397.1,1431144.6,351252.6,0.25,Surplus,271,221,304,ESTIMATED_ MODEL
165,C014,Sugarcane,Commerc ial,Tamil Nadu,2019,9,Sep,2019-09,0.0,138636.0,1431144.6,-1292508.6,-0.9,Shortag e,330,270,380,ESTIMATED_ MODEL
166,C014,Sugarcane,Commerc ial,Tamil Nadu,2019,10,Oct,2019-10,0.0,138636.0,1502701.8,-1364065.8,-0.91,Shortag e,335,284,402,ESTIMATED_ MODEL
167,C014,Sugarcane,Commerc ial,Tamil Nadu,2019,11,Nov,2019-11,1706048.3,1830467.2,1431144.6,399322.6,0.28,Surplus,271,222,300,ESTIMATED_ MODEL
168,C014,Sugarcane,Commerc ial,Tamil Nadu,2019,12,Dec,2019-12,1666011.4,1790763.9,1431144.6,359619.4,0.25,Surplus,272,225,306,ESTIMATED_ MODEL
169,C015,Ladies Finger/Okra,Vegetabl e,Tamil Nadu,2019,1,Jan,2019-01,25334.1,26551.5,24551.7,1999.8,0.08,Balance d,2451,2029,2993,ESTIMATED_ MODEL
170,C015,Ladies Finger/Okra,Vegetabl e,Tamil Nadu,2019,2,Feb,2019-02,26417.4,27630.4,24551.7,3078.7,0.13,Surplus,2540,2078,2873,ESTIMATED_ MODEL
171,C015,Ladies Finger/Okra,Vegetabl e,Tamil Nadu,2019,3,Mar,2019-03,25607.0,26823.3,24551.7,2271.6,0.09,Balance d,2494,2116,2975,ESTIMATED_ MODEL
172,C015,Ladies Finger/Okra,Vegetabl e,Tamil Nadu,2019,4,Apr,2019-04,26110.1,27324.2,24551.7,2772.6,0.11,Surplus,2486,2104,3014,ESTIMATED_ MODEL
173,C015,Ladies Finger/Okra,Vegetabl e,Tamil Nadu,2019,5,May,2019-05,26553.2,27765.6,24551.7,3213.9,0.13,Surplus,2429,2004,2931,ESTIMATED_ MODEL
174,C015,Ladies Finger/Okra,Vegetabl e,Tamil Nadu,2019,6,Jun,2019-06,27148.8,28358.7,24551.7,3807.0,0.16,Surplus,2551,2171,3009,ESTIMATED_ MODEL
175,C015,Ladies Finger/Okra,Vegetabl e,Tamil Nadu,2019,7,Jul,2019-07,25075.0,26293.5,24551.7,1741.9,0.07,Balance d,2462,2080,2905,ESTIMATED_ MODEL
176,C015,Ladies Finger/Okra,Vegetabl e,Tamil Nadu,2019,8,Aug,2019-08,27496.0,28704.4,24551.7,4152.7,0.17,Surplus,2445,2022,2828,ESTIMATED_ MODEL
177,C015,Ladies Finger/Okra,Vegetabl e,Tamil Nadu,2019,9,Sep,2019-09,26949.7,28160.4,24551.7,3608.7,0.15,Surplus,2420,2014,2739,ESTIMATED_ MODEL
178,C015,Ladies Finger/Okra,Vegetabl e,Tamil Nadu,2019,10,Oct,2019-10,25210.2,26428.2,24551.7,1876.5,0.08,Balance d,2494,2025,3077,ESTIMATED_ MODEL
179,C015,Ladies Finger/Okra,Vegetabl e,Tamil Nadu,2019,11,Nov,2019-11,27732.2,28939.7,24551.7,4388.0,0.18,Surplus,2495,2166,3041,ESTIMATED_ MODEL
180,C015,Ladies Finger/Okra,Vegetabl e,Tamil Nadu,2019,12,Dec,2019-12,27882.9,29089.7,24551.7,4538.0,0.18,Surplus,2479,2004,2926,ESTIMATED_ MODEL
181,C016,Tomato,Vegetabl e,Tamil Nadu,2019,1,Jan,2019-01,93137.3,97248.2,87871.5,9376.7,0.11,Surplus,1637,1350,1840,ESTIMATED_ MODEL
182,C016,Tomato,Vegetabl e,Tamil Nadu,2019,2,Feb,2019-02,89730.6,93855.8,87871.5,5984.3,0.07,Balance d,1650,1367,1858,ESTIMATED_ MODEL
183,C016,Tomato,Vegetabl e,Tamil Nadu,2019,3,Mar,2019-03,86429.3,90568.2,87871.5,2696.7,0.03,Balance d,1732,1400,2042,ESTIMATED_ MODEL
184,C016,Tomato,Vegetabl e,Tamil Nadu,2019,4,Apr,2019-04,88125.1,92256.9,87871.5,4385.4,0.05,Balance d,1678,1507,1874,ESTIMATED_ MODEL
185,C016,Tomato,Vegetabl e,Tamil Nadu,2019,5,May,2019-05,88986.1,93114.4,87871.5,5242.8,0.06,Balance d,1674,1501,2059,ESTIMATED_ MODEL
186,C016,Tomato,Vegetabl e,Tamil Nadu,2019,6,Jun,2019-06,92056.8,96172.2,87871.5,8300.7,0.09,Balance d,1708,1410,1922,ESTIMATED_ MODEL
187,C016,Tomato,Vegetabl e,Tamil Nadu,2019,7,Jul,2019-07,91241.0,95359.9,87871.5,7488.3,0.09,Balance d,1695,1513,2006,ESTIMATED_ MODEL
188,C016,Tomato,Vegetabl e,Tamil Nadu,2019,8,Aug,2019-08,88910.3,93038.8,87871.5,5167.3,0.06,Balance d,1692,1401,2056,ESTIMATED_ MODEL
189,C016,Tomato,Vegetabl e,Tamil Nadu,2019,9,Sep,2019-09,95754.6,99854.6,87871.5,11983.1,0.14,Surplus,1633,1359,1900,ESTIMATED_ MODEL
190,C016,Tomato,Vegetabl e,Tamil Nadu,2019,10,Oct,2019-10,91621.0,95738.2,87871.5,7866.7,0.09,Balance d,1677,1383,1874,ESTIMATED_ MODEL
191,C016,Tomato,Vegetabl e,Tamil Nadu,2019,11,Nov,2019-11,87619.7,91753.7,87871.5,3882.2,0.04,Balance d,1700,1409,2018,ESTIMATED_ MODEL
192,C016,Tomato,Vegetabl e,Tamil Nadu,2019,12,Dec,2019-12,86149.3,90289.3,87871.5,2417.8,0.03,Balance d,1657,1405,1955,ESTIMATED_ MODEL
193,C017,Brinjal,Vegetabl e,Tamil Nadu,2019,1,Jan,2019-01,39236.3,41070.5,37019.4,4051.1,0.11,Surplus,2070,1849,2535,ESTIMATED_ MODEL
194,C017,Brinjal,Vegetabl e,Tamil Nadu,2019,2,Feb,2019-02,38265.3,40103.5,37019.4,3084.1,0.08,Balance d,2157,1753,2610,ESTIMATED_ MODEL
195,C017,Brinjal,Vegetabl e,Tamil Nadu,2019,3,Mar,2019-03,37924.1,39763.8,37019.4,2744.3,0.07,Balance d,2157,1764,2394,ESTIMATED_ MODEL
196,C017,Brinjal,Vegetabl e,Tamil Nadu,2019,4,Apr,2019-04,42374.0,44195.2,37019.4,7175.7,0.19,Surplus,2093,1795,2567,ESTIMATED_ MODEL
197,C017,Brinjal,Vegetabl e,Tamil Nadu,2019,5,May,2019-05,39167.8,41002.3,37019.4,3982.9,0.11,Surplus,2044,1798,2311,ESTIMATED_ MODEL
198,C017,Brinjal,Vegetabl e,Tamil Nadu,2019,6,Jun,2019-06,41509.2,43333.9,37019.4,6314.5,0.17,Surplus,2027,1655,2478,ESTIMATED_ MODEL
199,C017,Brinjal,Vegetabl e,Tamil Nadu,2019,7,Jul,2019-07,38842.6,40678.5,37019.4,3659.1,0.1,Balance d,2114,1802,2439,ESTIMATED_ MODEL
200,C017,Brinjal,Vegetabl e,Tamil Nadu,2019,8,Aug,2019-08,40892.7,42720.0,37019.4,5700.5,0.15,Surplus,2124,1782,2596,ESTIMATED_ MODEL
201,C017,Brinjal,Vegetabl e,Tamil Nadu,2019,9,Sep,2019-09,41270.7,43096.5,37019.4,6077.1,0.16,Surplus,2064,1729,2414,ESTIMATED_ MODEL
202,C017,Brinjal,Vegetabl e,Tamil Nadu,2019,10,Oct,2019-10,40480.3,42309.3,37019.4,5289.9,0.14,Surplus,2054,1796,2414,ESTIMATED_ MODEL
203,C017,Brinjal,Vegetabl e,Tamil Nadu,2019,11,Nov,2019-11,39884.5,41716.0,37019.4,4696.6,0.13,Surplus,2050,1824,2373,ESTIMATED_ MODEL
204,C017,Brinjal,Vegetabl e,Tamil Nadu,2019,12,Dec,2019-12,39597.6,41430.3,37019.4,4410.9,0.12,Surplus,2092,1863,2497,ESTIMATED_ MODEL
205,C018,Green Chilli,Vegetabl e,Tamil Nadu,2019,1,Jan,2019-01,13916.0,15126.9,12226.9,2900.0,0.24,Surplus,3328,2674,3946,ESTIMATED_ MODEL
206,C018,Green Chilli,Vegetabl e,Tamil Nadu,2019,2,Feb,2019-02,13420.9,14635.9,12226.9,2409.0,0.2,Surplus,3353,2976,3860,ESTIMATED_ MODEL
207,C018,Green Chilli,Vegetabl e,Tamil Nadu,2019,3,Mar,2019-03,12956.4,14175.4,12226.9,1948.4,0.16,Surplus,3384,2744,4152,ESTIMATED_ MODEL
208,C018,Green Chilli,Vegetabl e,Tamil Nadu,2019,4,Apr,2019-04,12646.1,13867.6,12226.9,1640.7,0.13,Surplus,3255,2733,3970,ESTIMATED_ MODEL
209,C018,Green Chilli,Vegetabl e,Tamil Nadu,2019,5,May,2019-05,13684.7,14897.6,12226.9,2670.6,0.22,Surplus,3217,2647,3887,ESTIMATED_ MODEL
210,C018,Green Chilli,Vegetabl e,Tamil Nadu,2019,6,Jun,2019-06,13408.8,14623.9,12226.9,2397.0,0.2,Surplus,3344,2890,4027,ESTIMATED_ MODEL
211,C018,Green Chilli,Vegetabl e,Tamil Nadu,2019,7,Jul,2019-07,13271.4,14487.7,12226.9,2260.8,0.18,Surplus,3314,2734,3817,ESTIMATED_ MODEL
212,C018,Green Chilli,Vegetabl e,Tamil Nadu,2019,8,Aug,2019-08,13843.1,15054.7,12226.9,2827.7,0.23,Surplus,3217,2865,3820,ESTIMATED_ MODEL
213,C018,Green Chilli,Vegetabl e,Tamil Nadu,2019,9,Sep,2019-09,13676.1,14889.0,12226.9,2662.1,0.22,Surplus,3268,2766,4060,ESTIMATED_ MODEL
214,C018,Green Chilli,Vegetabl e,Tamil Nadu,2019,10,Oct,2019-10,12665.8,13887.2,12226.9,1660.2,0.14,Surplus,3260,2799,3833,ESTIMATED_ MODEL
215,C018,Green Chilli,Vegetabl e,Tamil Nadu,2019,11,Nov,2019-11,12919.7,14138.9,12226.9,1912.0,0.16,Surplus,3342,2680,4114,ESTIMATED_ MODEL
216,C018,Green Chilli,Vegetabl e,Tamil Nadu,2019,12,Dec,2019-12,12819.4,14039.4,12226.9,1812.5,0.15,Surplus,3412,2922,4110,ESTIMATED_ MODEL
217,C019,French Beans,Vegetabl e,Tamil Nadu,2019,1,Jan,2019-01,7999.3,8361.9,7219.8,1142.1,0.16,Surplus,3648,3254,4488,ESTIMATED_ MODEL
218,C019,French Beans,Vegetabl e,Tamil Nadu,2019,2,Feb,2019-02,7479.8,7844.5,7219.8,624.7,0.09,Balance d,3779,3247,4383,ESTIMATED_ MODEL
219,C019,French Beans,Vegetabl e,Tamil Nadu,2019,3,Mar,2019-03,7876.7,8239.8,7219.8,1019.9,0.14,Surplus,3641,3035,4444,ESTIMATED_ MODEL
220,C019,French Beans,Vegetabl e,Tamil Nadu,2019,4,Apr,2019-04,7905.2,8268.1,7219.8,1048.3,0.15,Surplus,3628,3023,4207,ESTIMATED_ MODEL
221,C019,French Beans,Vegetabl e,Tamil Nadu,2019,5,May,2019-05,7734.1,8097.8,7219.8,878.0,0.12,Surplus,3763,3357,4335,ESTIMATED_ MODEL
222,C019,French Beans,Vegetabl e,Tamil Nadu,2019,6,Jun,2019-06,8026.7,8389.1,7219.8,1169.3,0.16,Surplus,3696,3230,4317,ESTIMATED_ MODEL
223,C019,French Beans,Vegetabl e,Tamil Nadu,2019,7,Jul,2019-07,8212.0,8573.8,7219.8,1353.9,0.19,Surplus,3654,3088,4096,ESTIMATED_ MODEL
224,C019,French Beans,Vegetabl e,Tamil Nadu,2019,8,Aug,2019-08,8203.8,8565.5,7219.8,1345.7,0.19,Surplus,3643,3096,4237,ESTIMATED_ MODEL
225,C019,French Beans,Vegetabl e,Tamil Nadu,2019,9,Sep,2019-09,7759.2,8122.8,7219.8,902.9,0.13,Surplus,3848,3218,4568,ESTIMATED_ MODEL
226,C019,French Beans,Vegetabl e,Tamil Nadu,2019,10,Oct,2019-10,7443.0,7807.9,7219.8,588.1,0.08,Balance d,3808,3051,4568,ESTIMATED_ MODEL
227,C019,French Beans,Vegetabl e,Tamil Nadu,2019,11,Nov,2019-11,8259.3,8620.8,7219.8,1401.0,0.19,Surplus,3639,3261,4084,ESTIMATED_ MODEL
228,C019,French Beans,Vegetabl e,Tamil Nadu,2019,12,Dec,2019-12,8122.6,8484.7,7219.8,1264.9,0.18,Surplus,3704,2995,4629,ESTIMATED_ MODEL
229,C020,Cluster Beans,Vegetabl e,Tamil Nadu,2019,1,Jan,2019-01,5055.6,5281.5,4623.5,658.0,0.14,Surplus,3317,2828,3869,ESTIMATED_ MODEL
230,C020,Cluster Beans,Vegetabl e,Tamil Nadu,2019,2,Feb,2019-02,4738.7,4965.9,4623.5,342.5,0.07,Balance d,3341,2860,3753,ESTIMATED_ MODEL
231,C020,Cluster Beans,Vegetabl e,Tamil Nadu,2019,3,Mar,2019-03,5148.3,5373.8,4623.5,750.3,0.16,Surplus,3252,2882,4039,ESTIMATED_ MODEL
232,C020,Cluster Beans,Vegetabl e,Tamil Nadu,2019,4,Apr,2019-04,4824.4,5051.2,4623.5,427.8,0.09,Balance d,3326,2751,3981,ESTIMATED_ MODEL
233,C020,Cluster Beans,Vegetabl e,Tamil Nadu,2019,5,May,2019-05,5237.1,5462.3,4623.5,838.8,0.18,Surplus,3288,2639,3694,ESTIMATED_ MODEL
234,C020,Cluster Beans,Vegetabl e,Tamil Nadu,2019,6,Jun,2019-06,4821.5,5048.4,4623.5,424.9,0.09,Balance d,3397,2941,3750,ESTIMATED_ MODEL
235,C020,Cluster Beans,Vegetabl e,Tamil Nadu,2019,7,Jul,2019-07,4812.8,5039.8,4623.5,416.3,0.09,Balance d,3297,2714,3959,ESTIMATED_ MODEL
236,C020,Cluster Beans,Vegetabl e,Tamil Nadu,2019,8,Aug,2019-08,4720.4,4947.7,4623.5,324.2,0.07,Balance d,3266,2647,3984,ESTIMATED_ MODEL
237,C020,Cluster Beans,Vegetabl e,Tamil Nadu,2019,9,Sep,2019-09,4981.6,5207.8,4623.5,584.4,0.13,Surplus,3269,2829,3713,ESTIMATED_ MODEL
238,C020,Cluster Beans,Vegetabl e,Tamil Nadu,2019,10,Oct,2019-10,5037.2,5263.3,4623.5,639.8,0.14,Surplus,3247,2677,3924,ESTIMATED_ MODEL
239,C020,Cluster Beans,Vegetabl e,Tamil Nadu,2019,11,Nov,2019-11,4737.9,4965.1,4623.5,341.6,0.07,Balance d,3434,3033,3983,ESTIMATED_ MODEL
240,C020,Cluster Beans,Vegetabl e,Tamil Nadu,2019,12,Dec,2019-12,5163.6,5389.1,4623.5,765.6,0.17,Surplus,3349,2748,3832,ESTIMATED_ MODEL
241,C021,Cucumber,Vegetabl e,Tamil Nadu,2019,1,Jan,2019-01,6641.9,6960.6,6525.1,435.5,0.07,Balance d,1692,1399,2019,ESTIMATED_ MODEL
242,C021,Cucumber,Vegetabl e,Tamil Nadu,2019,2,Feb,2019-02,6703.3,7021.7,6525.1,496.7,0.08,Balance d,1671,1429,1947,ESTIMATED_ MODEL
243,C021,Cucumber,Vegetabl e,Tamil Nadu,2019,3,Mar,2019-03,6806.8,7124.9,6525.1,599.8,0.09,Balance d,1655,1481,2010,ESTIMATED_ MODEL
244,C021,Cucumber,Vegetabl e,Tamil Nadu,2019,4,Apr,2019-04,6653.3,6972.0,7830.1,-858.1,-0.11,Shortag e,1691,1499,1984,ESTIMATED_ MODEL
245,C021,Cucumber,Vegetabl e,Tamil Nadu,2019,5,May,2019-05,6784.5,7102.6,7830.1,-727.5,-0.09,Balance d,1763,1552,2052,ESTIMATED_ MODEL
246,C021,Cucumber,Vegetabl e,Tamil Nadu,2019,6,Jun,2019-06,7124.4,7441.1,6525.1,916.1,0.14,Surplus,1615,1335,1908,ESTIMATED_ MODEL
247,C021,Cucumber,Vegetabl e,Tamil Nadu,2019,7,Jul,2019-07,6987.6,7304.9,6525.1,779.8,0.12,Surplus,1683,1389,1886,ESTIMATED_ MODEL
248,C021,Cucumber,Vegetabl e,Tamil Nadu,2019,8,Aug,2019-08,7386.5,7702.1,6525.1,1177.1,0.18,Surplus,1688,1516,1990,ESTIMATED_ MODEL
249,C021,Cucumber,Vegetabl e,Tamil Nadu,2019,9,Sep,2019-09,7322.8,7638.7,6525.1,1113.7,0.17,Surplus,1622,1342,1789,ESTIMATED_ MODEL
250,C021,Cucumber,Vegetabl e,Tamil Nadu,2019,10,Oct,2019-10,6920.2,7237.8,6525.1,712.7,0.11,Surplus,1714,1391,2034,ESTIMATED_ MODEL
251,C021,Cucumber,Vegetabl e,Tamil Nadu,2019,11,Nov,2019-11,6850.5,7168.3,6525.1,643.3,0.1,Balance d,1651,1412,1978,ESTIMATED_ MODEL
252,C021,Cucumber,Vegetabl e,Tamil Nadu,2019,12,Dec,2019-12,6952.3,7269.7,6525.1,744.6,0.11,Surplus,1704,1398,1877,ESTIMATED_ MODEL
253,C022,Bitter Gourd,Vegetabl e,Tamil Nadu,2019,1,Jan,2019-01,6446.3,6727.8,5689.7,1038.1,0.18,Surplus,2936,2373,3495,ESTIMATED_ MODEL
254,C022,Bitter Gourd,Vegetabl e,Tamil Nadu,2019,2,Feb,2019-02,6427.0,6708.6,5689.7,1018.9,0.18,Surplus,2849,2390,3257,ESTIMATED_ MODEL
255,C022,Bitter Gourd,Vegetabl e,Tamil Nadu,2019,3,Mar,2019-03,6223.0,6505.4,5689.7,815.7,0.14,Surplus,2885,2515,3302,ESTIMATED_ MODEL
256,C022,Bitter Gourd,Vegetabl e,Tamil Nadu,2019,4,Apr,2019-04,6225.3,6507.7,5689.7,817.9,0.14,Surplus,2922,2477,3505,ESTIMATED_ MODEL
257,C022,Bitter Gourd,Vegetabl e,Tamil Nadu,2019,5,May,2019-05,6272.9,6555.1,5689.7,865.4,0.15,Surplus,2985,2606,3379,ESTIMATED_ MODEL
258,C022,Bitter Gourd,Vegetabl e,Tamil Nadu,2019,6,Jun,2019-06,5911.4,6195.2,5689.7,505.4,0.09,Balance d,2851,2356,3391,ESTIMATED_ MODEL
259,C022,Bitter Gourd,Vegetabl e,Tamil Nadu,2019,7,Jul,2019-07,6456.9,6738.4,5689.7,1048.7,0.18,Surplus,2812,2389,3345,ESTIMATED_ MODEL
260,C022,Bitter Gourd,Vegetabl e,Tamil Nadu,2019,8,Aug,2019-08,6091.1,6374.1,5689.7,684.3,0.12,Surplus,2891,2536,3227,ESTIMATED_ MODEL
261,C022,Bitter Gourd,Vegetabl e,Tamil Nadu,2019,9,Sep,2019-09,6064.8,6347.9,5689.7,658.2,0.12,Surplus,2847,2485,3343,ESTIMATED_ MODEL
262,C022,Bitter Gourd,Vegetabl e,Tamil Nadu,2019,10,Oct,2019-10,6165.0,6447.7,5689.7,758.0,0.13,Surplus,2949,2487,3353,ESTIMATED_ MODEL
263,C022,Bitter Gourd,Vegetabl e,Tamil Nadu,2019,11,Nov,2019-11,5816.7,6100.8,5689.7,411.1,0.07,Balance d,2999,2639,3612,ESTIMATED_ MODEL
264,C022,Bitter Gourd,Vegetabl e,Tamil Nadu,2019,12,Dec,2019-12,5904.7,6188.5,5689.7,498.8,0.09,Balance d,2895,2487,3341,ESTIMATED_ MODEL
265,C023,Bottle Gourd,Vegetabl e,Tamil Nadu,2019,1,Jan,2019-01,23216.8,24245.4,20451.4,3793.9,0.19,Surplus,1464,1243,1659,ESTIMATED_ MODEL
266,C023,Bottle Gourd,Vegetabl e,Tamil Nadu,2019,2,Feb,2019-02,21146.1,22183.2,20451.4,1731.8,0.08,Balance d,1555,1391,1720,ESTIMATED_ MODEL
267,C023,Bottle Gourd,Vegetabl e,Tamil Nadu,2019,3,Mar,2019-03,23304.2,24332.4,20451.4,3880.9,0.19,Surplus,1505,1343,1696,ESTIMATED_ MODEL
268,C023,Bottle Gourd,Vegetabl e,Tamil Nadu,2019,4,Apr,2019-04,21966.4,23000.1,20451.4,2548.7,0.12,Surplus,1507,1344,1666,ESTIMATED_ MODEL
269,C023,Bottle Gourd,Vegetabl e,Tamil Nadu,2019,5,May,2019-05,21274.2,22310.9,20451.4,1859.5,0.09,Balance d,1527,1267,1891,ESTIMATED_ MODEL
270,C023,Bottle Gourd,Vegetabl e,Tamil Nadu,2019,6,Jun,2019-06,22220.8,23253.5,20451.4,2802.1,0.14,Surplus,1541,1379,1805,ESTIMATED_ MODEL
271,C023,Bottle Gourd,Vegetabl e,Tamil Nadu,2019,7,Jul,2019-07,23099.1,24128.1,20451.4,3676.7,0.18,Surplus,1521,1346,1747,ESTIMATED_ MODEL
272,C023,Bottle Gourd,Vegetabl e,Tamil Nadu,2019,8,Aug,2019-08,22725.8,23756.3,20451.4,3304.9,0.16,Surplus,1523,1224,1811,ESTIMATED_ MODEL
273,C023,Bottle Gourd,Vegetabl e,Tamil Nadu,2019,9,Sep,2019-09,22923.0,23952.7,20451.4,3501.3,0.17,Surplus,1465,1190,1629,ESTIMATED_ MODEL
274,C023,Bottle Gourd,Vegetabl e,Tamil Nadu,2019,10,Oct,2019-10,22530.9,23562.3,20451.4,3110.9,0.15,Surplus,1513,1261,1828,ESTIMATED_ MODEL
275,C023,Bottle Gourd,Vegetabl e,Tamil Nadu,2019,11,Nov,2019-11,22619.8,23650.8,20451.4,3199.4,0.16,Surplus,1454,1209,1717,ESTIMATED_ MODEL
276,C023,Bottle Gourd,Vegetabl e,Tamil Nadu,2019,12,Dec,2019-12,23036.1,24065.4,20451.4,3614.0,0.18,Surplus,1516,1261,1810,ESTIMATED_ MODEL
277,C024,Ridge Gourd,Vegetabl e,Tamil Nadu,2019,1,Jan,2019-01,7960.0,8323.4,7262.0,1061.4,0.15,Surplus,2479,2102,2960,ESTIMATED_ MODEL
278,C024,Ridge Gourd,Vegetabl e,Tamil Nadu,2019,2,Feb,2019-02,7599.3,7964.2,7262.0,702.1,0.1,Balance d,2570,2309,3123,ESTIMATED_ MODEL
279,C024,Ridge Gourd,Vegetabl e,Tamil Nadu,2019,3,Mar,2019-03,7402.8,7768.5,7262.0,506.5,0.07,Balance d,2510,2114,3039,ESTIMATED_ MODEL
280,C024,Ridge Gourd,Vegetabl e,Tamil Nadu,2019,4,Apr,2019-04,8199.5,8561.9,7262.0,1299.9,0.18,Surplus,2441,1980,2815,ESTIMATED_ MODEL
281,C024,Ridge Gourd,Vegetabl e,Tamil Nadu,2019,5,May,2019-05,7399.8,7765.6,7262.0,503.5,0.07,Balance d,2490,2066,2827,ESTIMATED_ MODEL
282,C024,Ridge Gourd,Vegetabl e,Tamil Nadu,2019,6,Jun,2019-06,8203.9,8566.2,7262.0,1304.2,0.18,Surplus,2411,1933,3009,ESTIMATED_ MODEL
283,C024,Ridge Gourd,Vegetabl e,Tamil Nadu,2019,7,Jul,2019-07,7878.1,8241.9,7262.0,979.8,0.13,Surplus,2487,2085,2989,ESTIMATED_ MODEL
284,C024,Ridge Gourd,Vegetabl e,Tamil Nadu,2019,8,Aug,2019-08,8264.5,8626.6,7262.0,1364.6,0.19,Surplus,2435,2179,2965,ESTIMATED_ MODEL
285,C024,Ridge Gourd,Vegetabl e,Tamil Nadu,2019,9,Sep,2019-09,8132.3,8495.0,7262.0,1233.0,0.17,Surplus,2422,2038,2983,ESTIMATED_ MODEL
286,C024,Ridge Gourd,Vegetabl e,Tamil Nadu,2019,10,Oct,2019-10,8320.0,8681.9,7262.0,1419.8,0.2,Surplus,2543,2153,3031,ESTIMATED_ MODEL
287,C024,Ridge Gourd,Vegetabl e,Tamil Nadu,2019,11,Nov,2019-11,7710.2,8074.6,7262.0,812.6,0.11,Surplus,2456,2208,2787,ESTIMATED_ MODEL
288,C024,Ridge Gourd,Vegetabl e,Tamil Nadu,2019,12,Dec,2019-12,8102.6,8465.4,7262.0,1203.3,0.17,Surplus,2554,2209,3042,ESTIMATED_ MODEL
289,C025,Ash Gourd,Vegetabl e,Tamil Nadu,2019,1,Jan,2019-01,5795.0,6469.2,4616.2,1853.0,0.4,Surplus,1236,1010,1433,ESTIMATED_ MODEL
290,C025,Ash Gourd,Vegetabl e,Tamil Nadu,2019,2,Feb,2019-02,5756.1,6430.8,4616.2,1814.6,0.39,Surplus,1219,1060,1369,ESTIMATED_ MODEL
291,C025,Ash Gourd,Vegetabl e,Tamil Nadu,2019,3,Mar,2019-03,5787.7,6462.0,4616.2,1845.8,0.4,Surplus,1222,1005,1386,ESTIMATED_ MODEL
292,C025,Ash Gourd,Vegetabl e,Tamil Nadu,2019,4,Apr,2019-04,5763.2,6437.8,4616.2,1821.6,0.39,Surplus,1202,1033,1427,ESTIMATED_ MODEL
293,C025,Ash Gourd,Vegetabl e,Tamil Nadu,2019,5,May,2019-05,0.0,746.6,4616.2,-3869.6,-0.84,Shortag e,1404,1246,1600,ESTIMATED_ MODEL
294,C025,Ash Gourd,Vegetabl e,Tamil Nadu,2019,6,Jun,2019-06,0.0,746.6,4616.2,-3869.6,-0.84,Shortag e,1406,1250,1749,ESTIMATED_ MODEL
295,C025,Ash Gourd,Vegetabl e,Tamil Nadu,2019,7,Jul,2019-07,6189.5,6858.7,4616.2,2242.5,0.49,Surplus,1209,1065,1449,ESTIMATED_ MODEL
296,C025,Ash Gourd,Vegetabl e,Tamil Nadu,2019,8,Aug,2019-08,5880.9,6554.0,4616.2,1937.8,0.42,Surplus,1198,969,1391,ESTIMATED_ MODEL
297,C025,Ash Gourd,Vegetabl e,Tamil Nadu,2019,9,Sep,2019-09,5670.8,6346.6,4616.2,1730.4,0.37,Surplus,1193,985,1442,ESTIMATED_ MODEL
298,C025,Ash Gourd,Vegetabl e,Tamil Nadu,2019,10,Oct,2019-10,6325.7,6993.2,6001.1,992.2,0.17,Surplus,1243,1004,1408,ESTIMATED_ MODEL
299,C025,Ash Gourd,Vegetabl e,Tamil Nadu,2019,11,Nov,2019-11,6264.4,6932.7,4616.2,2316.5,0.5,Surplus,1193,963,1464,ESTIMATED_ MODEL
300,C025,Ash Gourd,Vegetabl e,Tamil Nadu,2019,12,Dec,2019-12,6296.0,6963.9,4616.2,2347.7,0.51,Surplus,1177,998,1399,ESTIMATED_ MODEL
301,C026,Pumpkin,Vegetabl e,Tamil Nadu,2019,1,Jan,2019-01,11674.1,13909.0,10999.4,2909.6,0.26,Surplus,1238,1067,1501,ESTIMATED_ MODEL
302,C026,Pumpkin,Vegetabl e,Tamil Nadu,2019,2,Feb,2019-02,12145.2,14372.3,10999.4,3372.9,0.31,Surplus,1190,1057,1464,ESTIMATED_ MODEL
303,C026,Pumpkin,Vegetabl e,Tamil Nadu,2019,3,Mar,2019-03,11985.0,14214.7,10999.4,3215.4,0.29,Surplus,1183,1044,1324,ESTIMATED_ MODEL
304,C026,Pumpkin,Vegetabl e,Tamil Nadu,2019,4,Apr,2019-04,11558.8,13795.6,10999.4,2796.2,0.25,Surplus,1213,1061,1364,ESTIMATED_ MODEL
305,C026,Pumpkin,Vegetabl e,Tamil Nadu,2019,5,May,2019-05,12431.5,14653.8,10999.4,3654.4,0.33,Surplus,1235,1091,1453,ESTIMATED_ MODEL
306,C026,Pumpkin,Vegetabl e,Tamil Nadu,2019,6,Jun,2019-06,12315.6,14539.8,10999.4,3540.5,0.32,Surplus,1175,974,1402,ESTIMATED_ MODEL
307,C026,Pumpkin,Vegetabl e,Tamil Nadu,2019,7,Jul,2019-07,12117.3,14344.8,10999.4,3345.5,0.3,Surplus,1253,1082,1427,ESTIMATED_ MODEL
308,C026,Pumpkin,Vegetabl e,Tamil Nadu,2019,8,Aug,2019-08,12391.5,14614.4,10999.4,3615.0,0.33,Surplus,1222,1043,1487,ESTIMATED_ MODEL
309,C026,Pumpkin,Vegetabl e,Tamil Nadu,2019,9,Sep,2019-09,12415.3,14637.9,10999.4,3638.5,0.33,Surplus,1181,1035,1395,ESTIMATED_ MODEL
310,C026,Pumpkin,Vegetabl e,Tamil Nadu,2019,10,Oct,2019-10,12188.5,14414.9,13199.3,1215.6,0.09,Balance d,1292,1078,1544,ESTIMATED_ MODEL
311,C026,Pumpkin,Vegetabl e,Tamil Nadu,2019,11,Nov,2019-11,12372.1,14595.4,10999.4,3596.0,0.33,Surplus,1245,1009,1545,ESTIMATED_ MODEL
312,C026,Pumpkin,Vegetabl e,Tamil Nadu,2019,12,Dec,2019-12,12173.0,14399.6,10999.4,3400.2,0.31,Surplus,1230,992,1408,ESTIMATED_ MODEL
313,C027,Cabbage,Vegetabl e,Tamil Nadu,2019,1,Jan,2019-01,15308.0,16797.3,11948.2,4849.0,0.41,Surplus,1160,966,1361,ESTIMATED_ MODEL
314,C027,Cabbage,Vegetabl e,Tamil Nadu,2019,2,Feb,2019-02,16305.4,17786.4,11948.2,5838.2,0.49,Surplus,1202,1043,1402,ESTIMATED_ MODEL
315,C027,Cabbage,Vegetabl e,Tamil Nadu,2019,3,Mar,2019-03,15847.6,17332.4,11948.2,5384.2,0.45,Surplus,1171,1054,1363,ESTIMATED_ MODEL
316,C027,Cabbage,Vegetabl e,Tamil Nadu,2019,4,Apr,2019-04,16380.5,17860.9,11948.2,5912.7,0.49,Surplus,1176,960,1434,ESTIMATED_ MODEL
317,C027,Cabbage,Vegetabl e,Tamil Nadu,2019,5,May,2019-05,15266.1,16755.7,11948.2,4807.5,0.4,Surplus,1212,997,1349,ESTIMATED_ MODEL
318,C027,Cabbage,Vegetabl e,Tamil Nadu,2019,6,Jun,2019-06,16866.1,18342.4,11948.2,6394.2,0.54,Surplus,1186,1026,1353,ESTIMATED_ MODEL
319,C027,Cabbage,Vegetabl e,Tamil Nadu,2019,7,Jul,2019-07,17063.6,18538.3,11948.2,6590.1,0.55,Surplus,1204,981,1402,ESTIMATED_ MODEL
320,C027,Cabbage,Vegetabl e,Tamil Nadu,2019,8,Aug,2019-08,17054.7,18529.4,11948.2,6581.2,0.55,Surplus,1203,1013,1439,ESTIMATED_ MODEL
321,C027,Cabbage,Vegetabl e,Tamil Nadu,2019,9,Sep,2019-09,16629.9,18108.2,11948.2,6160.0,0.52,Surplus,1168,966,1457,ESTIMATED_ MODEL
322,C027,Cabbage,Vegetabl e,Tamil Nadu,2019,10,Oct,2019-10,15429.5,16917.8,11948.2,4969.6,0.42,Surplus,1188,1057,1348,ESTIMATED_ MODEL
323,C027,Cabbage,Vegetabl e,Tamil Nadu,2019,11,Nov,2019-11,16646.6,18124.8,11948.2,6176.6,0.52,Surplus,1154,926,1382,ESTIMATED_ MODEL
324,C027,Cabbage,Vegetabl e,Tamil Nadu,2019,12,Dec,2019-12,15225.1,16715.1,11948.2,4766.9,0.4,Surplus,1188,1053,1391,ESTIMATED_ MODEL
325,C028,Cauliflower,Vegetabl e,Tamil Nadu,2019,1,Jan,2019-01,4473.4,4690.3,4300.2,390.1,0.09,Balance d,1842,1495,2061,ESTIMATED_ MODEL
326,C028,Cauliflower,Vegetabl e,Tamil Nadu,2019,2,Feb,2019-02,4854.5,5069.8,4300.2,769.6,0.18,Surplus,1840,1551,2080,ESTIMATED_ MODEL
327,C028,Cauliflower,Vegetabl e,Tamil Nadu,2019,3,Mar,2019-03,4803.2,5018.7,4300.2,718.5,0.17,Surplus,1822,1469,2163,ESTIMATED_ MODEL
328,C028,Cauliflower,Vegetabl e,Tamil Nadu,2019,4,Apr,2019-04,4800.0,5015.5,4300.2,715.3,0.17,Surplus,1797,1581,2060,ESTIMATED_ MODEL
329,C028,Cauliflower,Vegetabl e,Tamil Nadu,2019,5,May,2019-05,4841.2,5056.6,4300.2,756.4,0.18,Surplus,1815,1454,2016,ESTIMATED_ MODEL
330,C028,Cauliflower,Vegetabl e,Tamil Nadu,2019,6,Jun,2019-06,4794.5,5010.0,4300.2,709.8,0.17,Surplus,1811,1536,2155,ESTIMATED_ MODEL
331,C028,Cauliflower,Vegetabl e,Tamil Nadu,2019,7,Jul,2019-07,4719.3,4935.1,4300.2,635.0,0.15,Surplus,1805,1569,2218,ESTIMATED_ MODEL
332,C028,Cauliflower,Vegetabl e,Tamil Nadu,2019,8,Aug,2019-08,4443.1,4660.2,4300.2,360.0,0.08,Balance d,1877,1509,2201,ESTIMATED_ MODEL
333,C028,Cauliflower,Vegetabl e,Tamil Nadu,2019,9,Sep,2019-09,4388.1,4605.3,4300.2,305.1,0.07,Balance d,1805,1488,2253,ESTIMATED_ MODEL
334,C028,Cauliflower,Vegetabl e,Tamil Nadu,2019,10,Oct,2019-10,4883.6,5098.8,4300.2,798.6,0.19,Surplus,1777,1510,2120,ESTIMATED_ MODEL
335,C028,Cauliflower,Vegetabl e,Tamil Nadu,2019,11,Nov,2019-11,4713.9,4929.8,4300.2,629.6,0.15,Surplus,1851,1584,2039,ESTIMATED_ MODEL
336,C028,Cauliflower,Vegetabl e,Tamil Nadu,2019,12,Dec,2019-12,4814.3,5029.8,4300.2,729.6,0.17,Surplus,1802,1535,2006,ESTIMATED_ MODEL
337,C029,Carrot,Root vegetable,Tamil Nadu,2019,1,Jan,2019-01,20107.0,23968.6,15762.1,8206.5,0.52,Surplus,2659,2376,2945,ESTIMATED_ MODEL
338,C029,Carrot,Root vegetable,Tamil Nadu,2019,2,Feb,2019-02,20223.0,24082.6,15762.1,8320.5,0.53,Surplus,2746,2392,3380,ESTIMATED_ MODEL
339,C029,Carrot,Root vegetable,Tamil Nadu,2019,3,Mar,2019-03,21036.7,24882.8,15762.1,9120.7,0.58,Surplus,2754,2424,3170,ESTIMATED_ MODEL
340,C029,Carrot,Root vegetable,Tamil Nadu,2019,4,Apr,2019-04,20361.3,24218.7,15762.1,8456.6,0.54,Surplus,2791,2255,3445,ESTIMATED_ MODEL
341,C029,Carrot,Root vegetable,Tamil Nadu,2019,5,May,2019-05,21472.8,25311.6,15762.1,9549.5,0.61,Surplus,2713,2392,3168,ESTIMATED_ MODEL
342,C029,Carrot,Root vegetable,Tamil Nadu,2019,6,Jun,2019-06,21784.4,25618.1,15762.1,9856.0,0.63,Surplus,2721,2320,3292,ESTIMATED_ MODEL
343,C029,Carrot,Root vegetable,Tamil Nadu,2019,7,Jul,2019-07,22068.4,25897.3,15762.1,10135.3,0.64,Surplus,2613,2106,2971,ESTIMATED_ MODEL
344,C029,Carrot,Root vegetable,Tamil Nadu,2019,8,Aug,2019-08,20533.7,24388.2,15762.1,8626.1,0.55,Surplus,2670,2368,3024,ESTIMATED_ MODEL
345,C029,Carrot,Root vegetable,Tamil Nadu,2019,9,Sep,2019-09,20450.2,24306.1,15762.1,8544.0,0.54,Surplus,2818,2349,3176,ESTIMATED_ MODEL
346,C029,Carrot,Root vegetable,Tamil Nadu,2019,10,Oct,2019-10,20289.4,24148.0,15762.1,8385.9,0.53,Surplus,2789,2415,3276,ESTIMATED_ MODEL
347,C029,Carrot,Root vegetable,Tamil Nadu,2019,11,Nov,2019-11,21648.8,25484.8,15762.1,9722.7,0.62,Surplus,2709,2362,3073,ESTIMATED_ MODEL
348,C029,Carrot,Root vegetable,Tamil Nadu,2019,12,Dec,2019-12,21827.9,25660.8,15762.1,9898.7,0.63,Surplus,2783,2497,3333,ESTIMATED_ MODEL
349,C030,Radish,Root vegetable,Tamil Nadu,2019,1,Jan,2019-01,8007.5,8366.0,7250.2,1115.8,0.15,Surplus,1452,1287,1723,ESTIMATED_ MODEL
350,C030,Radish,Root vegetable,Tamil Nadu,2019,2,Feb,2019-02,7435.6,7796.4,7250.2,546.3,0.08,Balance d,1507,1314,1767,ESTIMATED_ MODEL
351,C030,Radish,Root vegetable,Tamil Nadu,2019,3,Mar,2019-03,7396.6,7757.5,7250.2,507.4,0.07,Balance d,1548,1378,1800,ESTIMATED_ MODEL
352,C030,Radish,Root vegetable,Tamil Nadu,2019,4,Apr,2019-04,7610.1,7970.2,7250.2,720.0,0.1,Balance d,1486,1277,1838,ESTIMATED_ MODEL
353,C030,Radish,Root vegetable,Tamil Nadu,2019,5,May,2019-05,7802.9,8162.1,7250.2,912.0,0.13,Surplus,1474,1271,1761,ESTIMATED_ MODEL
354,C030,Radish,Root vegetable,Tamil Nadu,2019,6,Jun,2019-06,8184.4,8542.1,7250.2,1291.9,0.18,Surplus,1510,1228,1823,ESTIMATED_ MODEL
355,C030,Radish,Root vegetable,Tamil Nadu,2019,7,Jul,2019-07,8051.7,8409.9,7250.2,1159.8,0.16,Surplus,1530,1252,1738,ESTIMATED_ MODEL
356,C030,Radish,Root vegetable,Tamil Nadu,2019,8,Aug,2019-08,8066.3,8424.5,7250.2,1174.3,0.16,Surplus,1536,1256,1886,ESTIMATED_ MODEL
357,C030,Radish,Root vegetable,Tamil Nadu,2019,9,Sep,2019-09,7767.9,8127.4,7250.2,877.2,0.12,Surplus,1501,1238,1847,ESTIMATED_ MODEL
358,C030,Radish,Root vegetable,Tamil Nadu,2019,10,Oct,2019-10,7693.1,8052.8,7250.2,802.7,0.11,Surplus,1499,1276,1730,ESTIMATED_ MODEL
359,C030,Radish,Root vegetable,Tamil Nadu,2019,11,Nov,2019-11,7716.7,8076.4,7250.2,826.2,0.11,Surplus,1512,1234,1752,ESTIMATED_ MODEL
360,C030,Radish,Root vegetable,Tamil Nadu,2019,12,Dec,2019-12,8296.7,8653.9,7250.2,1403.7,0.19,Surplus,1528,1262,1832,ESTIMATED_ MODEL
361,C031,Beetroot,Root vegetable,Tamil Nadu,2019,1,Jan,2019-01,5299.5,5996.5,4746.3,1250.3,0.26,Surplus,2467,2148,2775,ESTIMATED_ MODEL
362,C031,Beetroot,Root vegetable,Tamil Nadu,2019,2,Feb,2019-02,4903.8,5605.8,4746.3,859.5,0.18,Surplus,2429,1952,2941,ESTIMATED_ MODEL
363,C031,Beetroot,Root vegetable,Tamil Nadu,2019,3,Mar,2019-03,5420.4,6115.9,4746.3,1369.7,0.29,Surplus,2464,2088,3023,ESTIMATED_ MODEL
364,C031,Beetroot,Root vegetable,Tamil Nadu,2019,4,Apr,2019-04,5102.7,5802.2,4746.3,1055.9,0.22,Surplus,2511,2156,3089,ESTIMATED_ MODEL
365,C031,Beetroot,Root vegetable,Tamil Nadu,2019,5,May,2019-05,4968.6,5669.8,4746.3,923.5,0.19,Surplus,2430,1971,2771,ESTIMATED_ MODEL
366,C031,Beetroot,Root vegetable,Tamil Nadu,2019,6,Jun,2019-06,4868.5,5570.9,4746.3,824.7,0.17,Surplus,2415,2060,2996,ESTIMATED_ MODEL
367,C031,Beetroot,Root vegetable,Tamil Nadu,2019,7,Jul,2019-07,4927.8,5629.5,4746.3,883.2,0.19,Surplus,2408,1956,2812,ESTIMATED_ MODEL
368,C031,Beetroot,Root vegetable,Tamil Nadu,2019,8,Aug,2019-08,5143.3,5842.3,4746.3,1096.0,0.23,Surplus,2528,2102,2973,ESTIMATED_ MODEL
369,C031,Beetroot,Root vegetable,Tamil Nadu,2019,9,Sep,2019-09,5030.7,5731.2,4746.3,984.9,0.21,Surplus,2400,1956,2995,ESTIMATED_ MODEL
370,C031,Beetroot,Root vegetable,Tamil Nadu,2019,10,Oct,2019-10,5333.6,6030.2,4746.3,1284.0,0.27,Surplus,2517,2015,3128,ESTIMATED_ MODEL
371,C031,Beetroot,Root vegetable,Tamil Nadu,2019,11,Nov,2019-11,5088.6,5788.2,4746.3,1042.0,0.22,Surplus,2487,2205,2905,ESTIMATED_ MODEL
372,C031,Beetroot,Root vegetable,Tamil Nadu,2019,12,Dec,2019-12,4976.4,5677.5,4746.3,931.2,0.2,Surplus,2477,2102,2972,ESTIMATED_ MODEL
373,C032,Onion,Bulb vegetable,Tamil Nadu,2019,1,Jan,2019-01,79568.0,117734.6,97499.8,20234.8,0.21,Surplus,2421,2104,2967,ESTIMATED_ MODEL
374,C032,Onion,Bulb vegetable,Tamil Nadu,2019,2,Feb,2019-02,82380.6,120406.6,97499.8,22906.8,0.23,Surplus,2528,2195,2969,ESTIMATED_ MODEL
375,C032,Onion,Bulb vegetable,Tamil Nadu,2019,3,Mar,2019-03,86395.3,124220.5,97499.8,26720.7,0.27,Surplus,2463,2184,2920,ESTIMATED_ MODEL
376,C032,Onion,Bulb vegetable,Tamil Nadu,2019,4,Apr,2019-04,81307.3,119386.9,97499.8,21887.0,0.22,Surplus,2392,2136,2878,ESTIMATED_ MODEL
377,C032,Onion,Bulb vegetable,Tamil Nadu,2019,5,May,2019-05,86079.1,123920.2,97499.8,26420.3,0.27,Surplus,2473,2032,2965,ESTIMATED_ MODEL
378,C032,Onion,Bulb vegetable,Tamil Nadu,2019,6,Jun,2019-06,0.0,42145.0,97499.8,-55354.9,-0.57,Shortag e,2750,2379,3069,ESTIMATED_ MODEL
379,C032,Onion,Bulb vegetable,Tamil Nadu,2019,7,Jul,2019-07,0.0,42145.0,97499.8,-55354.9,-0.57,Shortag e,2791,2512,3090,ESTIMATED_ MODEL
380,C032,Onion,Bulb vegetable,Tamil Nadu,2019,8,Aug,2019-08,89079.2,126770.2,97499.8,29270.4,0.3,Surplus,2508,2108,3086,ESTIMATED_ MODEL
381,C032,Onion,Bulb vegetable,Tamil Nadu,2019,9,Sep,2019-09,80214.9,118349.1,97499.8,20849.3,0.21,Surplus,2511,2151,3040,ESTIMATED_ MODEL
382,C032,Onion,Bulb vegetable,Tamil Nadu,2019,10,Oct,2019-10,86070.7,123912.2,112124.8,11787.4,0.11,Surplus,2567,2157,2950,ESTIMATED_ MODEL
383,C032,Onion,Bulb vegetable,Tamil Nadu,2019,11,Nov,2019-11,83755.0,121712.2,97499.8,24212.4,0.25,Surplus,2480,2184,3012,ESTIMATED_ MODEL
384,C032,Onion,Bulb vegetable,Tamil Nadu,2019,12,Dec,2019-12,88049.4,125791.9,97499.8,28292.1,0.29,Surplus,2484,2095,3037,ESTIMATED_ MODEL
385,C033,Potato,Tuber crop,Tamil Nadu,2019,1,Jan,2019-01,15348.8,20351.2,42366.8,-22015.7,-0.52,Shortag e,2274,1871,2526,ESTIMATED_ MODEL
386,C033,Potato,Tuber crop,Tamil Nadu,2019,2,Feb,2019-02,14361.8,19405.3,42366.8,-22961.5,-0.54,Shortag e,2310,2003,2756,ESTIMATED_ MODEL
387,C033,Potato,Tuber crop,Tamil Nadu,2019,3,Mar,2019-03,14946.0,19965.1,42366.8,-22401.8,-0.53,Shortag e,2288,1918,2814,ESTIMATED_ MODEL
388,C033,Potato,Tuber crop,Tamil Nadu,2019,4,Apr,2019-04,15022.7,20038.6,42366.8,-22328.2,-0.53,Shortag e,2295,1946,2533,ESTIMATED_ MODEL
389,C033,Potato,Tuber crop,Tamil Nadu,2019,5,May,2019-05,15077.1,20090.8,42366.8,-22276.1,-0.53,Shortag e,2272,1904,2635,ESTIMATED_ MODEL
390,C033,Potato,Tuber crop,Tamil Nadu,2019,6,Jun,2019-06,15625.4,20616.2,42366.8,-21750.6,-0.51,Shortag e,2298,1961,2738,ESTIMATED_ MODEL
391,C033,Potato,Tuber crop,Tamil Nadu,2019,7,Jul,2019-07,0.0,5641.9,42366.8,-36725.0,-0.87,Shortag e,2435,2146,2940,ESTIMATED_ MODEL
392,C033,Potato,Tuber crop,Tamil Nadu,2019,8,Aug,2019-08,0.0,5641.9,42366.8,-36725.0,-0.87,Shortag e,2459,1971,2777,ESTIMATED_ MODEL
393,C033,Potato,Tuber crop,Tamil Nadu,2019,9,Sep,2019-09,15063.2,20077.4,42366.8,-22289.4,-0.53,Shortag e,2229,1928,2753,ESTIMATED_ MODEL
394,C033,Potato,Tuber crop,Tamil Nadu,2019,10,Oct,2019-10,15173.3,20183.0,42366.8,-22183.9,-0.52,Shortag e,2259,2016,2505,ESTIMATED_ MODEL
395,C033,Potato,Tuber crop,Tamil Nadu,2019,11,Nov,2019-11,14786.5,19812.2,42366.8,-22554.6,-0.53,Shortag e,2350,1962,2620,ESTIMATED_ MODEL
396,C033,Potato,Tuber crop,Tamil Nadu,2019,12,Dec,2019-12,0.0,5641.9,42366.8,-36725.0,-0.87,Shortag e,2399,1981,2741,ESTIMATED_ MODEL
397,C034,Sweet Potato,Tuber crop,Tamil Nadu,2019,1,Jan,2019-01,7997.4,9335.9,5234.6,4101.4,0.78,Surplus,2201,1911,2481,ESTIMATED_ MODEL
398,C034,Sweet Potato,Tuber crop,Tamil Nadu,2019,2,Feb,2019-02,7753.1,9097.7,4758.7,4339.0,0.91,Surplus,2205,1920,2460,ESTIMATED_ MODEL
399,C034,Sweet Potato,Tuber crop,Tamil Nadu,2019,3,Mar,2019-03,7542.1,8892.0,4758.7,4133.3,0.87,Surplus,2228,1839,2772,ESTIMATED_ MODEL
400,C034,Sweet Potato,Tuber crop,Tamil Nadu,2019,4,Apr,2019-04,7819.0,9161.9,4758.7,4403.3,0.93,Surplus,2193,1931,2593,ESTIMATED_ MODEL
401,C034,Sweet Potato,Tuber crop,Tamil Nadu,2019,5,May,2019-05,0.0,1538.5,4758.7,-3220.2,-0.68,Shortag e,2738,2364,3403,ESTIMATED_ MODEL
402,C034,Sweet Potato,Tuber crop,Tamil Nadu,2019,6,Jun,2019-06,0.0,1538.5,4758.7,-3220.2,-0.68,Shortag e,2824,2490,3481,ESTIMATED_ MODEL
403,C034,Sweet Potato,Tuber crop,Tamil Nadu,2019,7,Jul,2019-07,0.0,1538.5,4758.7,-3220.2,-0.68,Shortag e,2767,2272,3297,ESTIMATED_ MODEL
404,C034,Sweet Potato,Tuber crop,Tamil Nadu,2019,8,Aug,2019-08,0.0,1538.5,4758.7,-3220.2,-0.68,Shortag e,2795,2470,3452,ESTIMATED_ MODEL
405,C034,Sweet Potato,Tuber crop,Tamil Nadu,2019,9,Sep,2019-09,7917.0,9257.5,4758.7,4498.8,0.95,Surplus,2165,1784,2636,ESTIMATED_ MODEL
406,C034,Sweet Potato,Tuber crop,Tamil Nadu,2019,10,Oct,2019-10,7506.2,8857.0,4758.7,4098.3,0.86,Surplus,2186,1928,2543,ESTIMATED_ MODEL
407,C034,Sweet Potato,Tuber crop,Tamil Nadu,2019,11,Nov,2019-11,7636.7,8984.3,4758.7,4225.6,0.89,Surplus,2235,1810,2668,ESTIMATED_ MODEL
408,C034,Sweet Potato,Tuber crop,Tamil Nadu,2019,12,Dec,2019-12,7366.7,8720.9,4758.7,3962.3,0.83,Surplus,2224,1909,2502,ESTIMATED_ MODEL
409,C035,Tapioca/Cassava,Tuber crop,Tamil Nadu,2019,1,Jan,2019-01,251614.4,340646.0,167275.1,173370.9,1.04,Surplus,932,838,1045,ESTIMATED_ MODEL
410,C035,Tapioca/Cassava,Tuber crop,Tamil Nadu,2019,2,Feb,2019-02,232921.4,322731.8,167275.1,155456.7,0.93,Surplus,963,810,1122,ESTIMATED_ MODEL
411,C035,Tapioca/Cassava,Tuber crop,Tamil Nadu,2019,3,Mar,2019-03,229419.6,319376.0,167275.1,152100.9,0.91,Surplus,968,842,1209,ESTIMATED_ MODEL
412,C035,Tapioca/Cassava,Tuber crop,Tamil Nadu,2019,4,Apr,2019-04,227334.2,317377.4,167275.1,150102.3,0.9,Surplus,931,755,1126,ESTIMATED_ MODEL
413,C035,Tapioca/Cassava,Tuber crop,Tamil Nadu,2019,5,May,2019-05,245225.0,334522.8,167275.1,167247.7,1.0,Surplus,944,781,1050,ESTIMATED_ MODEL
414,C035,Tapioca/Cassava,Tuber crop,Tamil Nadu,2019,6,Jun,2019-06,0.0,99515.5,167275.1,-67759.6,-0.41,Shortag e,1144,1018,1292,ESTIMATED_ MODEL
415,C035,Tapioca/Cassava,Tuber crop,Tamil Nadu,2019,7,Jul,2019-07,0.0,99515.5,167275.1,-67759.6,-0.41,Shortag e,1160,954,1338,ESTIMATED_ MODEL
416,C035,Tapioca/Cassava,Tuber crop,Tamil Nadu,2019,8,Aug,2019-08,244215.9,333555.7,167275.1,166280.6,0.99,Surplus,911,776,1012,ESTIMATED_ MODEL
417,C035,Tapioca/Cassava,Tuber crop,Tamil Nadu,2019,9,Sep,2019-09,242468.4,331881.0,167275.1,164605.9,0.98,Surplus,961,791,1135,ESTIMATED_ MODEL
418,C035,Tapioca/Cassava,Tuber crop,Tamil Nadu,2019,10,Oct,2019-10,233361.4,323153.5,167275.1,155878.4,0.93,Surplus,975,844,1151,ESTIMATED_ MODEL
419,C035,Tapioca/Cassava,Tuber crop,Tamil Nadu,2019,11,Nov,2019-11,237960.7,327561.2,167275.1,160286.1,0.96,Surplus,934,778,1121,ESTIMATED_ MODEL
420,C035,Tapioca/Cassava,Tuber crop,Tamil Nadu,2019,12,Dec,2019-12,243850.8,333205.9,167275.1,165930.8,0.99,Surplus,973,843,1152,ESTIMATED_ MODEL
421,C036,Elephant Foot Yam,Tuber crop,Tamil Nadu,2019,1,Jan,2019-01,10815.4,13965.9,6697.5,7268.4,1.09,Surplus,2418,2043,2934,ESTIMATED_ MODEL
422,C036,Elephant Foot Yam,Tuber crop,Tamil Nadu,2019,2,Feb,2019-02,10287.5,13460.0,6697.5,6762.5,1.01,Surplus,2497,2163,3044,ESTIMATED_ MODEL
423,C036,Elephant Foot Yam,Tuber crop,Tamil Nadu,2019,3,Mar,2019-03,10942.0,14087.2,6697.5,7389.7,1.1,Surplus,2558,2107,2968,ESTIMATED_ MODEL
424,C036,Elephant Foot Yam,Tuber crop,Tamil Nadu,2019,4,Apr,2019-04,11457.2,14580.9,6697.5,7883.4,1.18,Surplus,2387,2147,2958,ESTIMATED_ MODEL
425,C036,Elephant Foot Yam,Tuber crop,Tamil Nadu,2019,5,May,2019-05,0.0,3601.1,6697.5,-3096.4,-0.46,Shortag e,3188,2819,3756,ESTIMATED_ MODEL
426,C036,Elephant Foot Yam,Tuber crop,Tamil Nadu,2019,6,Jun,2019-06,0.0,3601.1,6697.5,-3096.4,-0.46,Shortag e,3203,2591,3886,ESTIMATED_ MODEL
427,C036,Elephant Foot Yam,Tuber crop,Tamil Nadu,2019,7,Jul,2019-07,0.0,3601.1,6697.5,-3096.4,-0.46,Shortag e,3114,2749,3791,ESTIMATED_ MODEL
428,C036,Elephant Foot Yam,Tuber crop,Tamil Nadu,2019,8,Aug,2019-08,0.0,3601.1,6697.5,-3096.4,-0.46,Shortag e,3218,2586,3686,ESTIMATED_ MODEL
429,C036,Elephant Foot Yam,Tuber crop,Tamil Nadu,2019,9,Sep,2019-09,10437.6,13603.8,6697.5,6906.3,1.03,Surplus,2472,2067,2752,ESTIMATED_ MODEL
430,C036,Elephant Foot Yam,Tuber crop,Tamil Nadu,2019,10,Oct,2019-10,11108.4,14246.7,6697.5,7549.2,1.13,Surplus,2549,2181,2921,ESTIMATED_ MODEL
431,C036,Elephant Foot Yam,Tuber crop,Tamil Nadu,2019,11,Nov,2019-11,10471.0,13635.8,6697.5,6938.3,1.04,Surplus,2494,2106,2968,ESTIMATED_ MODEL
432,C036,Elephant Foot Yam,Tuber crop,Tamil Nadu,2019,12,Dec,2019-12,10907.5,14054.1,6697.5,7356.6,1.1,Surplus,2487,2218,2921,ESTIMATED_ MODEL
433,C037,Watermelon,Fruit,Tamil Nadu,2019,1,Jan,2019-01,30163.6,31017.9,17848.2,13169.7,0.74,Surplus,1157,1017,1325,ESTIMATED_ MODEL
434,C037,Watermelon,Fruit,Tamil Nadu,2019,2,Feb,2019-02,27930.6,28794.2,17848.2,10946.0,0.61,Surplus,1125,945,1267,ESTIMATED_ MODEL
435,C037,Watermelon,Fruit,Tamil Nadu,2019,3,Mar,2019-03,30438.5,31291.7,17848.2,13443.5,0.75,Surplus,1145,956,1428,ESTIMATED_ MODEL
436,C037,Watermelon,Fruit,Tamil Nadu,2019,4,Apr,2019-04,27610.6,28475.5,23202.6,5272.9,0.23,Surplus,1242,1096,1391,ESTIMATED_ MODEL
437,C037,Watermelon,Fruit,Tamil Nadu,2019,5,May,2019-05,30045.6,30900.3,23202.6,7697.7,0.33,Surplus,1239,1105,1453,ESTIMATED_ MODEL
438,C037,Watermelon,Fruit,Tamil Nadu,2019,6,Jun,2019-06,28528.4,29389.5,17848.2,11541.3,0.65,Surplus,1159,1016,1305,ESTIMATED_ MODEL
439,C037,Watermelon,Fruit,Tamil Nadu,2019,7,Jul,2019-07,30255.8,31109.7,17848.2,13261.5,0.74,Surplus,1133,951,1271,ESTIMATED_ MODEL
440,C037,Watermelon,Fruit,Tamil Nadu,2019,8,Aug,2019-08,0.0,980.0,17848.2,-16868.2,-0.95,Shortag e,1445,1166,1595,ESTIMATED_ MODEL
441,C037,Watermelon,Fruit,Tamil Nadu,2019,9,Sep,2019-09,0.0,980.0,17848.2,-16868.2,-0.95,Shortag e,1427,1279,1688,ESTIMATED_ MODEL
442,C037,Watermelon,Fruit,Tamil Nadu,2019,10,Oct,2019-10,0.0,980.0,17848.2,-16868.2,-0.95,Shortag e,1491,1257,1710,ESTIMATED_ MODEL
443,C037,Watermelon,Fruit,Tamil Nadu,2019,11,Nov,2019-11,0.0,980.0,17848.2,-16868.2,-0.95,Shortag e,1456,1228,1624,ESTIMATED_ MODEL
444,C037,Watermelon,Fruit,Tamil Nadu,2019,12,Dec,2019-12,30221.3,31075.4,17848.2,13227.2,0.74,Surplus,1144,939,1364,ESTIMATED_ MODEL
445,C038,Muskmelon,Fruit,Tamil Nadu,2019,1,Jan,2019-01,7024.9,7237.3,4520.8,2716.5,0.6,Surplus,1995,1643,2237,ESTIMATED_ MODEL
446,C038,Muskmelon,Fruit,Tamil Nadu,2019,2,Feb,2019-02,6945.1,7157.8,4520.8,2637.1,0.58,Surplus,1890,1569,2108,ESTIMATED_ MODEL
447,C038,Muskmelon,Fruit,Tamil Nadu,2019,3,Mar,2019-03,7578.0,7788.1,4520.8,3267.3,0.72,Surplus,1919,1547,2257,ESTIMATED_ MODEL
448,C038,Muskmelon,Fruit,Tamil Nadu,2019,4,Apr,2019-04,7295.7,7506.9,5425.0,2082.0,0.38,Surplus,2066,1820,2463,ESTIMATED_ MODEL
449,C038,Muskmelon,Fruit,Tamil Nadu,2019,5,May,2019-05,6942.3,7155.1,5425.0,1730.1,0.32,Surplus,1998,1723,2356,ESTIMATED_ MODEL
450,C038,Muskmelon,Fruit,Tamil Nadu,2019,6,Jun,2019-06,7766.4,7975.7,4520.8,3454.9,0.76,Surplus,1871,1522,2308,ESTIMATED_ MODEL
451,C038,Muskmelon,Fruit,Tamil Nadu,2019,7,Jul,2019-07,6942.0,7154.7,4520.8,2633.9,0.58,Surplus,1932,1583,2232,ESTIMATED_ MODEL
452,C038,Muskmelon,Fruit,Tamil Nadu,2019,8,Aug,2019-08,0.0,241.7,4520.8,-4279.1,-0.95,Shortag e,2415,2132,2923,ESTIMATED_ MODEL
453,C038,Muskmelon,Fruit,Tamil Nadu,2019,9,Sep,2019-09,0.0,241.7,4520.8,-4279.1,-0.95,Shortag e,2461,1971,2860,ESTIMATED_ MODEL
454,C038,Muskmelon,Fruit,Tamil Nadu,2019,10,Oct,2019-10,0.0,241.7,4520.8,-4279.1,-0.95,Shortag e,2424,1944,2761,ESTIMATED_ MODEL
455,C038,Muskmelon,Fruit,Tamil Nadu,2019,11,Nov,2019-11,0.0,241.7,4520.8,-4279.1,-0.95,Shortag e,2459,2001,2903,ESTIMATED_ MODEL
456,C038,Muskmelon,Fruit,Tamil Nadu,2019,12,Dec,2019-12,7502.6,7713.0,4520.8,3192.2,0.71,Surplus,1863,1493,2117,ESTIMATED_ MODEL
457,C039,Papaya,Fruit,Tamil Nadu,2019,1,Jan,2019-01,24055.5,25116.1,21474.3,3641.8,0.17,Surplus,1654,1385,1917,ESTIMATED_ MODEL
458,C039,Papaya,Fruit,Tamil Nadu,2019,2,Feb,2019-02,24495.8,25554.5,21474.3,4080.2,0.19,Surplus,1647,1447,2032,ESTIMATED_ MODEL
459,C039,Papaya,Fruit,Tamil Nadu,2019,3,Mar,2019-03,23181.6,24245.9,21474.3,2771.6,0.13,Surplus,1713,1505,1965,ESTIMATED_ MODEL
460,C039,Papaya,Fruit,Tamil Nadu,2019,4,Apr,2019-04,22128.3,23196.9,21474.3,1722.6,0.08,Balance d,1698,1433,1933,ESTIMATED_ MODEL
461,C039,Papaya,Fruit,Tamil Nadu,2019,5,May,2019-05,23349.1,24412.6,21474.3,2938.3,0.14,Surplus,1699,1366,2099,ESTIMATED_ MODEL
462,C039,Papaya,Fruit,Tamil Nadu,2019,6,Jun,2019-06,23088.4,24153.0,21474.3,2678.7,0.12,Surplus,1664,1437,1995,ESTIMATED_ MODEL
463,C039,Papaya,Fruit,Tamil Nadu,2019,7,Jul,2019-07,24174.8,25234.9,21474.3,3760.6,0.18,Surplus,1695,1464,2021,ESTIMATED_ MODEL
464,C039,Papaya,Fruit,Tamil Nadu,2019,8,Aug,2019-08,22095.8,23164.5,21474.3,1690.2,0.08,Balance d,1635,1393,1836,ESTIMATED_ MODEL
465,C039,Papaya,Fruit,Tamil Nadu,2019,9,Sep,2019-09,23182.7,24246.9,21474.3,2772.6,0.13,Surplus,1691,1439,2032,ESTIMATED_ MODEL
466,C039,Papaya,Fruit,Tamil Nadu,2019,10,Oct,2019-10,22240.6,23308.7,21474.3,1834.4,0.09,Balance d,1631,1319,1969,ESTIMATED_ MODEL
467,C039,Papaya,Fruit,Tamil Nadu,2019,11,Nov,2019-11,22727.0,23793.2,21474.3,2318.9,0.11,Surplus,1628,1314,1794,ESTIMATED_ MODEL
468,C039,Papaya,Fruit,Tamil Nadu,2019,12,Dec,2019-12,23876.7,24938.0,21474.3,3463.7,0.16,Surplus,1705,1490,1966,ESTIMATED_ MODEL
469,C040,Banana,Fruit,Tamil Nadu,2019,1,Jan,2019-01,320445.6,364902.3,298837.8,66064.5,0.22,Surplus,2434,2134,2905,ESTIMATED_ MODEL
470,C040,Banana,Fruit,Tamil Nadu,2019,2,Feb,2019-02,337086.6,381335.2,271670.7,109664.5,0.4,Surplus,2377,1950,2658,ESTIMATED_ MODEL
471,C040,Banana,Fruit,Tamil Nadu,2019,3,Mar,2019-03,332650.5,376954.5,271670.7,105283.8,0.39,Surplus,2419,2122,2894,ESTIMATED_ MODEL
472,C040,Banana,Fruit,Tamil Nadu,2019,4,Apr,2019-04,314003.6,358540.7,271670.7,86870.0,0.32,Surplus,2432,1956,3028,ESTIMATED_ MODEL
473,C040,Banana,Fruit,Tamil Nadu,2019,5,May,2019-05,313569.4,358112.0,271670.7,86441.3,0.32,Surplus,2473,2051,3085,ESTIMATED_ MODEL
474,C040,Banana,Fruit,Tamil Nadu,2019,6,Jun,2019-06,310604.5,355184.2,271670.7,83513.4,0.31,Surplus,2448,2100,2967,ESTIMATED_ MODEL
475,C040,Banana,Fruit,Tamil Nadu,2019,7,Jul,2019-07,332608.6,376913.2,271670.7,105242.5,0.39,Surplus,2449,2120,2741,ESTIMATED_ MODEL
476,C040,Banana,Fruit,Tamil Nadu,2019,8,Aug,2019-08,336684.0,380937.7,271670.7,109266.9,0.4,Surplus,2371,2117,2688,ESTIMATED_ MODEL
477,C040,Banana,Fruit,Tamil Nadu,2019,9,Sep,2019-09,317130.5,361628.6,271670.7,89957.8,0.33,Surplus,2403,2026,2802,ESTIMATED_ MODEL
478,C040,Banana,Fruit,Tamil Nadu,2019,10,Oct,2019-10,307571.6,352189.1,298837.8,53351.3,0.18,Surplus,2498,2234,2839,ESTIMATED_ MODEL
479,C040,Banana,Fruit,Tamil Nadu,2019,11,Nov,2019-11,309969.2,354556.8,271670.7,82886.0,0.31,Surplus,2375,1947,2928,ESTIMATED_ MODEL
480,C040,Banana,Fruit,Tamil Nadu,2019,12,Dec,2019-12,344652.5,388806.6,271670.7,117135.8,0.43,Surplus,2407,1994,2942,ESTIMATED_ MODEL
481,C041,Guava,Fruit,Tamil Nadu,2019,1,Jan,2019-01,15597.8,16994.4,13851.9,3142.5,0.23,Surplus,2951,2374,3319,ESTIMATED_ MODEL
482,C041,Guava,Fruit,Tamil Nadu,2019,2,Feb,2019-02,15727.9,17123.4,13851.9,3271.5,0.24,Surplus,2803,2446,3428,ESTIMATED_ MODEL
483,C041,Guava,Fruit,Tamil Nadu,2019,3,Mar,2019-03,14529.9,15935.4,13851.9,2083.4,0.15,Surplus,2856,2429,3502,ESTIMATED_ MODEL
484,C041,Guava,Fruit,Tamil Nadu,2019,4,Apr,2019-04,15433.4,16831.4,13851.9,2979.4,0.22,Surplus,2920,2494,3471,ESTIMATED_ MODEL
485,C041,Guava,Fruit,Tamil Nadu,2019,5,May,2019-05,14904.2,16306.6,13851.9,2454.6,0.18,Surplus,2897,2404,3432,ESTIMATED_ MODEL
486,C041,Guava,Fruit,Tamil Nadu,2019,6,Jun,2019-06,15589.7,16986.4,13851.9,3134.4,0.23,Surplus,2907,2580,3476,ESTIMATED_ MODEL
487,C041,Guava,Fruit,Tamil Nadu,2019,7,Jul,2019-07,15385.7,16784.1,13851.9,2932.1,0.21,Surplus,2927,2388,3422,ESTIMATED_ MODEL
488,C041,Guava,Fruit,Tamil Nadu,2019,8,Aug,2019-08,15471.9,16869.5,13851.9,3017.6,0.22,Surplus,2790,2300,3373,ESTIMATED_ MODEL
489,C041,Guava,Fruit,Tamil Nadu,2019,9,Sep,2019-09,15255.7,16655.2,13851.9,2803.2,0.2,Surplus,2972,2407,3448,ESTIMATED_ MODEL
490,C041,Guava,Fruit,Tamil Nadu,2019,10,Oct,2019-10,14395.4,15802.1,13851.9,1950.1,0.14,Surplus,2965,2433,3509,ESTIMATED_ MODEL
491,C041,Guava,Fruit,Tamil Nadu,2019,11,Nov,2019-11,15056.0,16457.1,13851.9,2605.2,0.19,Surplus,2932,2526,3308,ESTIMATED_ MODEL
492,C041,Guava,Fruit,Tamil Nadu,2019,12,Dec,2019-12,15846.0,17240.6,13851.9,3388.6,0.24,Surplus,2840,2494,3360,ESTIMATED_ MODEL
493,C042,Mango,Fruit,Tamil Nadu,2019,1,Jan,2019-01,0.0,6723.3,55892.8,-49169.5,-0.88,Shortag e,4766,3884,5461,ESTIMATED_ MODEL
494,C042,Mango,Fruit,Tamil Nadu,2019,2,Feb,2019-02,138482.3,144051.6,55892.8,88158.9,1.58,Surplus,3340,3005,3859,ESTIMATED_ MODEL
495,C042,Mango,Fruit,Tamil Nadu,2019,3,Mar,2019-03,126789.3,132456.0,55892.8,76563.3,1.37,Surplus,3363,2933,4147,ESTIMATED_ MODEL
496,C042,Mango,Fruit,Tamil Nadu,2019,4,Apr,2019-04,138236.5,143807.9,55892.8,87915.1,1.57,Surplus,3270,2744,3800,ESTIMATED_ MODEL
497,C042,Mango,Fruit,Tamil Nadu,2019,5,May,2019-05,129482.9,135127.2,55892.8,79234.5,1.42,Surplus,3396,2718,4051,ESTIMATED_ MODEL
498,C042,Mango,Fruit,Tamil Nadu,2019,6,Jun,2019-06,141658.0,147200.8,55892.8,91308.0,1.63,Surplus,3171,2789,3533,ESTIMATED_ MODEL
499,C042,Mango,Fruit,Tamil Nadu,2019,7,Jul,2019-07,132149.0,137771.1,55892.8,81878.3,1.46,Surplus,3338,2831,3994,ESTIMATED_ MODEL
500,C042,Mango,Fruit,Tamil Nadu,2019,8,Aug,2019-08,0.0,6723.3,55892.8,-49169.5,-0.88,Shortag e,4699,4032,5565,ESTIMATED_ MODEL
501,C042,Mango,Fruit,Tamil Nadu,2019,9,Sep,2019-09,0.0,6723.3,55892.8,-49169.5,-0.88,Shortag e,4826,4152,5798,ESTIMATED_ MODEL
502,C042,Mango,Fruit,Tamil Nadu,2019,10,Oct,2019-10,0.0,6723.3,55892.8,-49169.5,-0.88,Shortag e,4888,4042,5982,ESTIMATED_ MODEL
503,C042,Mango,Fruit,Tamil Nadu,2019,11,Nov,2019-11,0.0,6723.3,55892.8,-49169.5,-0.88,Shortag e,4810,3885,5333,ESTIMATED_ MODEL
504,C042,Mango,Fruit,Tamil Nadu,2019,12,Dec,2019-12,0.0,6723.3,55892.8,-49169.5,-0.88,Shortag e,4768,4189,5751,ESTIMATED_ MODEL
505,C043,Pomegranate,Fruit,Tamil Nadu,2019,1,Jan,2019-01,5192.9,6619.0,4793.5,1825.5,0.38,Surplus,7176,6198,8740,ESTIMATED_ MODEL
506,C043,Pomegranate,Fruit,Tamil Nadu,2019,2,Feb,2019-02,5145.0,6572.3,4793.5,1778.8,0.37,Surplus,7048,5928,8641,ESTIMATED_ MODEL
507,C043,Pomegranate,Fruit,Tamil Nadu,2019,3,Mar,2019-03,4962.9,6394.8,4793.5,1601.3,0.33,Surplus,7213,6183,8570,ESTIMATED_ MODEL
508,C043,Pomegranate,Fruit,Tamil Nadu,2019,4,Apr,2019-04,5075.3,6504.4,4793.5,1710.9,0.36,Surplus,7095,5933,8161,ESTIMATED_ MODEL
509,C043,Pomegranate,Fruit,Tamil Nadu,2019,5,May,2019-05,5141.1,6568.6,4793.5,1775.1,0.37,Surplus,7007,5623,8582,ESTIMATED_ MODEL
510,C043,Pomegranate,Fruit,Tamil Nadu,2019,6,Jun,2019-06,4926.3,6359.1,4793.5,1565.6,0.33,Surplus,7171,6108,8209,ESTIMATED_ MODEL
511,C043,Pomegranate,Fruit,Tamil Nadu,2019,7,Jul,2019-07,5008.4,6439.2,4793.5,1645.7,0.34,Surplus,7458,6160,8684,ESTIMATED_ MODEL
512,C043,Pomegranate,Fruit,Tamil Nadu,2019,8,Aug,2019-08,5243.2,6668.1,4793.5,1874.6,0.39,Surplus,7372,6518,8315,ESTIMATED_ MODEL
513,C043,Pomegranate,Fruit,Tamil Nadu,2019,9,Sep,2019-09,5328.7,6751.5,4793.5,1958.0,0.41,Surplus,7320,6191,8582,ESTIMATED_ MODEL
514,C043,Pomegranate,Fruit,Tamil Nadu,2019,10,Oct,2019-10,5492.1,6910.7,4793.5,2117.2,0.44,Surplus,6974,5636,8434,ESTIMATED_ MODEL
515,C043,Pomegranate,Fruit,Tamil Nadu,2019,11,Nov,2019-11,5451.5,6871.2,4793.5,2077.7,0.43,Surplus,7151,6033,8648,ESTIMATED_ MODEL
516,C043,Pomegranate,Fruit,Tamil Nadu,2019,12,Dec,2019-12,5270.8,6695.0,4793.5,1901.5,0.4,Surplus,7316,5969,8718,ESTIMATED_ MODEL
517,C044,Sapota/Chikoo,Fruit,Tamil Nadu,2019,1,Jan,2019-01,11770.5,12809.0,10568.9,2240.0,0.21,Surplus,2871,2520,3186,ESTIMATED_ MODEL
518,C044,Sapota/Chikoo,Fruit,Tamil Nadu,2019,2,Feb,2019-02,11641.1,12680.6,10568.9,2111.7,0.2,Surplus,2883,2316,3199,ESTIMATED_ MODEL
519,C044,Sapota/Chikoo,Fruit,Tamil Nadu,2019,3,Mar,2019-03,12051.9,13088.0,10568.9,2519.1,0.24,Surplus,2941,2393,3470,ESTIMATED_ MODEL
520,C044,Sapota/Chikoo,Fruit,Tamil Nadu,2019,4,Apr,2019-04,10834.9,11881.1,10568.9,1312.2,0.12,Surplus,2903,2423,3586,ESTIMATED_ MODEL
521,C044,Sapota/Chikoo,Fruit,Tamil Nadu,2019,5,May,2019-05,10818.6,11864.9,10568.9,1296.0,0.12,Surplus,2834,2456,3528,ESTIMATED_ MODEL
522,C044,Sapota/Chikoo,Fruit,Tamil Nadu,2019,6,Jun,2019-06,11127.2,12171.0,10568.9,1602.1,0.15,Surplus,2918,2607,3232,ESTIMATED_ MODEL
523,C044,Sapota/Chikoo,Fruit,Tamil Nadu,2019,7,Jul,2019-07,11099.2,12143.2,10568.9,1574.2,0.15,Surplus,2894,2390,3500,ESTIMATED_ MODEL
524,C044,Sapota/Chikoo,Fruit,Tamil Nadu,2019,8,Aug,2019-08,11079.0,12123.2,10568.9,1554.2,0.15,Surplus,2995,2473,3588,ESTIMATED_ MODEL
525,C044,Sapota/Chikoo,Fruit,Tamil Nadu,2019,9,Sep,2019-09,11982.9,13019.6,10568.9,2450.6,0.23,Surplus,2817,2413,3295,ESTIMATED_ MODEL
526,C044,Sapota/Chikoo,Fruit,Tamil Nadu,2019,10,Oct,2019-10,11082.5,12126.7,10568.9,1557.7,0.15,Surplus,2993,2576,3449,ESTIMATED_ MODEL
527,C044,Sapota/Chikoo,Fruit,Tamil Nadu,2019,11,Nov,2019-11,11113.2,12157.1,10568.9,1588.2,0.15,Surplus,2839,2314,3218,ESTIMATED_ MODEL
528,C044,Sapota/Chikoo,Fruit,Tamil Nadu,2019,12,Dec,2019-12,11781.5,12819.9,10568.9,2250.9,0.21,Surplus,2835,2509,3357,ESTIMATED_ MODEL
529,C045,Turmeric,Spice,Tamil Nadu,2019,1,Jan,2019-01,14935.3,21196.9,8449.4,12747.5,1.51,Surplus,7866,6674,8848,ESTIMATED_ MODEL
530,C045,Turmeric,Spice,Tamil Nadu,2019,2,Feb,2019-02,16335.9,22504.1,8449.4,14054.7,1.66,Surplus,7927,7016,9516,ESTIMATED_ MODEL
531,C045,Turmeric,Spice,Tamil Nadu,2019,3,Mar,2019-03,16077.8,22263.3,8449.4,13813.9,1.63,Surplus,7675,6456,9192,ESTIMATED_ MODEL
532,C045,Turmeric,Spice,Tamil Nadu,2019,4,Apr,2019-04,14846.8,21114.3,8449.4,12664.9,1.5,Surplus,7934,6396,9337,ESTIMATED_ MODEL
533,C045,Turmeric,Spice,Tamil Nadu,2019,5,May,2019-05,16049.7,22237.0,8449.4,13787.6,1.63,Surplus,7890,6675,8741,ESTIMATED_ MODEL
534,C045,Turmeric,Spice,Tamil Nadu,2019,6,Jun,2019-06,15741.0,21948.9,8449.4,13499.5,1.6,Surplus,7930,6504,9031,ESTIMATED_ MODEL
535,C045,Turmeric,Spice,Tamil Nadu,2019,7,Jul,2019-07,0.0,7257.3,8449.4,-1192.1,-0.14,Shortag e,10210,8505,12390,ESTIMATED_ MODEL
536,C045,Turmeric,Spice,Tamil Nadu,2019,8,Aug,2019-08,0.0,7257.3,8449.4,-1192.1,-0.14,Shortag e,10427,8555,12843,ESTIMATED_ MODEL
537,C045,Turmeric,Spice,Tamil Nadu,2019,9,Sep,2019-09,0.0,7257.3,8449.4,-1192.1,-0.14,Shortag e,10648,9445,12094,ESTIMATED_ MODEL
538,C045,Turmeric,Spice,Tamil Nadu,2019,10,Oct,2019-10,0.0,7257.3,8449.4,-1192.1,-0.14,Shortag e,10386,9331,12627,ESTIMATED_ MODEL
539,C045,Turmeric,Spice,Tamil Nadu,2019,11,Nov,2019-11,0.0,7257.3,8449.4,-1192.1,-0.14,Shortag e,10126,8167,11843,ESTIMATED_ MODEL
540,C045,Turmeric,Spice,Tamil Nadu,2019,12,Dec,2019-12,14873.2,21138.9,8449.4,12689.5,1.5,Surplus,8152,6961,9576,ESTIMATED_ MODEL
541,C046,Ginger,Spice,Tamil Nadu,2019,1,Jan,2019-01,14837.7,18262.5,8981.0,9281.6,1.03,Surplus,4399,3773,5257,ESTIMATED_ MODEL
542,C046,Ginger,Spice,Tamil Nadu,2019,2,Feb,2019-02,15126.6,18541.8,8981.0,9560.9,1.06,Surplus,4376,3674,5415,ESTIMATED_ MODEL
543,C046,Ginger,Spice,Tamil Nadu,2019,3,Mar,2019-03,14354.7,17795.6,8981.0,8814.7,0.98,Surplus,4359,3556,5250,ESTIMATED_ MODEL
544,C046,Ginger,Spice,Tamil Nadu,2019,4,Apr,2019-04,15045.4,18463.3,8981.0,9482.3,1.06,Surplus,4382,3644,5383,ESTIMATED_ MODEL
545,C046,Ginger,Spice,Tamil Nadu,2019,5,May,2019-05,0.0,3919.4,8981.0,-5061.6,-0.56,Shortag e,5655,4680,7055,ESTIMATED_ MODEL
546,C046,Ginger,Spice,Tamil Nadu,2019,6,Jun,2019-06,0.0,3919.4,8981.0,-5061.6,-0.56,Shortag e,5421,4446,6113,ESTIMATED_ MODEL
547,C046,Ginger,Spice,Tamil Nadu,2019,7,Jul,2019-07,0.0,3919.4,8981.0,-5061.6,-0.56,Shortag e,5651,4891,6345,ESTIMATED_ MODEL
548,C046,Ginger,Spice,Tamil Nadu,2019,8,Aug,2019-08,0.0,3919.4,8981.0,-5061.6,-0.56,Shortag e,5512,4749,6133,ESTIMATED_ MODEL
549,C046,Ginger,Spice,Tamil Nadu,2019,9,Sep,2019-09,15375.5,18782.3,8981.0,9801.4,1.09,Surplus,4382,3857,5152,ESTIMATED_ MODEL
550,C046,Ginger,Spice,Tamil Nadu,2019,10,Oct,2019-10,14046.0,17497.2,8981.0,8516.2,0.95,Surplus,4517,3802,5636,ESTIMATED_ MODEL
551,C046,Ginger,Spice,Tamil Nadu,2019,11,Nov,2019-11,14604.5,18037.1,8981.0,9056.1,1.01,Surplus,4379,3781,4927,ESTIMATED_ MODEL
552,C046,Ginger,Spice,Tamil Nadu,2019,12,Dec,2019-12,14191.7,17638.0,8981.0,8657.1,0.96,Surplus,4479,3775,5036,ESTIMATED_ MODEL
553,C047,Coriander,Herb/spic e,Tamil Nadu,2019,1,Jan,2019-01,7205.4,7536.4,6617.5,918.9,0.14,Surplus,2492,2198,2913,ESTIMATED_ MODEL
554,C047,Coriander,Herb/spic e,Tamil Nadu,2019,2,Feb,2019-02,7177.6,7508.7,6617.5,891.2,0.13,Surplus,2476,2103,3032,ESTIMATED_ MODEL
555,C047,Coriander,Herb/spic e,Tamil Nadu,2019,3,Mar,2019-03,7342.4,7672.8,6617.5,1055.3,0.16,Surplus,2463,2013,2973,ESTIMATED_ MODEL
556,C047,Coriander,Herb/spic e,Tamil Nadu,2019,4,Apr,2019-04,7489.1,7818.9,6617.5,1201.4,0.18,Surplus,2530,2049,2874,ESTIMATED_ MODEL
557,C047,Coriander,Herb/spic e,Tamil Nadu,2019,5,May,2019-05,6793.0,7125.7,6617.5,508.2,0.08,Balance d,2465,2058,2879,ESTIMATED_ MODEL
558,C047,Coriander,Herb/spic e,Tamil Nadu,2019,6,Jun,2019-06,7352.8,7683.2,6617.5,1065.7,0.16,Surplus,2526,2185,3014,ESTIMATED_ MODEL
559,C047,Coriander,Herb/spic e,Tamil Nadu,2019,7,Jul,2019-07,6885.7,7218.1,6617.5,600.6,0.09,Balance d,2492,2203,2918,ESTIMATED_ MODEL
560,C047,Coriander,Herb/spic e,Tamil Nadu,2019,8,Aug,2019-08,7461.5,7791.5,6617.5,1174.0,0.18,Surplus,2555,2206,2859,ESTIMATED_ MODEL
561,C047,Coriander,Herb/spic e,Tamil Nadu,2019,9,Sep,2019-09,7428.0,7758.1,6617.5,1140.6,0.17,Surplus,2511,2090,3020,ESTIMATED_ MODEL
562,C047,Coriander,Herb/spic e,Tamil Nadu,2019,10,Oct,2019-10,7189.1,7520.2,6617.5,902.7,0.14,Surplus,2431,1988,2987,ESTIMATED_ MODEL
563,C047,Coriander,Herb/spic e,Tamil Nadu,2019,11,Nov,2019-11,7334.5,7665.0,6617.5,1047.5,0.16,Surplus,2447,2163,2795,ESTIMATED_ MODEL
564,C047,Coriander,Herb/spic e,Tamil Nadu,2019,12,Dec,2019-12,6994.7,7326.6,6617.5,709.1,0.11,Surplus,2530,2200,2978,ESTIMATED_ MODEL
565,C048,Curry Leaf,Leaf crop,Tamil Nadu,2019,1,Jan,2019-01,2898.3,3038.0,2776.7,261.2,0.09,Balance d,2943,2387,3435,ESTIMATED_ MODEL
566,C048,Curry Leaf,Leaf crop,Tamil Nadu,2019,2,Feb,2019-02,2833.7,2973.6,2776.7,196.9,0.07,Balance d,2936,2602,3470,ESTIMATED_ MODEL
567,C048,Curry Leaf,Leaf crop,Tamil Nadu,2019,3,Mar,2019-03,2931.2,3070.7,2776.7,294.0,0.11,Surplus,2906,2609,3245,ESTIMATED_ MODEL
568,C048,Curry Leaf,Leaf crop,Tamil Nadu,2019,4,Apr,2019-04,3057.0,3196.0,2776.7,419.3,0.15,Surplus,2893,2327,3504,ESTIMATED_ MODEL
569,C048,Curry Leaf,Leaf crop,Tamil Nadu,2019,5,May,2019-05,3159.7,3298.3,2776.7,521.6,0.19,Surplus,2965,2455,3644,ESTIMATED_ MODEL
570,C048,Curry Leaf,Leaf crop,Tamil Nadu,2019,6,Jun,2019-06,3135.6,3274.2,2776.7,497.5,0.18,Surplus,2857,2546,3466,ESTIMATED_ MODEL
571,C048,Curry Leaf,Leaf crop,Tamil Nadu,2019,7,Jul,2019-07,3097.7,3236.5,2776.7,459.8,0.17,Surplus,2955,2369,3677,ESTIMATED_ MODEL
572,C048,Curry Leaf,Leaf crop,Tamil Nadu,2019,8,Aug,2019-08,3105.7,3244.5,2776.7,467.8,0.17,Surplus,2940,2441,3600,ESTIMATED_ MODEL
573,C048,Curry Leaf,Leaf crop,Tamil Nadu,2019,9,Sep,2019-09,3061.3,3200.2,2776.7,423.5,0.15,Surplus,2867,2544,3203,ESTIMATED_ MODEL
574,C048,Curry Leaf,Leaf crop,Tamil Nadu,2019,10,Oct,2019-10,2915.5,3055.0,2776.7,278.3,0.1,Surplus,2966,2533,3306,ESTIMATED_ MODEL
575,C048,Curry Leaf,Leaf crop,Tamil Nadu,2019,11,Nov,2019-11,3148.5,3287.1,2776.7,510.4,0.18,Surplus,2846,2281,3331,ESTIMATED_ MODEL
576,C048,Curry Leaf,Leaf crop,Tamil Nadu,2019,12,Dec,2019-12,3063.3,3202.3,2776.7,425.6,0.15,Surplus,2871,2468,3286,ESTIMATED_ MODEL
577,C049,Moringa/Drumstick,Vegetabl e/tree,Tamil Nadu,2019,1,Jan,2019-01,26501.8,27679.3,22628.1,5051.2,0.22,Surplus,3715,3342,4564,ESTIMATED_ MODEL
578,C049,Moringa/Drumstick,Vegetabl e/tree,Tamil Nadu,2019,2,Feb,2019-02,24354.0,25540.5,22628.1,2912.4,0.13,Surplus,3756,3028,4600,ESTIMATED_ MODEL
579,C049,Moringa/Drumstick,Vegetabl e/tree,Tamil Nadu,2019,3,Mar,2019-03,26995.3,28170.7,22628.1,5542.6,0.24,Surplus,3707,3008,4130,ESTIMATED_ MODEL
580,C049,Moringa/Drumstick,Vegetabl e/tree,Tamil Nadu,2019,4,Apr,2019-04,26838.8,28014.9,22628.1,5386.8,0.24,Surplus,3782,3279,4631,ESTIMATED_ MODEL
581,C049,Moringa/Drumstick,Vegetabl e/tree,Tamil Nadu,2019,5,May,2019-05,26268.8,27447.3,22628.1,4819.2,0.21,Surplus,3789,3248,4462,ESTIMATED_ MODEL
582,C049,Moringa/Drumstick,Vegetabl e/tree,Tamil Nadu,2019,6,Jun,2019-06,26038.4,27217.8,22628.1,4589.7,0.2,Surplus,3692,3071,4302,ESTIMATED_ MODEL
583,C049,Moringa/Drumstick,Vegetabl e/tree,Tamil Nadu,2019,7,Jul,2019-07,26962.5,28138.1,22628.1,5510.0,0.24,Surplus,3748,3224,4624,ESTIMATED_ MODEL
584,C049,Moringa/Drumstick,Vegetabl e/tree,Tamil Nadu,2019,8,Aug,2019-08,24778.0,25962.7,22628.1,3334.6,0.15,Surplus,3727,3208,4453,ESTIMATED_ MODEL
585,C049,Moringa/Drumstick,Vegetabl e/tree,Tamil Nadu,2019,9,Sep,2019-09,24449.3,25635.4,22628.1,3007.3,0.13,Surplus,3769,3280,4281,ESTIMATED_ MODEL
586,C049,Moringa/Drumstick,Vegetabl e/tree,Tamil Nadu,2019,10,Oct,2019-10,24945.4,26129.4,22628.1,3501.3,0.15,Surplus,3739,3030,4328,ESTIMATED_ MODEL
587,C049,Moringa/Drumstick,Vegetabl e/tree,Tamil Nadu,2019,11,Nov,2019-11,26660.6,27837.4,22628.1,5209.3,0.23,Surplus,3690,3192,4585,ESTIMATED_ MODEL
588,C049,Moringa/Drumstick,Vegetabl e/tree,Tamil Nadu,2019,12,Dec,2019-12,24312.4,25499.1,22628.1,2871.0,0.13,Surplus,3775,3300,4439,ESTIMATED_ MODEL
589,C050,Jasmine,Flower,Tamil Nadu,2019,1,Jan,2019-01,4647.2,4647.2,5438.4,-791.2,-0.15,Shortag e,12860,10554,15143,ESTIMATED_ MODEL
590,C050,Jasmine,Flower,Tamil Nadu,2019,2,Feb,2019-02,4755.0,4755.0,4532.0,223.1,0.05,Balance d,12277,9831,13908,ESTIMATED_ MODEL
591,C050,Jasmine,Flower,Tamil Nadu,2019,3,Mar,2019-03,4818.2,4818.2,4532.0,286.2,0.06,Balance d,12274,9952,14126,ESTIMATED_ MODEL
592,C050,Jasmine,Flower,Tamil Nadu,2019,4,Apr,2019-04,4883.2,4883.2,4532.0,351.3,0.08,Balance d,12833,11000,15103,ESTIMATED_ MODEL
593,C050,Jasmine,Flower,Tamil Nadu,2019,5,May,2019-05,4632.3,4632.3,4532.0,100.3,0.02,Balance d,12549,11209,14552,ESTIMATED_ MODEL
594,C050,Jasmine,Flower,Tamil Nadu,2019,6,Jun,2019-06,4687.8,4687.8,4532.0,155.8,0.03,Balance d,12368,10657,13816,ESTIMATED_ MODEL
595,C050,Jasmine,Flower,Tamil Nadu,2019,7,Jul,2019-07,4768.2,4768.2,4532.0,236.2,0.05,Balance d,12531,10661,15428,ESTIMATED_ MODEL
596,C050,Jasmine,Flower,Tamil Nadu,2019,8,Aug,2019-08,5176.7,5176.7,4532.0,644.7,0.14,Surplus,12473,10854,15577,ESTIMATED_ MODEL
597,C050,Jasmine,Flower,Tamil Nadu,2019,9,Sep,2019-09,4800.3,4800.3,5211.8,-411.5,-0.08,Balance d,12619,10441,14627,ESTIMATED_ MODEL
598,C050,Jasmine,Flower,Tamil Nadu,2019,10,Oct,2019-10,4888.9,4888.9,5665.0,-776.1,-0.14,Shortag e,12952,10894,16010,ESTIMATED_ MODEL
599,C050,Jasmine,Flower,Tamil Nadu,2019,11,Nov,2019-11,4720.7,4720.7,4532.0,188.8,0.04,Balance d,12834,11047,14713,ESTIMATED_ MODEL
600,C050,Jasmine,Flower,Tamil Nadu,2019,12,Dec,2019-12,4964.6,4964.6,4532.0,432.6,0.1,Balance d,12815,11476,15675,ESTIMATED_ MODEL
601,C051,Marigold,Flower,Tamil Nadu,2019,1,Jan,2019-01,13654.5,13654.5,13669.7,-15.2,-0.0,Balance d,3451,2785,3838,ESTIMATED_ MODEL
602,C051,Marigold,Flower,Tamil Nadu,2019,2,Feb,2019-02,12710.9,12710.9,12427.0,284.0,0.02,Balance d,3358,3003,4031,ESTIMATED_ MODEL
603,C051,Marigold,Flower,Tamil Nadu,2019,3,Mar,2019-03,13043.8,13043.8,12427.0,616.8,0.05,Balance d,3411,2852,4056,ESTIMATED_ MODEL
604,C051,Marigold,Flower,Tamil Nadu,2019,4,Apr,2019-04,12724.5,12724.5,12427.0,297.5,0.02,Balance d,3287,2839,4067,ESTIMATED_ MODEL
605,C051,Marigold,Flower,Tamil Nadu,2019,5,May,2019-05,13601.9,13601.9,12427.0,1174.9,0.09,Balance d,3374,2994,4078,ESTIMATED_ MODEL
606,C051,Marigold,Flower,Tamil Nadu,2019,6,Jun,2019-06,13735.4,13735.4,12427.0,1308.4,0.11,Surplus,3268,2910,3628,ESTIMATED_ MODEL
607,C051,Marigold,Flower,Tamil Nadu,2019,7,Jul,2019-07,12813.1,12813.1,12427.0,386.1,0.03,Balance d,3391,2761,3736,ESTIMATED_ MODEL
608,C051,Marigold,Flower,Tamil Nadu,2019,8,Aug,2019-08,13247.3,13247.3,12427.0,820.3,0.07,Balance d,3350,2779,3929,ESTIMATED_ MODEL
609,C051,Marigold,Flower,Tamil Nadu,2019,9,Sep,2019-09,13364.0,13364.0,14291.0,-927.0,-0.06,Balance d,3448,2774,3857,ESTIMATED_ MODEL
610,C051,Marigold,Flower,Tamil Nadu,2019,10,Oct,2019-10,13223.5,13223.5,15533.7,-2310.3,-0.15,Shortag e,3487,2909,4218,ESTIMATED_ MODEL
611,C051,Marigold,Flower,Tamil Nadu,2019,11,Nov,2019-11,12823.6,12823.6,12427.0,396.6,0.03,Balance d,3414,3020,4110,ESTIMATED_ MODEL
612,C051,Marigold,Flower,Tamil Nadu,2019,12,Dec,2019-12,13303.9,13303.9,12427.0,876.9,0.07,Balance d,3349,2905,3823,ESTIMATED_ MODEL
613,C052,Rose,Flower,Tamil Nadu,2019,1,Jan,2019-01,1774.6,1774.6,1745.1,29.5,0.02,Balance d,6859,5744,7717,ESTIMATED_ MODEL
614,C052,Rose,Flower,Tamil Nadu,2019,2,Feb,2019-02,1704.1,1704.1,2062.4,-358.3,-0.17,Shortag e,6948,5658,8571,ESTIMATED_ MODEL
615,C052,Rose,Flower,Tamil Nadu,2019,3,Mar,2019-03,1776.5,1776.5,1586.5,190.0,0.12,Surplus,6614,5394,7301,ESTIMATED_ MODEL
616,C052,Rose,Flower,Tamil Nadu,2019,4,Apr,2019-04,1781.4,1781.4,1586.5,195.0,0.12,Surplus,6734,5816,7751,ESTIMATED_ MODEL
617,C052,Rose,Flower,Tamil Nadu,2019,5,May,2019-05,1788.7,1788.7,1586.5,202.2,0.13,Surplus,6495,5462,7447,ESTIMATED_ MODEL
618,C052,Rose,Flower,Tamil Nadu,2019,6,Jun,2019-06,1800.8,1800.8,1586.5,214.4,0.14,Surplus,6734,5795,7776,ESTIMATED_ MODEL
619,C052,Rose,Flower,Tamil Nadu,2019,7,Jul,2019-07,1700.9,1700.9,1586.5,114.4,0.07,Balance d,6611,5942,7722,ESTIMATED_ MODEL
620,C052,Rose,Flower,Tamil Nadu,2019,8,Aug,2019-08,1677.8,1677.8,1586.5,91.4,0.06,Balance d,6818,5550,7996,ESTIMATED_ MODEL
621,C052,Rose,Flower,Tamil Nadu,2019,9,Sep,2019-09,1732.0,1732.0,1586.5,145.5,0.09,Balance d,6513,5540,8106,ESTIMATED_ MODEL
622,C052,Rose,Flower,Tamil Nadu,2019,10,Oct,2019-10,1688.6,1688.6,1903.7,-215.2,-0.11,Shortag e,6868,5521,7586,ESTIMATED_ MODEL
623,C052,Rose,Flower,Tamil Nadu,2019,11,Nov,2019-11,1735.9,1735.9,1586.5,149.4,0.09,Balance d,6658,5433,7347,ESTIMATED_ MODEL
624,C052,Rose,Flower,Tamil Nadu,2019,12,Dec,2019-12,1757.4,1757.4,1586.5,170.9,0.11,Surplus,6794,5747,7768,ESTIMATED_ MODEL
625,C053,Tuberose,Flower,Tamil Nadu,2019,1,Jan,2019-01,2241.7,2241.7,2391.1,-149.4,-0.06,Balance d,6880,5610,8140,ESTIMATED_ MODEL
626,C053,Tuberose,Flower,Tamil Nadu,2019,2,Feb,2019-02,2478.5,2478.5,2173.7,304.8,0.14,Surplus,6673,5847,8175,ESTIMATED_ MODEL
627,C053,Tuberose,Flower,Tamil Nadu,2019,3,Mar,2019-03,2297.5,2297.5,2173.7,123.8,0.06,Balance d,6717,5577,7650,ESTIMATED_ MODEL
628,C053,Tuberose,Flower,Tamil Nadu,2019,4,Apr,2019-04,2459.5,2459.5,2173.7,285.8,0.13,Surplus,6541,5270,7531,ESTIMATED_ MODEL
629,C053,Tuberose,Flower,Tamil Nadu,2019,5,May,2019-05,2379.0,2379.0,2173.7,205.3,0.09,Balance d,6609,5926,7823,ESTIMATED_ MODEL
630,C053,Tuberose,Flower,Tamil Nadu,2019,6,Jun,2019-06,2442.1,2442.1,2173.7,268.4,0.12,Surplus,6611,5673,7410,ESTIMATED_ MODEL
631,C053,Tuberose,Flower,Tamil Nadu,2019,7,Jul,2019-07,2486.5,2486.5,2173.7,312.7,0.14,Surplus,6630,5719,7779,ESTIMATED_ MODEL
632,C053,Tuberose,Flower,Tamil Nadu,2019,8,Aug,2019-08,2290.3,2290.3,2173.7,116.6,0.05,Balance d,6705,6030,8261,ESTIMATED_ MODEL
633,C053,Tuberose,Flower,Tamil Nadu,2019,9,Sep,2019-09,2480.0,2480.0,2173.7,306.3,0.14,Surplus,6706,5747,8001,ESTIMATED_ MODEL
634,C053,Tuberose,Flower,Tamil Nadu,2019,10,Oct,2019-10,2318.8,2318.8,2608.5,-289.7,-0.11,Shortag e,6791,5701,7510,ESTIMATED_ MODEL
635,C053,Tuberose,Flower,Tamil Nadu,2019,11,Nov,2019-11,2317.7,2317.7,2173.7,144.0,0.07,Balance d,6722,5743,7624,ESTIMATED_ MODEL
636,C053,Tuberose,Flower,Tamil Nadu,2019,12,Dec,2019-12,2305.0,2305.0,2173.7,131.2,0.06,Balance d,6927,6172,8370,ESTIMATED_ MODEL
637,C054,Chrysanthemum,Flower,Tamil Nadu,2019,1,Jan,2019-01,1731.9,1731.9,1687.3,44.6,0.03,Balance d,7786,6687,9003,ESTIMATED_ MODEL
638,C054,Chrysanthemum,Flower,Tamil Nadu,2019,2,Feb,2019-02,1584.8,1584.8,1533.9,50.9,0.03,Balance d,7513,6163,9123,ESTIMATED_ MODEL
639,C054,Chrysanthemum,Flower,Tamil Nadu,2019,3,Mar,2019-03,1716.1,1716.1,1533.9,182.2,0.12,Surplus,7461,6350,8758,ESTIMATED_ MODEL
640,C054,Chrysanthemum,Flower,Tamil Nadu,2019,4,Apr,2019-04,1583.7,1583.7,1533.9,49.7,0.03,Balance d,7648,6780,9538,ESTIMATED_ MODEL
641,C054,Chrysanthemum,Flower,Tamil Nadu,2019,5,May,2019-05,1716.9,1716.9,1533.9,182.9,0.12,Surplus,7470,6594,9074,ESTIMATED_ MODEL
642,C054,Chrysanthemum,Flower,Tamil Nadu,2019,6,Jun,2019-06,1613.7,1613.7,1533.9,79.8,0.05,Balance d,7624,6828,8615,ESTIMATED_ MODEL
643,C054,Chrysanthemum,Flower,Tamil Nadu,2019,7,Jul,2019-07,1733.4,1733.4,1533.9,199.4,0.13,Surplus,7321,6482,8535,ESTIMATED_ MODEL
644,C054,Chrysanthemum,Flower,Tamil Nadu,2019,8,Aug,2019-08,1746.7,1746.7,1533.9,212.7,0.14,Surplus,7650,6803,8486,ESTIMATED_ MODEL
645,C054,Chrysanthemum,Flower,Tamil Nadu,2019,9,Sep,2019-09,1588.4,1588.4,1533.9,54.5,0.04,Balance d,7785,6577,9159,ESTIMATED_ MODEL
646,C054,Chrysanthemum,Flower,Tamil Nadu,2019,10,Oct,2019-10,1650.9,1650.9,1917.4,-266.5,-0.14,Shortag e,7867,7022,8676,ESTIMATED_ MODEL
647,C054,Chrysanthemum,Flower,Tamil Nadu,2019,11,Nov,2019-11,1754.0,1754.0,1533.9,220.1,0.14,Surplus,7474,6493,9032,ESTIMATED_ MODEL
648,C054,Chrysanthemum,Flower,Tamil Nadu,2019,12,Dec,2019-12,1655.0,1655.0,1533.9,121.1,0.08,Balance d,7647,6221,8756,ESTIMATED_ MODEL
649,C055,Coconut,Plantatio n,Tamil Nadu,2019,1,Jan,2019-01,202879.0,328937.2,229026.9,99910.2,0.44,Surplus,4436,3612,5381,ESTIMATED_ MODEL
650,C055,Coconut,Plantatio n,Tamil Nadu,2019,2,Feb,2019-02,190532.2,317310.6,208206.3,109104.3,0.52,Surplus,4382,3795,5324,ESTIMATED_ MODEL
651,C055,Coconut,Plantatio n,Tamil Nadu,2019,3,Mar,2019-03,188933.8,315805.4,208206.3,107599.1,0.52,Surplus,4409,3798,4909,ESTIMATED_ MODEL
652,C055,Coconut,Plantatio n,Tamil Nadu,2019,4,Apr,2019-04,206472.9,332321.4,208206.3,124115.1,0.6,Surplus,4253,3435,4938,ESTIMATED_ MODEL
653,C055,Coconut,Plantatio n,Tamil Nadu,2019,5,May,2019-05,184193.1,311341.2,208206.3,103134.9,0.5,Surplus,4301,3469,4956,ESTIMATED_ MODEL
654,C055,Coconut,Plantatio n,Tamil Nadu,2019,6,Jun,2019-06,207421.1,333214.3,208206.3,125008.0,0.6,Surplus,4144,3650,5148,ESTIMATED_ MODEL
655,C055,Coconut,Plantatio n,Tamil Nadu,2019,7,Jul,2019-07,199881.7,326114.6,208206.3,117908.4,0.57,Surplus,4157,3723,4899,ESTIMATED_ MODEL
656,C055,Coconut,Plantatio n,Tamil Nadu,2019,8,Aug,2019-08,203443.5,329468.7,208206.3,121262.4,0.58,Surplus,4210,3400,4947,ESTIMATED_ MODEL
657,C055,Coconut,Plantatio n,Tamil Nadu,2019,9,Sep,2019-09,190904.7,317661.4,229026.9,88634.4,0.39,Surplus,4486,3906,4968,ESTIMATED_ MODEL
658,C055,Coconut,Plantatio n,Tamil Nadu,2019,10,Oct,2019-10,184321.1,311461.8,229026.9,82434.9,0.36,Surplus,4302,3615,4923,ESTIMATED_ MODEL
659,C055,Coconut,Plantatio n,Tamil Nadu,2019,11,Nov,2019-11,201315.5,327464.9,208206.3,119258.6,0.57,Surplus,4198,3476,5124,ESTIMATED_ MODEL
660,C055,Coconut,Plantatio n,Tamil Nadu,2019,12,Dec,2019-12,203576.8,329594.2,208206.3,121387.9,0.58,Surplus,4386,3686,5421,ESTIMATED_ MODEL
661,C056,Arecanut,Plantatio n,Tamil Nadu,2019,1,Jan,2019-01,853.2,1484.2,791.5,692.7,0.88,Surplus,33515,27052,40298,ESTIMATED_ MODEL
662,C056,Arecanut,Plantatio n,Tamil Nadu,2019,2,Feb,2019-02,827.5,1460.2,791.5,668.7,0.84,Surplus,32810,28590,40139,ESTIMATED_ MODEL
663,C056,Arecanut,Plantatio n,Tamil Nadu,2019,3,Mar,2019-03,870.1,1499.9,791.5,708.4,0.9,Surplus,33812,28917,39831,ESTIMATED_ MODEL
664,C056,Arecanut,Plantatio n,Tamil Nadu,2019,4,Apr,2019-04,904.8,1532.3,791.5,740.8,0.94,Surplus,32059,28133,36571,ESTIMATED_ MODEL
665,C056,Arecanut,Plantatio n,Tamil Nadu,2019,5,May,2019-05,866.3,1496.3,791.5,704.9,0.89,Surplus,33132,27448,37111,ESTIMATED_ MODEL
666,C056,Arecanut,Plantatio n,Tamil Nadu,2019,6,Jun,2019-06,841.0,1472.8,791.5,681.3,0.86,Surplus,33608,27069,40743,ESTIMATED_ MODEL
667,C056,Arecanut,Plantatio n,Tamil Nadu,2019,7,Jul,2019-07,870.8,1500.6,791.5,709.1,0.9,Surplus,32690,26153,38466,ESTIMATED_ MODEL
668,C056,Arecanut,Plantatio n,Tamil Nadu,2019,8,Aug,2019-08,816.9,1450.3,791.5,658.8,0.83,Surplus,32434,26843,39117,ESTIMATED_ MODEL
669,C056,Arecanut,Plantatio n,Tamil Nadu,2019,9,Sep,2019-09,895.6,1523.7,791.5,732.2,0.93,Surplus,31938,28231,35150,ESTIMATED_ MODEL
670,C056,Arecanut,Plantatio n,Tamil Nadu,2019,10,Oct,2019-10,856.0,1486.7,791.5,695.2,0.88,Surplus,32629,28520,37439,ESTIMATED_ MODEL
671,C056,Arecanut,Plantatio n,Tamil Nadu,2019,11,Nov,2019-11,850.4,1481.6,791.5,690.1,0.87,Surplus,32333,27031,36878,ESTIMATED_ MODEL
672,C056,Arecanut,Plantatio n,Tamil Nadu,2019,12,Dec,2019-12,864.5,1494.6,791.5,703.2,0.89,Surplus,33939,28214,41349,ESTIMATED_ MODEL
673,C057,Cashew,Plantatio n,Tamil Nadu,2019,1,Jan,2019-01,0.0,1894.8,3482.5,-1587.7,-0.46,Shortag e,11011,9353,12753,ESTIMATED_ MODEL
674,C057,Cashew,Plantatio n,Tamil Nadu,2019,2,Feb,2019-02,5602.5,7123.8,3482.5,3641.3,1.05,Surplus,8681,7556,9555,ESTIMATED_ MODEL
675,C057,Cashew,Plantatio n,Tamil Nadu,2019,3,Mar,2019-03,5925.1,7425.0,3482.5,3942.4,1.13,Surplus,8264,7200,9916,ESTIMATED_ MODEL
676,C057,Cashew,Plantatio n,Tamil Nadu,2019,4,Apr,2019-04,5564.2,7088.1,3482.5,3605.6,1.04,Surplus,8901,7798,11060,ESTIMATED_ MODEL
677,C057,Cashew,Plantatio n,Tamil Nadu,2019,5,May,2019-05,5961.8,7459.2,3482.5,3976.7,1.14,Surplus,8576,7117,9570,ESTIMATED_ MODEL
678,C057,Cashew,Plantatio n,Tamil Nadu,2019,6,Jun,2019-06,5369.0,6905.9,3482.5,3423.4,0.98,Surplus,8868,7666,9819,ESTIMATED_ MODEL
679,C057,Cashew,Plantatio n,Tamil Nadu,2019,7,Jul,2019-07,0.0,1894.8,3482.5,-1587.7,-0.46,Shortag e,10811,9683,12704,ESTIMATED_ MODEL
680,C057,Cashew,Plantatio n,Tamil Nadu,2019,8,Aug,2019-08,0.0,1894.8,3482.5,-1587.7,-0.46,Shortag e,10856,9181,12282,ESTIMATED_ MODEL
681,C057,Cashew,Plantatio n,Tamil Nadu,2019,9,Sep,2019-09,0.0,1894.8,3482.5,-1587.7,-0.46,Shortag e,10817,9053,11983,ESTIMATED_ MODEL
682,C057,Cashew,Plantatio n,Tamil Nadu,2019,10,Oct,2019-10,0.0,1894.8,4004.9,-2110.1,-0.53,Shortag e,11169,9401,13664,ESTIMATED_ MODEL
683,C057,Cashew,Plantatio n,Tamil Nadu,2019,11,Nov,2019-11,0.0,1894.8,3830.8,-1935.9,-0.51,Shortag e,11187,9187,13409,ESTIMATED_ MODEL
684,C057,Cashew,Plantatio n,Tamil Nadu,2019,12,Dec,2019-12,0.0,1894.8,3830.8,-1935.9,-0.51,Shortag e,10956,9729,12406,ESTIMATED_ MODEL
685,C058,Coffee,Plantatio n,Tamil Nadu,2019,1,Jan,2019-01,2464.8,3268.8,1125.4,2143.4,1.9,Surplus,18056,15158,21794,ESTIMATED_ MODEL
686,C058,Coffee,Plantatio n,Tamil Nadu,2019,2,Feb,2019-02,2373.5,3183.7,1125.4,2058.3,1.83,Surplus,17420,15487,19913,ESTIMATED_ MODEL
687,C058,Coffee,Plantatio n,Tamil Nadu,2019,3,Mar,2019-03,2327.2,3140.4,1125.4,2015.0,1.79,Surplus,17661,14231,19722,ESTIMATED_ MODEL
688,C058,Coffee,Plantatio n,Tamil Nadu,2019,4,Apr,2019-04,2477.6,3280.8,1125.4,2155.4,1.92,Surplus,17872,14776,21899,ESTIMATED_ MODEL
689,C058,Coffee,Plantatio n,Tamil Nadu,2019,5,May,2019-05,0.0,968.4,1125.4,-157.0,-0.14,Shortag e,23605,19778,27160,ESTIMATED_ MODEL
690,C058,Coffee,Plantatio n,Tamil Nadu,2019,6,Jun,2019-06,0.0,968.4,1125.4,-157.0,-0.14,Shortag e,23611,19183,27437,ESTIMATED_ MODEL
691,C058,Coffee,Plantatio n,Tamil Nadu,2019,7,Jul,2019-07,0.0,968.4,1125.4,-157.0,-0.14,Shortag e,24287,20412,28651,ESTIMATED_ MODEL
692,C058,Coffee,Plantatio n,Tamil Nadu,2019,8,Aug,2019-08,0.0,968.4,1125.4,-157.0,-0.14,Shortag e,24433,19571,28578,ESTIMATED_ MODEL
693,C058,Coffee,Plantatio n,Tamil Nadu,2019,9,Sep,2019-09,0.0,968.4,1125.4,-157.0,-0.14,Shortag e,24960,21263,29992,ESTIMATED_ MODEL
694,C058,Coffee,Plantatio n,Tamil Nadu,2019,10,Oct,2019-10,0.0,968.4,1125.4,-157.0,-0.14,Shortag e,24029,21083,29218,ESTIMATED_ MODEL
695,C058,Coffee,Plantatio n,Tamil Nadu,2019,11,Nov,2019-11,2503.0,3304.5,1125.4,2179.1,1.94,Surplus,17880,16049,20005,ESTIMATED_ MODEL
696,C058,Coffee,Plantatio n,Tamil Nadu,2019,12,Dec,2019-12,2379.5,3189.2,1125.4,2063.8,1.83,Surplus,17160,15049,20953,ESTIMATED_ MODEL
697,C059,Tea,Plantatio n,Tamil Nadu,2019,1,Jan,2019-01,64202.3,70230.8,54995.4,15235.4,0.28,Surplus,1580,1406,1924,ESTIMATED_ MODEL
698,C059,Tea,Plantatio n,Tamil Nadu,2019,2,Feb,2019-02,62236.1,68281.0,54995.4,13285.5,0.24,Surplus,1666,1409,1933,ESTIMATED_ MODEL
699,C059,Tea,Plantatio n,Tamil Nadu,2019,3,Mar,2019-03,64422.1,70448.7,54995.4,15453.3,0.28,Surplus,1608,1297,1824,ESTIMATED_ MODEL
700,C059,Tea,Plantatio n,Tamil Nadu,2019,4,Apr,2019-04,68225.8,74220.8,54995.4,19225.4,0.35,Surplus,1585,1344,1921,ESTIMATED_ MODEL
701,C059,Tea,Plantatio n,Tamil Nadu,2019,5,May,2019-05,66202.9,72214.8,54995.4,17219.4,0.31,Surplus,1617,1303,2011,ESTIMATED_ MODEL
702,C059,Tea,Plantatio n,Tamil Nadu,2019,6,Jun,2019-06,64856.4,70879.4,54995.4,15884.0,0.29,Surplus,1671,1468,2087,ESTIMATED_ MODEL
703,C059,Tea,Plantatio n,Tamil Nadu,2019,7,Jul,2019-07,65043.8,71065.3,54995.4,16069.9,0.29,Surplus,1630,1460,1811,ESTIMATED_ MODEL
704,C059,Tea,Plantatio n,Tamil Nadu,2019,8,Aug,2019-08,62107.7,68153.6,54995.4,13158.2,0.24,Surplus,1625,1336,1835,ESTIMATED_ MODEL
705,C059,Tea,Plantatio n,Tamil Nadu,2019,9,Sep,2019-09,64473.5,70499.8,54995.4,15504.4,0.28,Surplus,1591,1372,1937,ESTIMATED_ MODEL
706,C059,Tea,Plantatio n,Tamil Nadu,2019,10,Oct,2019-10,67221.6,73224.9,54995.4,18229.5,0.33,Surplus,1623,1322,1983,ESTIMATED_ MODEL
707,C059,Tea,Plantatio n,Tamil Nadu,2019,11,Nov,2019-11,69819.6,75801.3,54995.4,20805.9,0.38,Surplus,1617,1356,1942,ESTIMATED_ MODEL
708,C059,Tea,Plantatio n,Tamil Nadu,2019,12,Dec,2019-12,68811.8,74801.9,54995.4,19806.5,0.36,Surplus,1583,1321,1959,ESTIMATED_ MODEL
709,C001,Rice/Paddy,Cereal,Tamil Nadu,2020,1,Jan,2020-01,3745307.6,4296912.4,991094.6,3305817.8,3.34,Surplus,1464,1193,1613,ESTIMATED_ MODEL
710,C001,Rice/Paddy,Cereal,Tamil Nadu,2020,2,Feb,2020-02,3934822.3,4473003.1,900995.1,3572008.1,3.96,Surplus,1533,1295,1718,ESTIMATED_ MODEL
711,C001,Rice/Paddy,Cereal,Tamil Nadu,2020,3,Mar,2020-03,0.0,816897.4,900995.1,-84097.6,-0.09,Balance d,2107,1798,2395,ESTIMATED_ MODEL
712,C001,Rice/Paddy,Cereal,Tamil Nadu,2020,4,Apr,2020-04,0.0,816897.4,900995.1,-84097.6,-0.09,Balance d,2052,1781,2281,ESTIMATED_ MODEL
713,C001,Rice/Paddy,Cereal,Tamil Nadu,2020,5,May,2020-05,0.0,816897.4,900995.1,-84097.6,-0.09,Balance d,2024,1783,2367,ESTIMATED_ MODEL
714,C001,Rice/Paddy,Cereal,Tamil Nadu,2020,6,Jun,2020-06,0.0,816897.4,900995.1,-84097.6,-0.09,Balance d,2057,1735,2277,ESTIMATED_ MODEL
715,C001,Rice/Paddy,Cereal,Tamil Nadu,2020,7,Jul,2020-07,0.0,816897.4,900995.1,-84097.6,-0.09,Balance d,2011,1699,2276,ESTIMATED_ MODEL
716,C001,Rice/Paddy,Cereal,Tamil Nadu,2020,8,Aug,2020-08,0.0,816897.4,900995.1,-84097.6,-0.09,Balance d,1997,1766,2491,ESTIMATED_ MODEL
717,C001,Rice/Paddy,Cereal,Tamil Nadu,2020,9,Sep,2020-09,0.0,816897.4,900995.1,-84097.6,-0.09,Balance d,2087,1848,2372,ESTIMATED_ MODEL
718,C001,Rice/Paddy,Cereal,Tamil Nadu,2020,10,Oct,2020-10,0.0,816897.4,946044.8,-129147.4,-0.14,Shortag e,2121,1738,2636,ESTIMATED_ MODEL
719,C001,Rice/Paddy,Cereal,Tamil Nadu,2020,11,Nov,2020-11,0.0,816897.4,900995.1,-84097.6,-0.09,Balance d,2112,1840,2634,ESTIMATED_ MODEL
720,C001,Rice/Paddy,Cereal,Tamil Nadu,2020,12,Dec,2020-12,3852539.8,4396549.0,900995.1,3495553.9,3.88,Surplus,1526,1260,1779,ESTIMATED_ MODEL
721,C002,Maize,Cereal,Tamil Nadu,2020,1,Jan,2020-01,269708.8,372441.3,204865.5,167575.8,0.82,Surplus,1700,1526,2064,ESTIMATED_ MODEL
722,C002,Maize,Cereal,Tamil Nadu,2020,2,Feb,2020-02,288445.6,390241.2,204865.5,185375.8,0.9,Surplus,1633,1385,1973,ESTIMATED_ MODEL
723,C002,Maize,Cereal,Tamil Nadu,2020,3,Mar,2020-03,300686.4,401870.0,204865.5,197004.5,0.96,Surplus,1627,1406,1952,ESTIMATED_ MODEL
724,C002,Maize,Cereal,Tamil Nadu,2020,4,Apr,2020-04,273700.9,376233.8,204865.5,171368.3,0.84,Surplus,1653,1416,2010,ESTIMATED_ MODEL
725,C002,Maize,Cereal,Tamil Nadu,2020,5,May,2020-05,0.0,116217.9,204865.5,-88647.5,-0.43,Shortag e,2061,1651,2270,ESTIMATED_ MODEL
726,C002,Maize,Cereal,Tamil Nadu,2020,6,Jun,2020-06,0.0,116217.9,204865.5,-88647.5,-0.43,Shortag e,2045,1825,2319,ESTIMATED_ MODEL
727,C002,Maize,Cereal,Tamil Nadu,2020,7,Jul,2020-07,0.0,116217.9,204865.5,-88647.5,-0.43,Shortag e,2077,1707,2385,ESTIMATED_ MODEL
728,C002,Maize,Cereal,Tamil Nadu,2020,8,Aug,2020-08,294253.3,395758.6,204865.5,190893.1,0.93,Surplus,1705,1488,1900,ESTIMATED_ MODEL
729,C002,Maize,Cereal,Tamil Nadu,2020,9,Sep,2020-09,298186.7,399495.2,204865.5,194629.8,0.95,Surplus,1651,1326,1936,ESTIMATED_ MODEL
730,C002,Maize,Cereal,Tamil Nadu,2020,10,Oct,2020-10,299408.0,400655.5,204865.5,195790.0,0.96,Surplus,1677,1361,1917,ESTIMATED_ MODEL
731,C002,Maize,Cereal,Tamil Nadu,2020,11,Nov,2020-11,299968.6,401188.1,204865.5,196322.6,0.96,Surplus,1645,1468,2055,ESTIMATED_ MODEL
732,C002,Maize,Cereal,Tamil Nadu,2020,12,Dec,2020-12,0.0,116217.9,204865.5,-88647.5,-0.43,Shortag e,2008,1759,2321,ESTIMATED_ MODEL
733,C003,Sorghum/Cholam,Millet,Tamil Nadu,2020,1,Jan,2020-01,66803.9,84507.5,26659.7,57847.9,2.17,Surplus,2160,1782,2559,ESTIMATED_ MODEL
734,C003,Sorghum/Cholam,Millet,Tamil Nadu,2020,2,Feb,2020-02,68080.9,85699.4,25390.2,60309.3,2.38,Surplus,2088,1807,2372,ESTIMATED_ MODEL
735,C003,Sorghum/Cholam,Millet,Tamil Nadu,2020,3,Mar,2020-03,68333.7,85935.4,25390.2,60545.3,2.38,Surplus,2059,1837,2297,ESTIMATED_ MODEL
736,C003,Sorghum/Cholam,Millet,Tamil Nadu,2020,4,Apr,2020-04,0.0,22157.3,25390.2,-3232.9,-0.13,Shortag e,2870,2360,3174,ESTIMATED_ MODEL
737,C003,Sorghum/Cholam,Millet,Tamil Nadu,2020,5,May,2020-05,0.0,22157.3,25390.2,-3232.9,-0.13,Shortag e,2791,2282,3433,ESTIMATED_ MODEL
738,C003,Sorghum/Cholam,Millet,Tamil Nadu,2020,6,Jun,2020-06,0.0,22157.3,25390.2,-3232.9,-0.13,Shortag e,2833,2535,3363,ESTIMATED_ MODEL
739,C003,Sorghum/Cholam,Millet,Tamil Nadu,2020,7,Jul,2020-07,0.0,22157.3,25390.2,-3232.9,-0.13,Shortag e,2859,2453,3366,ESTIMATED_ MODEL
740,C003,Sorghum/Cholam,Millet,Tamil Nadu,2020,8,Aug,2020-08,0.0,22157.3,25390.2,-3232.9,-0.13,Shortag e,2913,2413,3359,ESTIMATED_ MODEL
741,C003,Sorghum/Cholam,Millet,Tamil Nadu,2020,9,Sep,2020-09,65425.9,83221.4,25390.2,57831.2,2.28,Surplus,2178,1949,2688,ESTIMATED_ MODEL
742,C003,Sorghum/Cholam,Millet,Tamil Nadu,2020,10,Oct,2020-10,63714.5,81624.1,25390.2,56233.9,2.21,Surplus,2098,1842,2458,ESTIMATED_ MODEL
743,C003,Sorghum/Cholam,Millet,Tamil Nadu,2020,11,Nov,2020-11,0.0,22157.3,25390.2,-3232.9,-0.13,Shortag e,2869,2354,3410,ESTIMATED_ MODEL
744,C003,Sorghum/Cholam,Millet,Tamil Nadu,2020,12,Dec,2020-12,0.0,22157.3,25390.2,-3232.9,-0.13,Shortag e,2816,2346,3459,ESTIMATED_ MODEL
745,C004,Pearl Millet/Kambu,Millet,Tamil Nadu,2020,1,Jan,2020-01,29456.4,37719.3,12163.0,25556.3,2.1,Surplus,1758,1553,2022,ESTIMATED_ MODEL
746,C004,Pearl Millet/Kambu,Millet,Tamil Nadu,2020,2,Feb,2020-02,29448.4,37711.8,12163.0,25548.8,2.1,Surplus,1742,1528,2087,ESTIMATED_ MODEL
747,C004,Pearl Millet/Kambu,Millet,Tamil Nadu,2020,3,Mar,2020-03,32697.1,40743.9,12163.0,28580.9,2.35,Surplus,1668,1480,1969,ESTIMATED_ MODEL
748,C004,Pearl Millet/Kambu,Millet,Tamil Nadu,2020,4,Apr,2020-04,0.0,10226.6,12163.0,-1936.4,-0.16,Shortag e,2312,1948,2557,ESTIMATED_ MODEL
749,C004,Pearl Millet/Kambu,Millet,Tamil Nadu,2020,5,May,2020-05,0.0,10226.6,12163.0,-1936.4,-0.16,Shortag e,2291,2008,2520,ESTIMATED_ MODEL
750,C004,Pearl Millet/Kambu,Millet,Tamil Nadu,2020,6,Jun,2020-06,0.0,10226.6,12163.0,-1936.4,-0.16,Shortag e,2331,1986,2583,ESTIMATED_ MODEL
751,C004,Pearl Millet/Kambu,Millet,Tamil Nadu,2020,7,Jul,2020-07,0.0,10226.6,12163.0,-1936.4,-0.16,Shortag e,2407,1980,2758,ESTIMATED_ MODEL
752,C004,Pearl Millet/Kambu,Millet,Tamil Nadu,2020,8,Aug,2020-08,0.0,10226.6,12163.0,-1936.4,-0.16,Shortag e,2315,1905,2547,ESTIMATED_ MODEL
753,C004,Pearl Millet/Kambu,Millet,Tamil Nadu,2020,9,Sep,2020-09,31080.3,39234.9,12163.0,27071.9,2.23,Surplus,1747,1566,1981,ESTIMATED_ MODEL
754,C004,Pearl Millet/Kambu,Millet,Tamil Nadu,2020,10,Oct,2020-10,30716.9,38895.8,12163.0,26732.7,2.2,Surplus,1738,1519,2133,ESTIMATED_ MODEL
755,C004,Pearl Millet/Kambu,Millet,Tamil Nadu,2020,11,Nov,2020-11,0.0,10226.6,12163.0,-1936.4,-0.16,Shortag e,2332,1936,2679,ESTIMATED_ MODEL
756,C004,Pearl Millet/Kambu,Millet,Tamil Nadu,2020,12,Dec,2020-12,0.0,10226.6,12163.0,-1936.4,-0.16,Shortag e,2371,2091,2673,ESTIMATED_ MODEL
757,C005,Ragi,Millet,Tamil Nadu,2020,1,Jan,2020-01,53223.3,70566.4,23863.9,46702.4,1.96,Surplus,2807,2268,3317,ESTIMATED_ MODEL
758,C005,Ragi,Millet,Tamil Nadu,2020,2,Feb,2020-02,52643.0,70024.7,23863.9,46160.8,1.93,Surplus,2818,2301,3430,ESTIMATED_ MODEL
759,C005,Ragi,Millet,Tamil Nadu,2020,3,Mar,2020-03,53728.6,71037.9,23863.9,47173.9,1.98,Surplus,2790,2498,3087,ESTIMATED_ MODEL
760,C005,Ragi,Millet,Tamil Nadu,2020,4,Apr,2020-04,0.0,20891.2,23863.9,-2972.7,-0.12,Shortag e,3713,3193,4249,ESTIMATED_ MODEL
761,C005,Ragi,Millet,Tamil Nadu,2020,5,May,2020-05,0.0,20891.2,23863.9,-2972.7,-0.12,Shortag e,3812,3339,4252,ESTIMATED_ MODEL
762,C005,Ragi,Millet,Tamil Nadu,2020,6,Jun,2020-06,0.0,20891.2,23863.9,-2972.7,-0.12,Shortag e,3768,3206,4353,ESTIMATED_ MODEL
763,C005,Ragi,Millet,Tamil Nadu,2020,7,Jul,2020-07,0.0,20891.2,23863.9,-2972.7,-0.12,Shortag e,3861,3408,4650,ESTIMATED_ MODEL
764,C005,Ragi,Millet,Tamil Nadu,2020,8,Aug,2020-08,0.0,20891.2,23863.9,-2972.7,-0.12,Shortag e,3812,3226,4720,ESTIMATED_ MODEL
765,C005,Ragi,Millet,Tamil Nadu,2020,9,Sep,2020-09,52323.5,69726.5,23863.9,45862.5,1.92,Surplus,2815,2457,3460,ESTIMATED_ MODEL
766,C005,Ragi,Millet,Tamil Nadu,2020,10,Oct,2020-10,50123.6,67673.3,23863.9,43809.3,1.84,Surplus,2721,2397,3073,ESTIMATED_ MODEL
767,C005,Ragi,Millet,Tamil Nadu,2020,11,Nov,2020-11,0.0,20891.2,23863.9,-2972.7,-0.12,Shortag e,3730,3109,4651,ESTIMATED_ MODEL
768,C005,Ragi,Millet,Tamil Nadu,2020,12,Dec,2020-12,51326.6,68796.1,23863.9,44932.1,1.88,Surplus,2851,2480,3447,ESTIMATED_ MODEL
769,C006,Green Gram,Pulse,Tamil Nadu,2020,1,Jan,2020-01,6972.0,9318.9,7153.0,2166.0,0.3,Surplus,6504,5220,7973,ESTIMATED_ MODEL
770,C006,Green Gram,Pulse,Tamil Nadu,2020,2,Feb,2020-02,0.0,2840.8,6220.0,-3379.2,-0.54,Shortag e,7222,6285,8995,ESTIMATED_ MODEL
771,C006,Green Gram,Pulse,Tamil Nadu,2020,3,Mar,2020-03,6614.0,8986.3,6220.0,2766.3,0.44,Surplus,6380,5254,7693,ESTIMATED_ MODEL
772,C006,Green Gram,Pulse,Tamil Nadu,2020,4,Apr,2020-04,6522.1,8900.9,6220.0,2680.9,0.43,Surplus,6550,5598,8156,ESTIMATED_ MODEL
773,C006,Green Gram,Pulse,Tamil Nadu,2020,5,May,2020-05,0.0,2840.8,6220.0,-3379.2,-0.54,Shortag e,7238,6156,8742,ESTIMATED_ MODEL
774,C006,Green Gram,Pulse,Tamil Nadu,2020,6,Jun,2020-06,0.0,2840.8,6220.0,-3379.2,-0.54,Shortag e,7572,6193,9238,ESTIMATED_ MODEL
775,C006,Green Gram,Pulse,Tamil Nadu,2020,7,Jul,2020-07,0.0,2840.8,6220.0,-3379.2,-0.54,Shortag e,7445,6251,8336,ESTIMATED_ MODEL
776,C006,Green Gram,Pulse,Tamil Nadu,2020,8,Aug,2020-08,0.0,2840.8,6220.0,-3379.2,-0.54,Shortag e,7573,6178,8683,ESTIMATED_ MODEL
777,C006,Green Gram,Pulse,Tamil Nadu,2020,9,Sep,2020-09,6349.4,8740.5,6220.0,2520.5,0.41,Surplus,6360,5642,7638,ESTIMATED_ MODEL
778,C006,Green Gram,Pulse,Tamil Nadu,2020,10,Oct,2020-10,6844.3,9200.2,6220.0,2980.3,0.48,Surplus,6492,5356,7750,ESTIMATED_ MODEL
779,C006,Green Gram,Pulse,Tamil Nadu,2020,11,Nov,2020-11,0.0,2840.8,6220.0,-3379.2,-0.54,Shortag e,7452,6583,9211,ESTIMATED_ MODEL
780,C006,Green Gram,Pulse,Tamil Nadu,2020,12,Dec,2020-12,6803.2,9162.1,6220.0,2942.1,0.47,Surplus,6176,5357,6841,ESTIMATED_ MODEL
781,C007,Black Gram,Pulse,Tamil Nadu,2020,1,Jan,2020-01,20760.0,29768.9,33583.2,-3814.2,-0.11,Shortag e,6454,5669,7376,ESTIMATED_ MODEL
782,C007,Black Gram,Pulse,Tamil Nadu,2020,2,Feb,2020-02,0.0,10479.4,29202.8,-18723.4,-0.64,Shortag e,7112,6177,8177,ESTIMATED_ MODEL
783,C007,Black Gram,Pulse,Tamil Nadu,2020,3,Mar,2020-03,20809.0,29814.4,29202.8,611.6,0.02,Balance d,6318,5290,7845,ESTIMATED_ MODEL
784,C007,Black Gram,Pulse,Tamil Nadu,2020,4,Apr,2020-04,20927.0,29924.1,29202.8,721.3,0.02,Balance d,6543,5673,7818,ESTIMATED_ MODEL
785,C007,Black Gram,Pulse,Tamil Nadu,2020,5,May,2020-05,21613.0,30561.5,29202.8,1358.7,0.05,Balance d,6348,5344,7698,ESTIMATED_ MODEL
786,C007,Black Gram,Pulse,Tamil Nadu,2020,6,Jun,2020-06,0.0,10479.4,29202.8,-18723.4,-0.64,Shortag e,6982,5780,7970,ESTIMATED_ MODEL
787,C007,Black Gram,Pulse,Tamil Nadu,2020,7,Jul,2020-07,0.0,10479.4,29202.8,-18723.4,-0.64,Shortag e,7111,6386,7894,ESTIMATED_ MODEL
788,C007,Black Gram,Pulse,Tamil Nadu,2020,8,Aug,2020-08,0.0,10479.4,29202.8,-18723.4,-0.64,Shortag e,7145,5844,8900,ESTIMATED_ MODEL
789,C007,Black Gram,Pulse,Tamil Nadu,2020,9,Sep,2020-09,20878.7,29879.2,29202.8,676.4,0.02,Balance d,6338,5326,7673,ESTIMATED_ MODEL
790,C007,Black Gram,Pulse,Tamil Nadu,2020,10,Oct,2020-10,21897.8,30826.1,29202.8,1623.3,0.06,Balance d,6537,5506,7531,ESTIMATED_ MODEL
791,C007,Black Gram,Pulse,Tamil Nadu,2020,11,Nov,2020-11,0.0,10479.4,29202.8,-18723.4,-0.64,Shortag e,7098,5866,8026,ESTIMATED_ MODEL
792,C007,Black Gram,Pulse,Tamil Nadu,2020,12,Dec,2020-12,21058.9,30046.6,29202.8,843.8,0.03,Balance d,6477,5355,7404,ESTIMATED_ MODEL
793,C008,Red Gram/Pigeon Pea,Pulse,Tamil Nadu,2020,1,Jan,2020-01,18136.2,21676.5,21520.8,155.7,0.01,Balance d,6771,5618,7542,ESTIMATED_ MODEL
794,C008,Red Gram/Pigeon Pea,Pulse,Tamil Nadu,2020,2,Feb,2020-02,17384.4,20977.9,21520.8,-542.9,-0.03,Balance d,6664,5746,7978,ESTIMATED_ MODEL
795,C008,Red Gram/Pigeon Pea,Pulse,Tamil Nadu,2020,3,Mar,2020-03,16299.2,19969.5,21520.8,-1551.2,-0.07,Balance d,6579,5273,8189,ESTIMATED_ MODEL
796,C008,Red Gram/Pigeon Pea,Pulse,Tamil Nadu,2020,4,Apr,2020-04,0.0,4824.9,21520.8,-16695.9,-0.78,Shortag e,7269,6306,8766,ESTIMATED_ MODEL
797,C008,Red Gram/Pigeon Pea,Pulse,Tamil Nadu,2020,5,May,2020-05,0.0,4824.9,21520.8,-16695.9,-0.78,Shortag e,7411,6161,8454,ESTIMATED_ MODEL
798,C008,Red Gram/Pigeon Pea,Pulse,Tamil Nadu,2020,6,Jun,2020-06,0.0,4824.9,21520.8,-16695.9,-0.78,Shortag e,7406,6566,9199,ESTIMATED_ MODEL
799,C008,Red Gram/Pigeon Pea,Pulse,Tamil Nadu,2020,7,Jul,2020-07,0.0,4824.9,21520.8,-16695.9,-0.78,Shortag e,7211,5881,8955,ESTIMATED_ MODEL
800,C008,Red Gram/Pigeon Pea,Pulse,Tamil Nadu,2020,8,Aug,2020-08,0.0,4824.9,21520.8,-16695.9,-0.78,Shortag e,7461,6628,8434,ESTIMATED_ MODEL
801,C008,Red Gram/Pigeon Pea,Pulse,Tamil Nadu,2020,9,Sep,2020-09,0.0,4824.9,21520.8,-16695.9,-0.78,Shortag e,7402,6441,8898,ESTIMATED_ MODEL
802,C008,Red Gram/Pigeon Pea,Pulse,Tamil Nadu,2020,10,Oct,2020-10,0.0,4824.9,21520.8,-16695.9,-0.78,Shortag e,7331,5876,8705,ESTIMATED_ MODEL
803,C008,Red Gram/Pigeon Pea,Pulse,Tamil Nadu,2020,11,Nov,2020-11,0.0,4824.9,21520.8,-16695.9,-0.78,Shortag e,7270,6143,9041,ESTIMATED_ MODEL
804,C008,Red Gram/Pigeon Pea,Pulse,Tamil Nadu,2020,12,Dec,2020-12,16296.3,19966.9,21520.8,-1553.9,-0.07,Balance d,6631,5862,7482,ESTIMATED_ MODEL
805,C009,Bengal Gram/Chickpea,Pulse,Tamil Nadu,2020,1,Jan,2020-01,1035.4,1166.7,1841.1,-674.4,-0.37,Shortag e,5364,4340,6502,ESTIMATED_ MODEL
806,C009,Bengal Gram/Chickpea,Pulse,Tamil Nadu,2020,2,Feb,2020-02,932.5,1071.1,1841.1,-770.0,-0.42,Shortag e,5551,4681,6321,ESTIMATED_ MODEL
807,C009,Bengal Gram/Chickpea,Pulse,Tamil Nadu,2020,3,Mar,2020-03,921.5,1060.9,1841.1,-780.2,-0.42,Shortag e,5408,4717,5956,ESTIMATED_ MODEL
808,C009,Bengal Gram/Chickpea,Pulse,Tamil Nadu,2020,4,Apr,2020-04,0.0,204.7,1841.1,-1636.4,-0.89,Shortag e,5811,5005,6949,ESTIMATED_ MODEL
809,C009,Bengal Gram/Chickpea,Pulse,Tamil Nadu,2020,5,May,2020-05,0.0,204.7,1841.1,-1636.4,-0.89,Shortag e,5705,4971,6354,ESTIMATED_ MODEL
810,C009,Bengal Gram/Chickpea,Pulse,Tamil Nadu,2020,6,Jun,2020-06,0.0,204.7,1841.1,-1636.4,-0.89,Shortag e,5692,5053,6892,ESTIMATED_ MODEL
811,C009,Bengal Gram/Chickpea,Pulse,Tamil Nadu,2020,7,Jul,2020-07,0.0,204.7,1841.1,-1636.4,-0.89,Shortag e,5635,4648,6380,ESTIMATED_ MODEL
812,C009,Bengal Gram/Chickpea,Pulse,Tamil Nadu,2020,8,Aug,2020-08,0.0,204.7,1841.1,-1636.4,-0.89,Shortag e,5714,4712,6339,ESTIMATED_ MODEL
813,C009,Bengal Gram/Chickpea,Pulse,Tamil Nadu,2020,9,Sep,2020-09,0.0,204.7,1841.1,-1636.4,-0.89,Shortag e,5771,5040,6874,ESTIMATED_ MODEL
814,C009,Bengal Gram/Chickpea,Pulse,Tamil Nadu,2020,10,Oct,2020-10,0.0,204.7,2209.3,-2004.6,-0.91,Shortag e,5851,4728,7271,ESTIMATED_ MODEL
815,C009,Bengal Gram/Chickpea,Pulse,Tamil Nadu,2020,11,Nov,2020-11,0.0,204.7,1841.1,-1636.4,-0.89,Shortag e,5888,5184,7203,ESTIMATED_ MODEL
816,C009,Bengal Gram/Chickpea,Pulse,Tamil Nadu,2020,12,Dec,2020-12,0.0,204.7,1841.1,-1636.4,-0.89,Shortag e,5917,5055,6686,ESTIMATED_ MODEL
817,C010,Groundnut,Oilseed,Tamil Nadu,2020,1,Jan,2020-01,123216.4,171302.7,62367.7,108935.0,1.75,Surplus,4303,3558,4971,ESTIMATED_ MODEL
818,C010,Groundnut,Oilseed,Tamil Nadu,2020,2,Feb,2020-02,123145.1,171236.1,62367.7,108868.4,1.75,Surplus,4425,3835,5390,ESTIMATED_ MODEL
819,C010,Groundnut,Oilseed,Tamil Nadu,2020,3,Mar,2020-03,0.0,56300.7,62367.7,-6067.0,-0.1,Balance d,5787,4995,6582,ESTIMATED_ MODEL
820,C010,Groundnut,Oilseed,Tamil Nadu,2020,4,Apr,2020-04,120035.0,168333.4,62367.7,105965.7,1.7,Surplus,4360,3674,5086,ESTIMATED_ MODEL
821,C010,Groundnut,Oilseed,Tamil Nadu,2020,5,May,2020-05,113526.8,162259.1,62367.7,99891.4,1.6,Surplus,4397,3929,4878,ESTIMATED_ MODEL
822,C010,Groundnut,Oilseed,Tamil Nadu,2020,6,Jun,2020-06,0.0,56300.7,62367.7,-6067.0,-0.1,Balance d,5914,4904,6900,ESTIMATED_ MODEL
823,C010,Groundnut,Oilseed,Tamil Nadu,2020,7,Jul,2020-07,0.0,56300.7,62367.7,-6067.0,-0.1,Balance d,5639,4681,6628,ESTIMATED_ MODEL
824,C010,Groundnut,Oilseed,Tamil Nadu,2020,8,Aug,2020-08,0.0,56300.7,62367.7,-6067.0,-0.1,Balance d,5651,4798,7002,ESTIMATED_ MODEL
825,C010,Groundnut,Oilseed,Tamil Nadu,2020,9,Sep,2020-09,0.0,56300.7,62367.7,-6067.0,-0.1,Balance d,5668,4967,6583,ESTIMATED_ MODEL
826,C010,Groundnut,Oilseed,Tamil Nadu,2020,10,Oct,2020-10,117875.1,166317.5,62367.7,103949.8,1.67,Surplus,4343,3587,4881,ESTIMATED_ MODEL
827,C010,Groundnut,Oilseed,Tamil Nadu,2020,11,Nov,2020-11,125772.1,173688.0,62367.7,111320.3,1.78,Surplus,4173,3368,4707,ESTIMATED_ MODEL
828,C010,Groundnut,Oilseed,Tamil Nadu,2020,12,Dec,2020-12,120940.2,169178.2,62367.7,106810.5,1.71,Surplus,4346,3860,5311,ESTIMATED_ MODEL
829,C011,Sesame/Gingelly,Oilseed,Tamil Nadu,2020,1,Jan,2020-01,3328.8,4704.9,2987.1,1717.8,0.58,Surplus,7565,6679,9217,ESTIMATED_ MODEL
830,C011,Sesame/Gingelly,Oilseed,Tamil Nadu,2020,2,Feb,2020-02,0.0,1598.0,2489.3,-891.3,-0.36,Shortag e,8712,7766,10829,ESTIMATED_ MODEL
831,C011,Sesame/Gingelly,Oilseed,Tamil Nadu,2020,3,Mar,2020-03,3403.7,4774.8,2489.3,2285.5,0.92,Surplus,7121,5949,8374,ESTIMATED_ MODEL
832,C011,Sesame/Gingelly,Oilseed,Tamil Nadu,2020,4,Apr,2020-04,3412.4,4782.9,2489.3,2293.6,0.92,Surplus,7425,6591,8282,ESTIMATED_ MODEL
833,C011,Sesame/Gingelly,Oilseed,Tamil Nadu,2020,5,May,2020-05,3387.3,4759.5,2489.3,2270.2,0.91,Surplus,7162,6126,8419,ESTIMATED_ MODEL
834,C011,Sesame/Gingelly,Oilseed,Tamil Nadu,2020,6,Jun,2020-06,0.0,1598.0,2489.3,-891.3,-0.36,Shortag e,8655,7667,10399,ESTIMATED_ MODEL
835,C011,Sesame/Gingelly,Oilseed,Tamil Nadu,2020,7,Jul,2020-07,0.0,1598.0,2489.3,-891.3,-0.36,Shortag e,8978,7953,10884,ESTIMATED_ MODEL
836,C011,Sesame/Gingelly,Oilseed,Tamil Nadu,2020,8,Aug,2020-08,0.0,1598.0,2489.3,-891.3,-0.36,Shortag e,8778,7558,9867,ESTIMATED_ MODEL
837,C011,Sesame/Gingelly,Oilseed,Tamil Nadu,2020,9,Sep,2020-09,3498.4,4863.1,2489.3,2373.9,0.95,Surplus,7251,5930,8731,ESTIMATED_ MODEL
838,C011,Sesame/Gingelly,Oilseed,Tamil Nadu,2020,10,Oct,2020-10,3507.0,4871.2,2489.3,2381.9,0.96,Surplus,7024,5702,7901,ESTIMATED_ MODEL
839,C011,Sesame/Gingelly,Oilseed,Tamil Nadu,2020,11,Nov,2020-11,0.0,1598.0,2489.3,-891.3,-0.36,Shortag e,8559,7462,10355,ESTIMATED_ MODEL
840,C011,Sesame/Gingelly,Oilseed,Tamil Nadu,2020,12,Dec,2020-12,3432.1,4801.3,2489.3,2312.0,0.93,Surplus,7202,5878,8013,ESTIMATED_ MODEL
841,C012,Sunflower,Oilseed,Tamil Nadu,2020,1,Jan,2020-01,2175.6,3070.1,3728.4,-658.3,-0.18,Shortag e,6181,5096,6852,ESTIMATED_ MODEL
842,C012,Sunflower,Oilseed,Tamil Nadu,2020,2,Feb,2020-02,2372.8,3254.2,3728.4,-474.2,-0.13,Shortag e,6059,4989,6864,ESTIMATED_ MODEL
843,C012,Sunflower,Oilseed,Tamil Nadu,2020,3,Mar,2020-03,0.0,1039.6,3728.4,-2688.8,-0.72,Shortag e,6796,5856,8043,ESTIMATED_ MODEL
844,C012,Sunflower,Oilseed,Tamil Nadu,2020,4,Apr,2020-04,2196.2,3089.4,3728.4,-639.0,-0.17,Shortag e,6107,5148,7213,ESTIMATED_ MODEL
845,C012,Sunflower,Oilseed,Tamil Nadu,2020,5,May,2020-05,2226.9,3118.0,3728.4,-610.4,-0.16,Shortag e,6201,5396,6981,ESTIMATED_ MODEL
846,C012,Sunflower,Oilseed,Tamil Nadu,2020,6,Jun,2020-06,0.0,1039.6,3728.4,-2688.8,-0.72,Shortag e,6631,5578,8160,ESTIMATED_ MODEL
847,C012,Sunflower,Oilseed,Tamil Nadu,2020,7,Jul,2020-07,0.0,1039.6,3728.4,-2688.8,-0.72,Shortag e,6678,5698,7461,ESTIMATED_ MODEL
848,C012,Sunflower,Oilseed,Tamil Nadu,2020,8,Aug,2020-08,0.0,1039.6,3728.4,-2688.8,-0.72,Shortag e,6669,5413,7673,ESTIMATED_ MODEL
849,C012,Sunflower,Oilseed,Tamil Nadu,2020,9,Sep,2020-09,2159.2,3054.8,3728.4,-673.6,-0.18,Shortag e,6017,5230,6805,ESTIMATED_ MODEL
850,C012,Sunflower,Oilseed,Tamil Nadu,2020,10,Oct,2020-10,2191.0,3084.5,3728.4,-643.9,-0.17,Shortag e,6100,5426,6897,ESTIMATED_ MODEL
851,C012,Sunflower,Oilseed,Tamil Nadu,2020,11,Nov,2020-11,0.0,1039.6,3728.4,-2688.8,-0.72,Shortag e,6634,5585,7315,ESTIMATED_ MODEL
852,C012,Sunflower,Oilseed,Tamil Nadu,2020,12,Dec,2020-12,2271.7,3159.8,3728.4,-568.6,-0.15,Shortag e,6225,5023,7291,ESTIMATED_ MODEL
853,C013,Cotton,Fibre,Tamil Nadu,2020,1,Jan,2020-01,8640.2,11195.3,69986.7,-58791.4,-0.84,Shortag e,7054,6238,8273,ESTIMATED_ MODEL
854,C013,Cotton,Fibre,Tamil Nadu,2020,2,Feb,2020-02,8701.6,11253.7,69986.7,-58733.0,-0.84,Shortag e,6873,6043,8026,ESTIMATED_ MODEL
855,C013,Cotton,Fibre,Tamil Nadu,2020,3,Mar,2020-03,8257.1,10831.4,69986.7,-59155.3,-0.85,Shortag e,6823,6042,8409,ESTIMATED_ MODEL
856,C013,Cotton,Fibre,Tamil Nadu,2020,4,Apr,2020-04,8008.7,10595.3,69986.7,-59391.3,-0.85,Shortag e,6931,5597,8028,ESTIMATED_ MODEL
857,C013,Cotton,Fibre,Tamil Nadu,2020,5,May,2020-05,8737.2,11287.4,69986.7,-58699.2,-0.84,Shortag e,7047,6273,7966,ESTIMATED_ MODEL
858,C013,Cotton,Fibre,Tamil Nadu,2020,6,Jun,2020-06,0.0,2987.1,69986.7,-66999.5,-0.96,Shortag e,6884,6111,7975,ESTIMATED_ MODEL
859,C013,Cotton,Fibre,Tamil Nadu,2020,7,Jul,2020-07,0.0,2987.1,69986.7,-66999.5,-0.96,Shortag e,7059,6331,7836,ESTIMATED_ MODEL
860,C013,Cotton,Fibre,Tamil Nadu,2020,8,Aug,2020-08,0.0,2987.1,69986.7,-66999.5,-0.96,Shortag e,7099,5732,8209,ESTIMATED_ MODEL
861,C013,Cotton,Fibre,Tamil Nadu,2020,9,Sep,2020-09,0.0,2987.1,69986.7,-66999.5,-0.96,Shortag e,7156,6035,8943,ESTIMATED_ MODEL
862,C013,Cotton,Fibre,Tamil Nadu,2020,10,Oct,2020-10,0.0,2987.1,76985.3,-73998.2,-0.96,Shortag e,7069,5883,8010,ESTIMATED_ MODEL
863,C013,Cotton,Fibre,Tamil Nadu,2020,11,Nov,2020-11,8545.4,11105.3,69986.7,-58881.4,-0.84,Shortag e,6882,5762,7641,ESTIMATED_ MODEL
864,C013,Cotton,Fibre,Tamil Nadu,2020,12,Dec,2020-12,8852.2,11396.7,69986.7,-58589.9,-0.84,Shortag e,6885,5827,8320,ESTIMATED_ MODEL
865,C014,Sugarcane,Commerc ial,Tamil Nadu,2020,1,Jan,2020-01,1609237.1,1725518.9,1555647.9,169871.0,0.11,Surplus,299,256,364,ESTIMATED_ MODEL
866,C014,Sugarcane,Commerc ial,Tamil Nadu,2020,2,Feb,2020-02,1477289.1,1594670.5,1352737.3,241933.1,0.18,Surplus,295,260,348,ESTIMATED_ MODEL
867,C014,Sugarcane,Commerc ial,Tamil Nadu,2020,3,Mar,2020-03,1516719.6,1633772.4,1352737.3,281035.1,0.21,Surplus,283,245,338,ESTIMATED_ MODEL
868,C014,Sugarcane,Commerc ial,Tamil Nadu,2020,4,Apr,2020-04,1600367.5,1716723.2,1352737.3,363985.9,0.27,Surplus,291,238,329,ESTIMATED_ MODEL
869,C014,Sugarcane,Commerc ial,Tamil Nadu,2020,5,May,2020-05,1566891.7,1683526.4,1352737.3,330789.1,0.24,Surplus,295,258,364,ESTIMATED_ MODEL
870,C014,Sugarcane,Commerc ial,Tamil Nadu,2020,6,Jun,2020-06,1476714.5,1594100.7,1352737.3,241363.3,0.18,Surplus,295,254,354,ESTIMATED_ MODEL
871,C014,Sugarcane,Commerc ial,Tamil Nadu,2020,7,Jul,2020-07,1627271.4,1743402.9,1352737.3,390665.6,0.29,Surplus,293,251,350,ESTIMATED_ MODEL
872,C014,Sugarcane,Commerc ial,Tamil Nadu,2020,8,Aug,2020-08,1621302.2,1737483.5,1352737.3,384746.2,0.28,Surplus,280,237,338,ESTIMATED_ MODEL
873,C014,Sugarcane,Commerc ial,Tamil Nadu,2020,9,Sep,2020-09,0.0,129692.1,1352737.3,-1223045.2,-0.9,Shortag e,335,275,385,ESTIMATED_ MODEL
874,C014,Sugarcane,Commerc ial,Tamil Nadu,2020,10,Oct,2020-10,0.0,129692.1,1420374.2,-1290682.1,-0.91,Shortag e,335,275,390,ESTIMATED_ MODEL
875,C014,Sugarcane,Commerc ial,Tamil Nadu,2020,11,Nov,2020-11,1579029.6,1695563.1,1352737.3,342825.8,0.25,Surplus,295,251,332,ESTIMATED_ MODEL
876,C014,Sugarcane,Commerc ial,Tamil Nadu,2020,12,Dec,2020-12,1488234.4,1605524.6,1352737.3,252787.3,0.19,Surplus,283,246,327,ESTIMATED_ MODEL
877,C015,Ladies Finger/Okra,Vegetabl e,Tamil Nadu,2020,1,Jan,2020-01,24494.6,25593.7,22592.4,3001.3,0.13,Surplus,2602,2150,3121,ESTIMATED_ MODEL
878,C015,Ladies Finger/Okra,Vegetabl e,Tamil Nadu,2020,2,Feb,2020-02,24888.9,25986.4,22592.4,3394.0,0.15,Surplus,2630,2308,3193,ESTIMATED_ MODEL
879,C015,Ladies Finger/Okra,Vegetabl e,Tamil Nadu,2020,3,Mar,2020-03,23376.8,24480.6,22592.4,1888.1,0.08,Balance d,2557,2068,3081,ESTIMATED_ MODEL
880,C015,Ladies Finger/Okra,Vegetabl e,Tamil Nadu,2020,4,Apr,2020-04,24589.3,25688.1,22592.4,3095.6,0.14,Surplus,2564,2162,2833,ESTIMATED_ MODEL
881,C015,Ladies Finger/Okra,Vegetabl e,Tamil Nadu,2020,5,May,2020-05,23354.0,24457.9,22592.4,1865.5,0.08,Balance d,2569,2064,3164,ESTIMATED_ MODEL
882,C015,Ladies Finger/Okra,Vegetabl e,Tamil Nadu,2020,6,Jun,2020-06,25300.8,26396.6,22592.4,3804.2,0.17,Surplus,2532,2167,2800,ESTIMATED_ MODEL
883,C015,Ladies Finger/Okra,Vegetabl e,Tamil Nadu,2020,7,Jul,2020-07,24427.8,25527.3,22592.4,2934.8,0.13,Surplus,2614,2176,3228,ESTIMATED_ MODEL
884,C015,Ladies Finger/Okra,Vegetabl e,Tamil Nadu,2020,8,Aug,2020-08,23528.4,24631.6,22592.4,2039.1,0.09,Balance d,2665,2219,3292,ESTIMATED_ MODEL
885,C015,Ladies Finger/Okra,Vegetabl e,Tamil Nadu,2020,9,Sep,2020-09,23369.7,24473.6,22592.4,1881.2,0.08,Balance d,2685,2370,3294,ESTIMATED_ MODEL
886,C015,Ladies Finger/Okra,Vegetabl e,Tamil Nadu,2020,10,Oct,2020-10,23143.1,24247.9,22592.4,1655.4,0.07,Balance d,2571,2205,2854,ESTIMATED_ MODEL
887,C015,Ladies Finger/Okra,Vegetabl e,Tamil Nadu,2020,11,Nov,2020-11,24595.9,25694.6,22592.4,3102.2,0.14,Surplus,2521,2269,2897,ESTIMATED_ MODEL
888,C015,Ladies Finger/Okra,Vegetabl e,Tamil Nadu,2020,12,Dec,2020-12,23223.2,24327.7,22592.4,1735.3,0.08,Balance d,2648,2332,3254,ESTIMATED_ MODEL
889,C016,Tomato,Vegetabl e,Tamil Nadu,2020,1,Jan,2020-01,83519.0,87384.5,85072.2,2312.3,0.03,Balance d,1780,1535,2162,ESTIMATED_ MODEL
890,C016,Tomato,Vegetabl e,Tamil Nadu,2020,2,Feb,2020-02,81438.5,85312.7,85072.2,240.5,0.0,Balance d,1710,1511,2040,ESTIMATED_ MODEL
891,C016,Tomato,Vegetabl e,Tamil Nadu,2020,3,Mar,2020-03,85274.2,89132.4,85072.2,4060.1,0.05,Balance d,1754,1512,2156,ESTIMATED_ MODEL
892,C016,Tomato,Vegetabl e,Tamil Nadu,2020,4,Apr,2020-04,82366.6,86236.9,85072.2,1164.7,0.01,Balance d,1765,1515,2204,ESTIMATED_ MODEL
893,C016,Tomato,Vegetabl e,Tamil Nadu,2020,5,May,2020-05,81253.1,85128.1,85072.2,55.8,0.0,Balance d,1786,1508,2155,ESTIMATED_ MODEL
894,C016,Tomato,Vegetabl e,Tamil Nadu,2020,6,Jun,2020-06,84749.1,88609.5,85072.2,3537.3,0.04,Balance d,1737,1429,2066,ESTIMATED_ MODEL
895,C016,Tomato,Vegetabl e,Tamil Nadu,2020,7,Jul,2020-07,89127.5,92969.6,85072.2,7897.4,0.09,Balance d,1780,1590,2050,ESTIMATED_ MODEL
896,C016,Tomato,Vegetabl e,Tamil Nadu,2020,8,Aug,2020-08,86877.3,90728.8,85072.2,5656.5,0.07,Balance d,1745,1433,2180,ESTIMATED_ MODEL
897,C016,Tomato,Vegetabl e,Tamil Nadu,2020,9,Sep,2020-09,84256.3,88118.7,85072.2,3046.5,0.04,Balance d,1801,1558,2198,ESTIMATED_ MODEL
898,C016,Tomato,Vegetabl e,Tamil Nadu,2020,10,Oct,2020-10,87789.1,91636.9,85072.2,6564.6,0.08,Balance d,1762,1514,1952,ESTIMATED_ MODEL
899,C016,Tomato,Vegetabl e,Tamil Nadu,2020,11,Nov,2020-11,83421.0,87286.9,85072.2,2214.7,0.03,Balance d,1748,1516,2100,ESTIMATED_ MODEL
900,C016,Tomato,Vegetabl e,Tamil Nadu,2020,12,Dec,2020-12,81169.9,85045.2,85072.2,-27.0,-0.0,Balance d,1746,1561,1965,ESTIMATED_ MODEL
901,C017,Brinjal,Vegetabl e,Tamil Nadu,2020,1,Jan,2020-01,38357.3,40082.7,35248.5,4834.2,0.14,Surplus,2111,1692,2568,ESTIMATED_ MODEL
902,C017,Brinjal,Vegetabl e,Tamil Nadu,2020,2,Feb,2020-02,38385.5,40110.7,35248.5,4862.2,0.14,Surplus,2168,1886,2658,ESTIMATED_ MODEL
903,C017,Brinjal,Vegetabl e,Tamil Nadu,2020,3,Mar,2020-03,38167.2,39893.4,35248.5,4644.9,0.13,Surplus,2196,1968,2592,ESTIMATED_ MODEL
904,C017,Brinjal,Vegetabl e,Tamil Nadu,2020,4,Apr,2020-04,36487.2,38220.4,35248.5,2971.9,0.08,Balance d,2170,1823,2437,ESTIMATED_ MODEL
905,C017,Brinjal,Vegetabl e,Tamil Nadu,2020,5,May,2020-05,35951.4,37686.8,35248.5,2438.3,0.07,Balance d,2186,1809,2707,ESTIMATED_ MODEL
906,C017,Brinjal,Vegetabl e,Tamil Nadu,2020,6,Jun,2020-06,38110.1,39836.5,35248.5,4588.0,0.13,Surplus,2168,1862,2500,ESTIMATED_ MODEL
907,C017,Brinjal,Vegetabl e,Tamil Nadu,2020,7,Jul,2020-07,37945.2,39672.3,35248.5,4423.8,0.13,Surplus,2099,1686,2442,ESTIMATED_ MODEL
908,C017,Brinjal,Vegetabl e,Tamil Nadu,2020,8,Aug,2020-08,36055.5,37790.5,35248.5,2542.0,0.07,Balance d,2121,1825,2613,ESTIMATED_ MODEL
909,C017,Brinjal,Vegetabl e,Tamil Nadu,2020,9,Sep,2020-09,38421.5,40146.6,35248.5,4898.1,0.14,Surplus,2204,1909,2495,ESTIMATED_ MODEL
910,C017,Brinjal,Vegetabl e,Tamil Nadu,2020,10,Oct,2020-10,37296.7,39026.5,35248.5,3778.0,0.11,Surplus,2212,1966,2499,ESTIMATED_ MODEL
911,C017,Brinjal,Vegetabl e,Tamil Nadu,2020,11,Nov,2020-11,38253.3,39979.1,35248.5,4730.6,0.13,Surplus,2187,1812,2669,ESTIMATED_ MODEL
912,C017,Brinjal,Vegetabl e,Tamil Nadu,2020,12,Dec,2020-12,39016.5,40739.1,35248.5,5490.6,0.16,Surplus,2214,1778,2733,ESTIMATED_ MODEL
913,C018,Green Chilli,Vegetabl e,Tamil Nadu,2020,1,Jan,2020-01,13015.7,14148.7,11577.1,2571.6,0.22,Surplus,3312,2719,3757,ESTIMATED_ MODEL
914,C018,Green Chilli,Vegetabl e,Tamil Nadu,2020,2,Feb,2020-02,12264.3,13403.6,11577.1,1826.6,0.16,Surplus,3430,2836,3825,ESTIMATED_ MODEL
915,C018,Green Chilli,Vegetabl e,Tamil Nadu,2020,3,Mar,2020-03,12829.5,13964.1,11577.1,2387.0,0.21,Surplus,3340,2721,4162,ESTIMATED_ MODEL
916,C018,Green Chilli,Vegetabl e,Tamil Nadu,2020,4,Apr,2020-04,11669.3,12813.6,11577.1,1236.5,0.11,Surplus,3518,3155,4102,ESTIMATED_ MODEL
917,C018,Green Chilli,Vegetabl e,Tamil Nadu,2020,5,May,2020-05,12072.6,13213.5,11577.1,1636.4,0.14,Surplus,3398,2990,3904,ESTIMATED_ MODEL
918,C018,Green Chilli,Vegetabl e,Tamil Nadu,2020,6,Jun,2020-06,11676.1,12820.3,11577.1,1243.3,0.11,Surplus,3420,2816,3829,ESTIMATED_ MODEL
919,C018,Green Chilli,Vegetabl e,Tamil Nadu,2020,7,Jul,2020-07,13018.6,14151.6,11577.1,2574.5,0.22,Surplus,3351,2799,4025,ESTIMATED_ MODEL
920,C018,Green Chilli,Vegetabl e,Tamil Nadu,2020,8,Aug,2020-08,12784.5,13919.5,11577.1,2342.4,0.2,Surplus,3320,2726,4055,ESTIMATED_ MODEL
921,C018,Green Chilli,Vegetabl e,Tamil Nadu,2020,9,Sep,2020-09,12837.1,13971.6,11577.1,2394.5,0.21,Surplus,3336,2783,4102,ESTIMATED_ MODEL
922,C018,Green Chilli,Vegetabl e,Tamil Nadu,2020,10,Oct,2020-10,12963.3,14096.8,11577.1,2519.7,0.22,Surplus,3332,2693,3907,ESTIMATED_ MODEL
923,C018,Green Chilli,Vegetabl e,Tamil Nadu,2020,11,Nov,2020-11,11702.9,12846.9,11577.1,1269.8,0.11,Surplus,3420,2928,4174,ESTIMATED_ MODEL
924,C018,Green Chilli,Vegetabl e,Tamil Nadu,2020,12,Dec,2020-12,12147.0,13287.3,11577.1,1710.2,0.15,Surplus,3365,2887,3957,ESTIMATED_ MODEL
925,C019,French Beans,Vegetabl e,Tamil Nadu,2020,1,Jan,2020-01,8818.5,9213.2,8167.9,1045.3,0.13,Surplus,3923,3443,4823,ESTIMATED_ MODEL
926,C019,French Beans,Vegetabl e,Tamil Nadu,2020,2,Feb,2020-02,8453.2,8849.4,8167.9,681.5,0.08,Balance d,3866,3300,4740,ESTIMATED_ MODEL
927,C019,French Beans,Vegetabl e,Tamil Nadu,2020,3,Mar,2020-03,8676.6,9071.8,8167.9,903.9,0.11,Surplus,4010,3565,4635,ESTIMATED_ MODEL
928,C019,French Beans,Vegetabl e,Tamil Nadu,2020,4,Apr,2020-04,8253.7,8650.7,8167.9,482.8,0.06,Balance d,3852,3270,4666,ESTIMATED_ MODEL
929,C019,French Beans,Vegetabl e,Tamil Nadu,2020,5,May,2020-05,8647.1,9042.5,8167.9,874.6,0.11,Surplus,3894,3303,4773,ESTIMATED_ MODEL
930,C019,French Beans,Vegetabl e,Tamil Nadu,2020,6,Jun,2020-06,8487.5,8883.5,8167.9,715.6,0.09,Balance d,3875,3433,4498,ESTIMATED_ MODEL
931,C019,French Beans,Vegetabl e,Tamil Nadu,2020,7,Jul,2020-07,9025.4,9419.2,8167.9,1251.3,0.15,Surplus,3828,3236,4648,ESTIMATED_ MODEL
932,C019,French Beans,Vegetabl e,Tamil Nadu,2020,8,Aug,2020-08,8227.3,8624.4,8167.9,456.5,0.06,Balance d,3837,3145,4769,ESTIMATED_ MODEL
933,C019,French Beans,Vegetabl e,Tamil Nadu,2020,9,Sep,2020-09,8604.4,8999.9,8167.9,832.0,0.1,Surplus,3822,3274,4536,ESTIMATED_ MODEL
934,C019,French Beans,Vegetabl e,Tamil Nadu,2020,10,Oct,2020-10,8645.9,9041.3,8167.9,873.4,0.11,Surplus,3894,3366,4417,ESTIMATED_ MODEL
935,C019,French Beans,Vegetabl e,Tamil Nadu,2020,11,Nov,2020-11,8923.9,9318.1,8167.9,1150.2,0.14,Surplus,3888,3255,4663,ESTIMATED_ MODEL
936,C019,French Beans,Vegetabl e,Tamil Nadu,2020,12,Dec,2020-12,8766.7,9161.6,8167.9,993.7,0.12,Surplus,3802,3259,4288,ESTIMATED_ MODEL
937,C020,Cluster Beans,Vegetabl e,Tamil Nadu,2020,1,Jan,2020-01,4959.6,5194.9,4824.8,370.0,0.08,Balance d,3491,3088,4257,ESTIMATED_ MODEL
938,C020,Cluster Beans,Vegetabl e,Tamil Nadu,2020,2,Feb,2020-02,4937.5,5172.9,4824.8,348.0,0.07,Balance d,3413,2960,3867,ESTIMATED_ MODEL
939,C020,Cluster Beans,Vegetabl e,Tamil Nadu,2020,3,Mar,2020-03,5333.4,5567.2,4824.8,742.4,0.15,Surplus,3379,2998,3843,ESTIMATED_ MODEL
940,C020,Cluster Beans,Vegetabl e,Tamil Nadu,2020,4,Apr,2020-04,5000.8,5236.0,4824.8,411.1,0.09,Balance d,3425,2740,4214,ESTIMATED_ MODEL
941,C020,Cluster Beans,Vegetabl e,Tamil Nadu,2020,5,May,2020-05,5395.9,5629.4,4824.8,804.6,0.17,Surplus,3493,3014,4236,ESTIMATED_ MODEL
942,C020,Cluster Beans,Vegetabl e,Tamil Nadu,2020,6,Jun,2020-06,5422.3,5655.7,4824.8,830.8,0.17,Surplus,3355,2838,3867,ESTIMATED_ MODEL
943,C020,Cluster Beans,Vegetabl e,Tamil Nadu,2020,7,Jul,2020-07,5176.7,5411.1,4824.8,586.3,0.12,Surplus,3370,2859,4172,ESTIMATED_ MODEL
944,C020,Cluster Beans,Vegetabl e,Tamil Nadu,2020,8,Aug,2020-08,4912.9,5148.5,4824.8,323.6,0.07,Balance d,3387,2808,3831,ESTIMATED_ MODEL
945,C020,Cluster Beans,Vegetabl e,Tamil Nadu,2020,9,Sep,2020-09,5055.5,5290.5,4824.8,465.6,0.1,Balance d,3413,3041,3994,ESTIMATED_ MODEL
946,C020,Cluster Beans,Vegetabl e,Tamil Nadu,2020,10,Oct,2020-10,5316.2,5550.0,4824.8,725.2,0.15,Surplus,3433,3007,3856,ESTIMATED_ MODEL
947,C020,Cluster Beans,Vegetabl e,Tamil Nadu,2020,11,Nov,2020-11,5051.1,5286.1,4824.8,461.2,0.1,Balance d,3466,2922,4123,ESTIMATED_ MODEL
948,C020,Cluster Beans,Vegetabl e,Tamil Nadu,2020,12,Dec,2020-12,4878.4,5114.1,4824.8,289.3,0.06,Balance d,3593,3151,4167,ESTIMATED_ MODEL
949,C021,Cucumber,Vegetabl e,Tamil Nadu,2020,1,Jan,2020-01,6920.5,7246.3,6772.9,473.4,0.07,Balance d,1735,1533,1950,ESTIMATED_ MODEL
950,C021,Cucumber,Vegetabl e,Tamil Nadu,2020,2,Feb,2020-02,6799.2,7125.5,6772.9,352.6,0.05,Balance d,1696,1433,1926,ESTIMATED_ MODEL
951,C021,Cucumber,Vegetabl e,Tamil Nadu,2020,3,Mar,2020-03,6949.7,7275.3,6772.9,502.4,0.07,Balance d,1692,1476,1890,ESTIMATED_ MODEL
952,C021,Cucumber,Vegetabl e,Tamil Nadu,2020,4,Apr,2020-04,7067.2,7392.4,8127.5,-735.1,-0.09,Balance d,1795,1486,2021,ESTIMATED_ MODEL
953,C021,Cucumber,Vegetabl e,Tamil Nadu,2020,5,May,2020-05,7214.4,7538.9,8127.5,-588.6,-0.07,Balance d,1766,1554,2046,ESTIMATED_ MODEL
954,C021,Cucumber,Vegetabl e,Tamil Nadu,2020,6,Jun,2020-06,7304.7,7628.9,6772.9,856.0,0.13,Surplus,1753,1424,2131,ESTIMATED_ MODEL
955,C021,Cucumber,Vegetabl e,Tamil Nadu,2020,7,Jul,2020-07,7560.2,7883.3,6772.9,1110.4,0.16,Surplus,1688,1465,2001,ESTIMATED_ MODEL
956,C021,Cucumber,Vegetabl e,Tamil Nadu,2020,8,Aug,2020-08,7213.7,7538.3,6772.9,765.4,0.11,Surplus,1775,1489,1970,ESTIMATED_ MODEL
957,C021,Cucumber,Vegetabl e,Tamil Nadu,2020,9,Sep,2020-09,7206.3,7530.9,6772.9,758.0,0.11,Surplus,1679,1482,1979,ESTIMATED_ MODEL
958,C021,Cucumber,Vegetabl e,Tamil Nadu,2020,10,Oct,2020-10,6816.3,7142.5,6772.9,369.6,0.05,Balance d,1774,1461,2043,ESTIMATED_ MODEL
959,C021,Cucumber,Vegetabl e,Tamil Nadu,2020,11,Nov,2020-11,6803.1,7129.3,6772.9,356.4,0.05,Balance d,1696,1520,2036,ESTIMATED_ MODEL
960,C021,Cucumber,Vegetabl e,Tamil Nadu,2020,12,Dec,2020-12,7249.4,7573.8,6772.9,800.9,0.12,Surplus,1774,1466,2114,ESTIMATED_ MODEL
961,C022,Bitter Gourd,Vegetabl e,Tamil Nadu,2020,1,Jan,2020-01,5583.4,5849.3,5365.9,483.4,0.09,Balance d,3128,2600,3601,ESTIMATED_ MODEL
962,C022,Bitter Gourd,Vegetabl e,Tamil Nadu,2020,2,Feb,2020-02,5946.8,6211.2,5365.9,845.4,0.16,Surplus,2929,2473,3337,ESTIMATED_ MODEL
963,C022,Bitter Gourd,Vegetabl e,Tamil Nadu,2020,3,Mar,2020-03,6014.7,6278.8,5365.9,912.9,0.17,Surplus,2972,2626,3686,ESTIMATED_ MODEL
964,C022,Bitter Gourd,Vegetabl e,Tamil Nadu,2020,4,Apr,2020-04,5972.0,6236.3,5365.9,870.4,0.16,Surplus,2946,2467,3652,ESTIMATED_ MODEL
965,C022,Bitter Gourd,Vegetabl e,Tamil Nadu,2020,5,May,2020-05,5872.1,6136.8,5365.9,771.0,0.14,Surplus,2932,2373,3297,ESTIMATED_ MODEL
966,C022,Bitter Gourd,Vegetabl e,Tamil Nadu,2020,6,Jun,2020-06,5555.9,5822.0,5365.9,456.1,0.09,Balance d,3058,2492,3808,ESTIMATED_ MODEL
967,C022,Bitter Gourd,Vegetabl e,Tamil Nadu,2020,7,Jul,2020-07,5558.8,5824.8,5365.9,458.9,0.09,Balance d,3030,2576,3445,ESTIMATED_ MODEL
968,C022,Bitter Gourd,Vegetabl e,Tamil Nadu,2020,8,Aug,2020-08,6025.8,6289.9,5365.9,924.0,0.17,Surplus,2995,2594,3632,ESTIMATED_ MODEL
969,C022,Bitter Gourd,Vegetabl e,Tamil Nadu,2020,9,Sep,2020-09,5372.9,5639.7,5365.9,273.8,0.05,Balance d,3103,2662,3834,ESTIMATED_ MODEL
970,C022,Bitter Gourd,Vegetabl e,Tamil Nadu,2020,10,Oct,2020-10,5856.4,6121.1,5365.9,755.3,0.14,Surplus,3073,2691,3406,ESTIMATED_ MODEL
971,C022,Bitter Gourd,Vegetabl e,Tamil Nadu,2020,11,Nov,2020-11,5849.7,6114.5,5365.9,748.6,0.14,Surplus,2924,2401,3507,ESTIMATED_ MODEL
972,C022,Bitter Gourd,Vegetabl e,Tamil Nadu,2020,12,Dec,2020-12,5792.4,6057.5,5365.9,691.6,0.13,Surplus,3004,2524,3703,ESTIMATED_ MODEL
973,C023,Bottle Gourd,Vegetabl e,Tamil Nadu,2020,1,Jan,2020-01,20818.8,21719.8,18653.8,3066.1,0.16,Surplus,1524,1294,1745,ESTIMATED_ MODEL
974,C023,Bottle Gourd,Vegetabl e,Tamil Nadu,2020,2,Feb,2020-02,19401.2,20308.1,18653.8,1654.4,0.09,Balance d,1572,1325,1768,ESTIMATED_ MODEL
975,C023,Bottle Gourd,Vegetabl e,Tamil Nadu,2020,3,Mar,2020-03,20299.4,21202.6,18653.8,2548.8,0.14,Surplus,1515,1294,1871,ESTIMATED_ MODEL
976,C023,Bottle Gourd,Vegetabl e,Tamil Nadu,2020,4,Apr,2020-04,19300.6,20207.9,18653.8,1554.2,0.08,Balance d,1549,1353,1857,ESTIMATED_ MODEL
977,C023,Bottle Gourd,Vegetabl e,Tamil Nadu,2020,5,May,2020-05,19107.7,20015.8,18653.8,1362.0,0.07,Balance d,1607,1418,1905,ESTIMATED_ MODEL
978,C023,Bottle Gourd,Vegetabl e,Tamil Nadu,2020,6,Jun,2020-06,19093.4,20001.6,18653.8,1347.9,0.07,Balance d,1581,1407,1834,ESTIMATED_ MODEL
979,C023,Bottle Gourd,Vegetabl e,Tamil Nadu,2020,7,Jul,2020-07,19468.4,20375.1,18653.8,1721.3,0.09,Balance d,1545,1238,1891,ESTIMATED_ MODEL
980,C023,Bottle Gourd,Vegetabl e,Tamil Nadu,2020,8,Aug,2020-08,19677.6,20583.4,18653.8,1929.6,0.1,Surplus,1588,1287,1884,ESTIMATED_ MODEL
981,C023,Bottle Gourd,Vegetabl e,Tamil Nadu,2020,9,Sep,2020-09,20632.5,21534.3,18653.8,2880.6,0.15,Surplus,1543,1253,1925,ESTIMATED_ MODEL
982,C023,Bottle Gourd,Vegetabl e,Tamil Nadu,2020,10,Oct,2020-10,18939.3,19848.1,18653.8,1194.3,0.06,Balance d,1541,1243,1833,ESTIMATED_ MODEL
983,C023,Bottle Gourd,Vegetabl e,Tamil Nadu,2020,11,Nov,2020-11,20403.9,21306.6,18653.8,2652.8,0.14,Surplus,1572,1263,1885,ESTIMATED_ MODEL
984,C023,Bottle Gourd,Vegetabl e,Tamil Nadu,2020,12,Dec,2020-12,19919.3,20824.1,18653.8,2170.3,0.12,Surplus,1559,1263,1755,ESTIMATED_ MODEL
985,C024,Ridge Gourd,Vegetabl e,Tamil Nadu,2020,1,Jan,2020-01,8063.4,8444.3,7769.4,674.8,0.09,Balance d,2562,2207,2915,ESTIMATED_ MODEL
986,C024,Ridge Gourd,Vegetabl e,Tamil Nadu,2020,2,Feb,2020-02,8700.1,9078.3,7769.4,1308.9,0.17,Surplus,2585,2161,3163,ESTIMATED_ MODEL
987,C024,Ridge Gourd,Vegetabl e,Tamil Nadu,2020,3,Mar,2020-03,8581.5,8960.2,7769.4,1190.8,0.15,Surplus,2630,2229,3031,ESTIMATED_ MODEL
988,C024,Ridge Gourd,Vegetabl e,Tamil Nadu,2020,4,Apr,2020-04,8745.0,9123.0,7769.4,1353.6,0.17,Surplus,2549,2244,2929,ESTIMATED_ MODEL
989,C024,Ridge Gourd,Vegetabl e,Tamil Nadu,2020,5,May,2020-05,8027.0,8408.0,7769.4,638.6,0.08,Balance d,2561,2070,2996,ESTIMATED_ MODEL
990,C024,Ridge Gourd,Vegetabl e,Tamil Nadu,2020,6,Jun,2020-06,8731.3,9109.4,7769.4,1339.9,0.17,Surplus,2568,2271,2911,ESTIMATED_ MODEL
991,C024,Ridge Gourd,Vegetabl e,Tamil Nadu,2020,7,Jul,2020-07,8197.2,8577.5,7769.4,808.1,0.1,Surplus,2579,2272,3156,ESTIMATED_ MODEL
992,C024,Ridge Gourd,Vegetabl e,Tamil Nadu,2020,8,Aug,2020-08,8114.1,8494.8,7769.4,725.4,0.09,Balance d,2584,2186,2960,ESTIMATED_ MODEL
993,C024,Ridge Gourd,Vegetabl e,Tamil Nadu,2020,9,Sep,2020-09,7819.4,8201.3,7769.4,431.9,0.06,Balance d,2686,2181,3331,ESTIMATED_ MODEL
994,C024,Ridge Gourd,Vegetabl e,Tamil Nadu,2020,10,Oct,2020-10,7821.8,8203.7,7769.4,434.2,0.06,Balance d,2646,2258,2924,ESTIMATED_ MODEL
995,C024,Ridge Gourd,Vegetabl e,Tamil Nadu,2020,11,Nov,2020-11,8455.8,8835.1,7769.4,1065.6,0.14,Surplus,2581,2170,2902,ESTIMATED_ MODEL
996,C024,Ridge Gourd,Vegetabl e,Tamil Nadu,2020,12,Dec,2020-12,8223.6,8603.9,7769.4,834.4,0.11,Surplus,2622,2352,3105,ESTIMATED_ MODEL
997,C025,Ash Gourd,Vegetabl e,Tamil Nadu,2020,1,Jan,2020-01,5542.7,6197.1,4578.9,1618.2,0.35,Surplus,1276,1125,1521,ESTIMATED_ MODEL
998,C025,Ash Gourd,Vegetabl e,Tamil Nadu,2020,2,Feb,2020-02,5787.6,6438.9,4578.9,1860.1,0.41,Surplus,1229,1015,1372,ESTIMATED_ MODEL
999,C025,Ash Gourd,Vegetabl e,Tamil Nadu,2020,3,Mar,2020-03,5576.3,6230.2,4578.9,1651.4,0.36,Surplus,1237,1040,1486,ESTIMATED_ MODEL
1000,C025,Ash Gourd,Vegetabl e,Tamil Nadu,2020,4,Apr,2020-04,5924.5,6574.1,4578.9,1995.2,0.44,Surplus,1246,1005,1444,ESTIMATED_ MODEL
1001,C025,Ash Gourd,Vegetabl e,Tamil Nadu,2020,5,May,2020-05,0.0,723.7,4578.9,-3855.2,-0.84,Shortag e,1461,1192,1789,ESTIMATED_ MODEL
1002,C025,Ash Gourd,Vegetabl e,Tamil Nadu,2020,6,Jun,2020-06,0.0,723.7,4578.9,-3855.2,-0.84,Shortag e,1450,1221,1632,ESTIMATED_ MODEL
1003,C025,Ash Gourd,Vegetabl e,Tamil Nadu,2020,7,Jul,2020-07,6152.9,6799.7,4578.9,2220.8,0.48,Surplus,1254,1073,1422,ESTIMATED_ MODEL
1004,C025,Ash Gourd,Vegetabl e,Tamil Nadu,2020,8,Aug,2020-08,5958.9,6608.0,4578.9,2029.2,0.44,Surplus,1232,1076,1532,ESTIMATED_ MODEL
1005,C025,Ash Gourd,Vegetabl e,Tamil Nadu,2020,9,Sep,2020-09,5548.5,6202.8,4578.9,1624.0,0.35,Surplus,1227,1090,1522,ESTIMATED_ MODEL
1006,C025,Ash Gourd,Vegetabl e,Tamil Nadu,2020,10,Oct,2020-10,5743.4,6395.3,5952.5,442.8,0.07,Balance d,1338,1155,1598,ESTIMATED_ MODEL
1007,C025,Ash Gourd,Vegetabl e,Tamil Nadu,2020,11,Nov,2020-11,5880.9,6531.1,4578.9,1952.2,0.43,Surplus,1227,1074,1448,ESTIMATED_ MODEL
1008,C025,Ash Gourd,Vegetabl e,Tamil Nadu,2020,12,Dec,2020-12,5777.5,6428.9,4578.9,1850.1,0.4,Surplus,1254,1056,1517,ESTIMATED_ MODEL
1009,C026,Pumpkin,Vegetabl e,Tamil Nadu,2020,1,Jan,2020-01,11503.6,13726.3,11292.5,2433.8,0.22,Surplus,1283,1068,1418,ESTIMATED_ MODEL
1010,C026,Pumpkin,Vegetabl e,Tamil Nadu,2020,2,Feb,2020-02,12493.2,14699.5,11292.5,3407.0,0.3,Surplus,1242,994,1548,ESTIMATED_ MODEL
1011,C026,Pumpkin,Vegetabl e,Tamil Nadu,2020,3,Mar,2020-03,12071.4,14284.7,11292.5,2992.2,0.27,Surplus,1304,1095,1577,ESTIMATED_ MODEL
1012,C026,Pumpkin,Vegetabl e,Tamil Nadu,2020,4,Apr,2020-04,12510.2,14716.1,11292.5,3423.6,0.3,Surplus,1247,1081,1523,ESTIMATED_ MODEL
1013,C026,Pumpkin,Vegetabl e,Tamil Nadu,2020,5,May,2020-05,11914.3,14130.2,11292.5,2837.7,0.25,Surplus,1305,1096,1589,ESTIMATED_ MODEL
1014,C026,Pumpkin,Vegetabl e,Tamil Nadu,2020,6,Jun,2020-06,11838.9,14056.1,11292.5,2763.6,0.24,Surplus,1253,1126,1383,ESTIMATED_ MODEL
1015,C026,Pumpkin,Vegetabl e,Tamil Nadu,2020,7,Jul,2020-07,12611.6,14815.9,11292.5,3523.4,0.31,Surplus,1266,1096,1523,ESTIMATED_ MODEL
1016,C026,Pumpkin,Vegetabl e,Tamil Nadu,2020,8,Aug,2020-08,11654.6,13874.8,11292.5,2582.3,0.23,Surplus,1244,1112,1402,ESTIMATED_ MODEL
1017,C026,Pumpkin,Vegetabl e,Tamil Nadu,2020,9,Sep,2020-09,12509.5,14715.5,11292.5,3423.0,0.3,Surplus,1269,1044,1455,ESTIMATED_ MODEL
1018,C026,Pumpkin,Vegetabl e,Tamil Nadu,2020,10,Oct,2020-10,11990.3,14204.9,13551.0,653.9,0.05,Balance d,1314,1106,1477,ESTIMATED_ MODEL
1019,C026,Pumpkin,Vegetabl e,Tamil Nadu,2020,11,Nov,2020-11,12033.6,14247.5,11292.5,2955.0,0.26,Surplus,1242,1045,1507,ESTIMATED_ MODEL
1020,C026,Pumpkin,Vegetabl e,Tamil Nadu,2020,12,Dec,2020-12,11737.2,13956.0,11292.5,2663.5,0.24,Surplus,1304,1054,1512,ESTIMATED_ MODEL
1021,C027,Cabbage,Vegetabl e,Tamil Nadu,2020,1,Jan,2020-01,16453.0,18056.8,13134.6,4922.2,0.37,Surplus,1239,997,1370,ESTIMATED_ MODEL
1022,C027,Cabbage,Vegetabl e,Tamil Nadu,2020,2,Feb,2020-02,17805.1,19397.7,13134.6,6263.1,0.48,Surplus,1231,1033,1359,ESTIMATED_ MODEL
1023,C027,Cabbage,Vegetabl e,Tamil Nadu,2020,3,Mar,2020-03,17680.9,19274.5,13134.6,6139.9,0.47,Surplus,1234,988,1503,ESTIMATED_ MODEL
1024,C027,Cabbage,Vegetabl e,Tamil Nadu,2020,4,Apr,2020-04,16759.9,18361.1,13134.6,5226.6,0.4,Surplus,1225,985,1456,ESTIMATED_ MODEL
1025,C027,Cabbage,Vegetabl e,Tamil Nadu,2020,5,May,2020-05,16908.3,18508.3,13134.6,5373.7,0.41,Surplus,1230,1104,1454,ESTIMATED_ MODEL
1026,C027,Cabbage,Vegetabl e,Tamil Nadu,2020,6,Jun,2020-06,16467.9,18071.6,13134.6,4937.0,0.38,Surplus,1227,1069,1400,ESTIMATED_ MODEL
1027,C027,Cabbage,Vegetabl e,Tamil Nadu,2020,7,Jul,2020-07,18168.2,19757.7,13134.6,6623.1,0.5,Surplus,1252,1048,1480,ESTIMATED_ MODEL
1028,C027,Cabbage,Vegetabl e,Tamil Nadu,2020,8,Aug,2020-08,18461.1,20048.2,13134.6,6913.6,0.53,Surplus,1180,994,1445,ESTIMATED_ MODEL
1029,C027,Cabbage,Vegetabl e,Tamil Nadu,2020,9,Sep,2020-09,16702.1,18303.8,13134.6,5169.3,0.39,Surplus,1266,1041,1435,ESTIMATED_ MODEL
1030,C027,Cabbage,Vegetabl e,Tamil Nadu,2020,10,Oct,2020-10,16903.4,18503.4,13134.6,5368.8,0.41,Surplus,1264,1128,1408,ESTIMATED_ MODEL
1031,C027,Cabbage,Vegetabl e,Tamil Nadu,2020,11,Nov,2020-11,18238.3,19827.3,13134.6,6692.7,0.51,Surplus,1215,1013,1495,ESTIMATED_ MODEL
1032,C027,Cabbage,Vegetabl e,Tamil Nadu,2020,12,Dec,2020-12,18360.0,19947.9,13134.6,6813.4,0.52,Surplus,1184,972,1436,ESTIMATED_ MODEL
1033,C028,Cauliflower,Vegetabl e,Tamil Nadu,2020,1,Jan,2020-01,5264.5,5503.6,4953.1,550.5,0.11,Surplus,1887,1587,2268,ESTIMATED_ MODEL
1034,C028,Cauliflower,Vegetabl e,Tamil Nadu,2020,2,Feb,2020-02,5232.6,5471.8,4953.1,518.7,0.1,Surplus,1854,1489,2148,ESTIMATED_ MODEL
1035,C028,Cauliflower,Vegetabl e,Tamil Nadu,2020,3,Mar,2020-03,5164.5,5404.0,4953.1,450.9,0.09,Balance d,1932,1583,2311,ESTIMATED_ MODEL
1036,C028,Cauliflower,Vegetabl e,Tamil Nadu,2020,4,Apr,2020-04,5202.6,5441.9,4953.1,488.8,0.1,Balance d,1879,1670,2319,ESTIMATED_ MODEL
1037,C028,Cauliflower,Vegetabl e,Tamil Nadu,2020,5,May,2020-05,5288.2,5527.1,4953.1,574.0,0.12,Surplus,1878,1546,2182,ESTIMATED_ MODEL
1038,C028,Cauliflower,Vegetabl e,Tamil Nadu,2020,6,Jun,2020-06,5055.1,5295.0,4953.1,342.0,0.07,Balance d,1885,1635,2308,ESTIMATED_ MODEL
1039,C028,Cauliflower,Vegetabl e,Tamil Nadu,2020,7,Jul,2020-07,5314.7,5553.6,4953.1,600.5,0.12,Surplus,1920,1695,2227,ESTIMATED_ MODEL
1040,C028,Cauliflower,Vegetabl e,Tamil Nadu,2020,8,Aug,2020-08,5462.4,5700.6,4953.1,747.5,0.15,Surplus,1852,1618,2137,ESTIMATED_ MODEL
1041,C028,Cauliflower,Vegetabl e,Tamil Nadu,2020,9,Sep,2020-09,5433.7,5672.1,4953.1,719.0,0.15,Surplus,1913,1582,2128,ESTIMATED_ MODEL
1042,C028,Cauliflower,Vegetabl e,Tamil Nadu,2020,10,Oct,2020-10,5050.4,5290.3,4953.1,337.3,0.07,Balance d,1973,1609,2463,ESTIMATED_ MODEL
1043,C028,Cauliflower,Vegetabl e,Tamil Nadu,2020,11,Nov,2020-11,5047.4,5287.4,4953.1,334.3,0.07,Balance d,1971,1733,2364,ESTIMATED_ MODEL
1044,C028,Cauliflower,Vegetabl e,Tamil Nadu,2020,12,Dec,2020-12,5122.6,5362.3,4953.1,409.2,0.08,Balance d,1921,1703,2196,ESTIMATED_ MODEL
1045,C029,Carrot,Root vegetable,Tamil Nadu,2020,1,Jan,2020-01,21213.8,25092.7,15727.4,9365.3,0.6,Surplus,2715,2394,3003,ESTIMATED_ MODEL
1046,C029,Carrot,Root vegetable,Tamil Nadu,2020,2,Feb,2020-02,20691.2,24578.9,15727.4,8851.4,0.56,Surplus,2892,2600,3308,ESTIMATED_ MODEL
1047,C029,Carrot,Root vegetable,Tamil Nadu,2020,3,Mar,2020-03,20732.1,24619.1,15727.4,8891.7,0.57,Surplus,2765,2423,3146,ESTIMATED_ MODEL
1048,C029,Carrot,Root vegetable,Tamil Nadu,2020,4,Apr,2020-04,20488.2,24379.2,15727.4,8651.8,0.55,Surplus,2893,2344,3237,ESTIMATED_ MODEL
1049,C029,Carrot,Root vegetable,Tamil Nadu,2020,5,May,2020-05,21075.3,24956.6,15727.4,9229.1,0.59,Surplus,2897,2513,3555,ESTIMATED_ MODEL
1050,C029,Carrot,Root vegetable,Tamil Nadu,2020,6,Jun,2020-06,21794.0,25663.2,15727.4,9935.8,0.63,Surplus,2755,2390,3276,ESTIMATED_ MODEL
1051,C029,Carrot,Root vegetable,Tamil Nadu,2020,7,Jul,2020-07,20165.1,24061.5,15727.4,8334.0,0.53,Surplus,2854,2478,3386,ESTIMATED_ MODEL
1052,C029,Carrot,Root vegetable,Tamil Nadu,2020,8,Aug,2020-08,22004.4,25870.2,15727.4,10142.7,0.64,Surplus,2768,2291,3365,ESTIMATED_ MODEL
1053,C029,Carrot,Root vegetable,Tamil Nadu,2020,9,Sep,2020-09,21388.7,25264.7,15727.4,9537.3,0.61,Surplus,2749,2389,3120,ESTIMATED_ MODEL
1054,C029,Carrot,Root vegetable,Tamil Nadu,2020,10,Oct,2020-10,21725.4,25595.8,15727.4,9868.4,0.63,Surplus,2813,2460,3186,ESTIMATED_ MODEL
1055,C029,Carrot,Root vegetable,Tamil Nadu,2020,11,Nov,2020-11,21055.2,24936.7,15727.4,9209.3,0.59,Surplus,2728,2218,3248,ESTIMATED_ MODEL
1056,C029,Carrot,Root vegetable,Tamil Nadu,2020,12,Dec,2020-12,21615.6,25487.9,15727.4,9760.4,0.62,Surplus,2857,2299,3458,ESTIMATED_ MODEL
1057,C030,Radish,Root vegetable,Tamil Nadu,2020,1,Jan,2020-01,7623.1,7967.3,7184.2,783.0,0.11,Surplus,1538,1333,1915,ESTIMATED_ MODEL
1058,C030,Radish,Root vegetable,Tamil Nadu,2020,2,Feb,2020-02,8036.1,8378.6,7184.2,1194.3,0.17,Surplus,1501,1335,1781,ESTIMATED_ MODEL
1059,C030,Radish,Root vegetable,Tamil Nadu,2020,3,Mar,2020-03,7488.7,7833.4,7184.2,649.2,0.09,Balance d,1568,1333,1741,ESTIMATED_ MODEL
1060,C030,Radish,Root vegetable,Tamil Nadu,2020,4,Apr,2020-04,7611.0,7955.2,7184.2,771.0,0.11,Surplus,1519,1306,1749,ESTIMATED_ MODEL
1061,C030,Radish,Root vegetable,Tamil Nadu,2020,5,May,2020-05,7196.8,7542.7,7184.2,358.5,0.05,Balance d,1611,1354,1807,ESTIMATED_ MODEL
1062,C030,Radish,Root vegetable,Tamil Nadu,2020,6,Jun,2020-06,7259.1,7604.7,7184.2,420.5,0.06,Balance d,1590,1319,1874,ESTIMATED_ MODEL
1063,C030,Radish,Root vegetable,Tamil Nadu,2020,7,Jul,2020-07,7421.4,7766.4,7184.2,582.1,0.08,Balance d,1583,1409,1930,ESTIMATED_ MODEL
1064,C030,Radish,Root vegetable,Tamil Nadu,2020,8,Aug,2020-08,7209.8,7555.6,7184.2,371.4,0.05,Balance d,1588,1378,1972,ESTIMATED_ MODEL
1065,C030,Radish,Root vegetable,Tamil Nadu,2020,9,Sep,2020-09,7763.3,8106.9,7184.2,922.6,0.13,Surplus,1534,1227,1750,ESTIMATED_ MODEL
1066,C030,Radish,Root vegetable,Tamil Nadu,2020,10,Oct,2020-10,7575.3,7919.6,7184.2,735.4,0.1,Surplus,1532,1327,1831,ESTIMATED_ MODEL
1067,C030,Radish,Root vegetable,Tamil Nadu,2020,11,Nov,2020-11,7687.0,8030.8,7184.2,846.6,0.12,Surplus,1564,1254,1892,ESTIMATED_ MODEL
1068,C030,Radish,Root vegetable,Tamil Nadu,2020,12,Dec,2020-12,7344.4,7689.7,7184.2,505.5,0.07,Balance d,1550,1343,1835,ESTIMATED_ MODEL
1069,C031,Beetroot,Root vegetable,Tamil Nadu,2020,1,Jan,2020-01,4871.0,5570.2,4788.7,781.5,0.16,Surplus,2552,2107,2812,ESTIMATED_ MODEL
1070,C031,Beetroot,Root vegetable,Tamil Nadu,2020,2,Feb,2020-02,4846.4,5546.0,4788.7,757.3,0.16,Surplus,2583,2286,3213,ESTIMATED_ MODEL
1071,C031,Beetroot,Root vegetable,Tamil Nadu,2020,3,Mar,2020-03,5297.0,5990.9,4788.7,1202.2,0.25,Surplus,2550,2172,2838,ESTIMATED_ MODEL
1072,C031,Beetroot,Root vegetable,Tamil Nadu,2020,4,Apr,2020-04,5350.1,6043.4,4788.7,1254.7,0.26,Surplus,2543,2131,3030,ESTIMATED_ MODEL
1073,C031,Beetroot,Root vegetable,Tamil Nadu,2020,5,May,2020-05,5185.9,5881.2,4788.7,1092.5,0.23,Surplus,2532,2086,2821,ESTIMATED_ MODEL
1074,C031,Beetroot,Root vegetable,Tamil Nadu,2020,6,Jun,2020-06,4851.9,5551.4,4788.7,762.7,0.16,Surplus,2547,2062,2869,ESTIMATED_ MODEL
1075,C031,Beetroot,Root vegetable,Tamil Nadu,2020,7,Jul,2020-07,5034.5,5731.7,4788.7,943.0,0.2,Surplus,2639,2228,3113,ESTIMATED_ MODEL
1076,C031,Beetroot,Root vegetable,Tamil Nadu,2020,8,Aug,2020-08,5234.3,5929.0,4788.7,1140.3,0.24,Surplus,2604,2343,3093,ESTIMATED_ MODEL
1077,C031,Beetroot,Root vegetable,Tamil Nadu,2020,9,Sep,2020-09,5265.4,5959.7,4788.7,1171.0,0.24,Surplus,2592,2158,2970,ESTIMATED_ MODEL
1078,C031,Beetroot,Root vegetable,Tamil Nadu,2020,10,Oct,2020-10,4861.0,5560.3,4788.7,771.6,0.16,Surplus,2560,2220,3078,ESTIMATED_ MODEL
1079,C031,Beetroot,Root vegetable,Tamil Nadu,2020,11,Nov,2020-11,4788.7,5489.0,4788.7,700.3,0.15,Surplus,2552,2076,3050,ESTIMATED_ MODEL
1080,C031,Beetroot,Root vegetable,Tamil Nadu,2020,12,Dec,2020-12,5224.0,5918.9,4788.7,1130.2,0.24,Surplus,2487,2134,2995,ESTIMATED_ MODEL
1081,C032,Onion,Bulb vegetable,Tamil Nadu,2020,1,Jan,2020-01,80448.9,115478.8,91737.1,23741.7,0.26,Surplus,2592,2125,2901,ESTIMATED_ MODEL
1082,C032,Onion,Bulb vegetable,Tamil Nadu,2020,2,Feb,2020-02,81567.4,116541.4,91737.1,24804.3,0.27,Surplus,2606,2113,3054,ESTIMATED_ MODEL
1083,C032,Onion,Bulb vegetable,Tamil Nadu,2020,3,Mar,2020-03,78073.7,113222.5,91737.1,21485.3,0.23,Surplus,2560,2187,2849,ESTIMATED_ MODEL
1084,C032,Onion,Bulb vegetable,Tamil Nadu,2020,4,Apr,2020-04,80231.3,115272.1,91737.1,23535.0,0.26,Surplus,2468,2000,2931,ESTIMATED_ MODEL
1085,C032,Onion,Bulb vegetable,Tamil Nadu,2020,5,May,2020-05,79190.6,114283.5,91737.1,22546.4,0.25,Surplus,2549,2099,3048,ESTIMATED_ MODEL
1086,C032,Onion,Bulb vegetable,Tamil Nadu,2020,6,Jun,2020-06,0.0,39052.4,91737.1,-52684.7,-0.57,Shortag e,2918,2346,3427,ESTIMATED_ MODEL
1087,C032,Onion,Bulb vegetable,Tamil Nadu,2020,7,Jul,2020-07,0.0,39052.4,91737.1,-52684.7,-0.57,Shortag e,2897,2391,3320,ESTIMATED_ MODEL
1088,C032,Onion,Bulb vegetable,Tamil Nadu,2020,8,Aug,2020-08,75138.3,110433.8,91737.1,18696.7,0.2,Surplus,2577,2293,3148,ESTIMATED_ MODEL
1089,C032,Onion,Bulb vegetable,Tamil Nadu,2020,9,Sep,2020-09,73630.4,109001.2,91737.1,17264.1,0.19,Surplus,2578,2251,2977,ESTIMATED_ MODEL
1090,C032,Onion,Bulb vegetable,Tamil Nadu,2020,10,Oct,2020-10,76055.5,111305.1,105497.7,5807.5,0.06,Balance d,2640,2235,2979,ESTIMATED_ MODEL
1091,C032,Onion,Bulb vegetable,Tamil Nadu,2020,11,Nov,2020-11,77540.4,112715.8,91737.1,20978.7,0.23,Surplus,2581,2208,2978,ESTIMATED_ MODEL
1092,C032,Onion,Bulb vegetable,Tamil Nadu,2020,12,Dec,2020-12,79171.3,114265.1,91737.1,22528.0,0.25,Surplus,2607,2091,2992,ESTIMATED_ MODEL
1093,C033,Potato,Tuber crop,Tamil Nadu,2020,1,Jan,2020-01,15699.1,20820.3,42899.3,-22079.0,-0.51,Shortag e,2336,1897,2775,ESTIMATED_ MODEL
1094,C033,Potato,Tuber crop,Tamil Nadu,2020,2,Feb,2020-02,15581.5,20707.6,42899.3,-22191.7,-0.52,Shortag e,2432,2038,2698,ESTIMATED_ MODEL
1095,C033,Potato,Tuber crop,Tamil Nadu,2020,3,Mar,2020-03,14904.6,20059.0,42899.3,-22840.3,-0.53,Shortag e,2354,2002,2647,ESTIMATED_ MODEL
1096,C033,Potato,Tuber crop,Tamil Nadu,2020,4,Apr,2020-04,15533.2,20661.3,42899.3,-22238.0,-0.52,Shortag e,2391,2152,2793,ESTIMATED_ MODEL
1097,C033,Potato,Tuber crop,Tamil Nadu,2020,5,May,2020-05,15022.5,20172.0,42899.3,-22727.3,-0.53,Shortag e,2355,1978,2631,ESTIMATED_ MODEL
1098,C033,Potato,Tuber crop,Tamil Nadu,2020,6,Jun,2020-06,15680.3,20802.3,42899.3,-22097.0,-0.52,Shortag e,2420,2036,2803,ESTIMATED_ MODEL
1099,C033,Potato,Tuber crop,Tamil Nadu,2020,7,Jul,2020-07,0.0,5775.4,42899.3,-37123.9,-0.87,Shortag e,2506,2116,3001,ESTIMATED_ MODEL
1100,C033,Potato,Tuber crop,Tamil Nadu,2020,8,Aug,2020-08,0.0,5775.4,42899.3,-37123.9,-0.87,Shortag e,2427,2139,3012,ESTIMATED_ MODEL
1101,C033,Potato,Tuber crop,Tamil Nadu,2020,9,Sep,2020-09,15128.9,20273.9,42899.3,-22625.4,-0.53,Shortag e,2393,2143,2687,ESTIMATED_ MODEL
1102,C033,Potato,Tuber crop,Tamil Nadu,2020,10,Oct,2020-10,15052.4,20200.6,42899.3,-22698.7,-0.53,Shortag e,2371,2040,2815,ESTIMATED_ MODEL
1103,C033,Potato,Tuber crop,Tamil Nadu,2020,11,Nov,2020-11,16006.1,21114.6,42899.3,-21784.7,-0.51,Shortag e,2354,1963,2634,ESTIMATED_ MODEL
1104,C033,Potato,Tuber crop,Tamil Nadu,2020,12,Dec,2020-12,0.0,5775.4,42899.3,-37123.9,-0.87,Shortag e,2471,2017,2990,ESTIMATED_ MODEL
1105,C034,Sweet Potato,Tuber crop,Tamil Nadu,2020,1,Jan,2020-01,7350.9,8727.5,5350.6,3376.9,0.63,Surplus,2323,1990,2872,ESTIMATED_ MODEL
1106,C034,Sweet Potato,Tuber crop,Tamil Nadu,2020,2,Feb,2020-02,7810.8,9176.0,4864.2,4311.8,0.89,Surplus,2272,1885,2548,ESTIMATED_ MODEL
1107,C034,Sweet Potato,Tuber crop,Tamil Nadu,2020,3,Mar,2020-03,7850.8,9214.9,4864.2,4350.7,0.89,Surplus,2230,1881,2652,ESTIMATED_ MODEL
1108,C034,Sweet Potato,Tuber crop,Tamil Nadu,2020,4,Apr,2020-04,8108.5,9466.2,4864.2,4602.0,0.95,Surplus,2198,1965,2667,ESTIMATED_ MODEL
1109,C034,Sweet Potato,Tuber crop,Tamil Nadu,2020,5,May,2020-05,0.0,1560.4,4864.2,-3303.8,-0.68,Shortag e,2922,2580,3250,ESTIMATED_ MODEL
1110,C034,Sweet Potato,Tuber crop,Tamil Nadu,2020,6,Jun,2020-06,0.0,1560.4,4864.2,-3303.8,-0.68,Shortag e,2905,2507,3556,ESTIMATED_ MODEL
1111,C034,Sweet Potato,Tuber crop,Tamil Nadu,2020,7,Jul,2020-07,0.0,1560.4,4864.2,-3303.8,-0.68,Shortag e,2953,2444,3666,ESTIMATED_ MODEL
1112,C034,Sweet Potato,Tuber crop,Tamil Nadu,2020,8,Aug,2020-08,0.0,1560.4,4864.2,-3303.8,-0.68,Shortag e,2849,2528,3549,ESTIMATED_ MODEL
1113,C034,Sweet Potato,Tuber crop,Tamil Nadu,2020,9,Sep,2020-09,7833.8,9198.3,4864.2,4334.1,0.89,Surplus,2236,1950,2473,ESTIMATED_ MODEL
1114,C034,Sweet Potato,Tuber crop,Tamil Nadu,2020,10,Oct,2020-10,7618.1,8988.1,4864.2,4123.9,0.85,Surplus,2289,1949,2717,ESTIMATED_ MODEL
1115,C034,Sweet Potato,Tuber crop,Tamil Nadu,2020,11,Nov,2020-11,8044.3,9403.6,4864.2,4539.4,0.93,Surplus,2339,2028,2742,ESTIMATED_ MODEL
1116,C034,Sweet Potato,Tuber crop,Tamil Nadu,2020,12,Dec,2020-12,7799.6,9165.0,4864.2,4300.8,0.88,Surplus,2338,2093,2580,ESTIMATED_ MODEL
1117,C035,Tapioca/Cassava,Tuber crop,Tamil Nadu,2020,1,Jan,2020-01,223827.2,311852.2,166044.7,145807.6,0.88,Surplus,985,809,1149,ESTIMATED_ MODEL
1118,C035,Tapioca/Cassava,Tuber crop,Tamil Nadu,2020,2,Feb,2020-02,244409.9,331577.2,166044.7,165532.6,1.0,Surplus,941,830,1152,ESTIMATED_ MODEL
1119,C035,Tapioca/Cassava,Tuber crop,Tamil Nadu,2020,3,Mar,2020-03,229316.0,317112.3,166044.7,151067.6,0.91,Surplus,993,830,1212,ESTIMATED_ MODEL
1120,C035,Tapioca/Cassava,Tuber crop,Tamil Nadu,2020,4,Apr,2020-04,225128.7,313099.4,166044.7,147054.8,0.89,Surplus,995,878,1189,ESTIMATED_ MODEL
1121,C035,Tapioca/Cassava,Tuber crop,Tamil Nadu,2020,5,May,2020-05,233824.5,321432.9,166044.7,155388.3,0.94,Surplus,1002,862,1165,ESTIMATED_ MODEL
1122,C035,Tapioca/Cassava,Tuber crop,Tamil Nadu,2020,6,Jun,2020-06,0.0,97351.1,166044.7,-68693.6,-0.41,Shortag e,1246,1064,1484,ESTIMATED_ MODEL
1123,C035,Tapioca/Cassava,Tuber crop,Tamil Nadu,2020,7,Jul,2020-07,0.0,97351.1,166044.7,-68693.6,-0.41,Shortag e,1195,1031,1417,ESTIMATED_ MODEL
1124,C035,Tapioca/Cassava,Tuber crop,Tamil Nadu,2020,8,Aug,2020-08,239593.0,326961.1,166044.7,160916.4,0.97,Surplus,956,770,1138,ESTIMATED_ MODEL
1125,C035,Tapioca/Cassava,Tuber crop,Tamil Nadu,2020,9,Sep,2020-09,232159.7,319837.5,166044.7,153792.8,0.93,Surplus,1003,855,1137,ESTIMATED_ MODEL
1126,C035,Tapioca/Cassava,Tuber crop,Tamil Nadu,2020,10,Oct,2020-10,222935.1,310997.2,166044.7,144952.6,0.87,Surplus,1005,812,1172,ESTIMATED_ MODEL
1127,C035,Tapioca/Cassava,Tuber crop,Tamil Nadu,2020,11,Nov,2020-11,238335.4,325755.9,166044.7,159711.2,0.96,Surplus,955,782,1080,ESTIMATED_ MODEL
1128,C035,Tapioca/Cassava,Tuber crop,Tamil Nadu,2020,12,Dec,2020-12,246897.5,333961.2,166044.7,167916.5,1.01,Surplus,962,775,1116,ESTIMATED_ MODEL
1129,C036,Elephant Foot Yam,Tuber crop,Tamil Nadu,2020,1,Jan,2020-01,11211.7,14436.6,7040.1,7396.5,1.05,Surplus,2606,2314,3085,ESTIMATED_ MODEL
1130,C036,Elephant Foot Yam,Tuber crop,Tamil Nadu,2020,2,Feb,2020-02,11076.2,14306.8,7040.1,7266.7,1.03,Surplus,2688,2163,2996,ESTIMATED_ MODEL
1131,C036,Elephant Foot Yam,Tuber crop,Tamil Nadu,2020,3,Mar,2020-03,11691.4,14896.4,7040.1,7856.3,1.12,Surplus,2480,2030,2929,ESTIMATED_ MODEL
1132,C036,Elephant Foot Yam,Tuber crop,Tamil Nadu,2020,4,Apr,2020-04,10756.1,14000.0,7040.1,6959.9,0.99,Surplus,2650,2132,3291,ESTIMATED_ MODEL
1133,C036,Elephant Foot Yam,Tuber crop,Tamil Nadu,2020,5,May,2020-05,0.0,3692.1,7040.1,-3348.0,-0.48,Shortag e,3362,2790,3738,ESTIMATED_ MODEL
1134,C036,Elephant Foot Yam,Tuber crop,Tamil Nadu,2020,6,Jun,2020-06,0.0,3692.1,7040.1,-3348.0,-0.48,Shortag e,3238,2632,3622,ESTIMATED_ MODEL
1135,C036,Elephant Foot Yam,Tuber crop,Tamil Nadu,2020,7,Jul,2020-07,0.0,3692.1,7040.1,-3348.0,-0.48,Shortag e,3303,2723,3810,ESTIMATED_ MODEL
1136,C036,Elephant Foot Yam,Tuber crop,Tamil Nadu,2020,8,Aug,2020-08,0.0,3692.1,7040.1,-3348.0,-0.48,Shortag e,3390,2944,4211,ESTIMATED_ MODEL
1137,C036,Elephant Foot Yam,Tuber crop,Tamil Nadu,2020,9,Sep,2020-09,11241.9,14465.6,7040.1,7425.5,1.05,Surplus,2526,2117,2989,ESTIMATED_ MODEL
1138,C036,Elephant Foot Yam,Tuber crop,Tamil Nadu,2020,10,Oct,2020-10,10643.8,13892.4,7040.1,6852.3,0.97,Surplus,2552,2042,3063,ESTIMATED_ MODEL
1139,C036,Elephant Foot Yam,Tuber crop,Tamil Nadu,2020,11,Nov,2020-11,10656.1,13904.2,7040.1,6864.1,0.97,Surplus,2655,2233,3116,ESTIMATED_ MODEL
1140,C036,Elephant Foot Yam,Tuber crop,Tamil Nadu,2020,12,Dec,2020-12,11333.8,14553.7,7040.1,7513.6,1.07,Surplus,2571,2063,2957,ESTIMATED_ MODEL
1141,C037,Watermelon,Fruit,Tamil Nadu,2020,1,Jan,2020-01,30896.7,31840.6,20342.2,11498.5,0.57,Surplus,1182,1040,1421,ESTIMATED_ MODEL
1142,C037,Watermelon,Fruit,Tamil Nadu,2020,2,Feb,2020-02,34240.0,35170.1,20342.2,14827.9,0.73,Surplus,1179,999,1460,ESTIMATED_ MODEL
1143,C037,Watermelon,Fruit,Tamil Nadu,2020,3,Mar,2020-03,32848.0,33783.8,20342.2,13441.6,0.66,Surplus,1155,956,1331,ESTIMATED_ MODEL
1144,C037,Watermelon,Fruit,Tamil Nadu,2020,4,Apr,2020-04,33351.6,34285.4,26444.8,7840.5,0.3,Surplus,1283,1154,1458,ESTIMATED_ MODEL
1145,C037,Watermelon,Fruit,Tamil Nadu,2020,5,May,2020-05,31741.7,32682.2,26444.8,6237.3,0.24,Surplus,1302,1150,1477,ESTIMATED_ MODEL
1146,C037,Watermelon,Fruit,Tamil Nadu,2020,6,Jun,2020-06,32044.7,32983.9,20342.2,12641.7,0.62,Surplus,1188,999,1482,ESTIMATED_ MODEL
1147,C037,Watermelon,Fruit,Tamil Nadu,2020,7,Jul,2020-07,31436.2,32377.9,20342.2,12035.7,0.59,Surplus,1177,1036,1354,ESTIMATED_ MODEL
1148,C037,Watermelon,Fruit,Tamil Nadu,2020,8,Aug,2020-08,0.0,1072.7,20342.2,-19269.5,-0.95,Shortag e,1525,1284,1810,ESTIMATED_ MODEL
1149,C037,Watermelon,Fruit,Tamil Nadu,2020,9,Sep,2020-09,0.0,1072.7,20342.2,-19269.5,-0.95,Shortag e,1533,1350,1886,ESTIMATED_ MODEL
1150,C037,Watermelon,Fruit,Tamil Nadu,2020,10,Oct,2020-10,0.0,1072.7,20342.2,-19269.5,-0.95,Shortag e,1472,1280,1650,ESTIMATED_ MODEL
1151,C037,Watermelon,Fruit,Tamil Nadu,2020,11,Nov,2020-11,0.0,1072.7,20342.2,-19269.5,-0.95,Shortag e,1500,1283,1741,ESTIMATED_ MODEL
1152,C037,Watermelon,Fruit,Tamil Nadu,2020,12,Dec,2020-12,30891.0,31835.0,20342.2,11492.8,0.56,Surplus,1209,1088,1355,ESTIMATED_ MODEL
1153,C038,Muskmelon,Fruit,Tamil Nadu,2020,1,Jan,2020-01,7250.5,7467.3,4601.0,2866.2,0.62,Surplus,1975,1712,2316,ESTIMATED_ MODEL
1154,C038,Muskmelon,Fruit,Tamil Nadu,2020,2,Feb,2020-02,7018.8,7236.5,4601.0,2635.5,0.57,Surplus,2000,1671,2378,ESTIMATED_ MODEL
1155,C038,Muskmelon,Fruit,Tamil Nadu,2020,3,Mar,2020-03,7041.4,7259.1,4601.0,2658.1,0.58,Surplus,2019,1648,2364,ESTIMATED_ MODEL
1156,C038,Muskmelon,Fruit,Tamil Nadu,2020,4,Apr,2020-04,7737.9,7952.7,5521.3,2431.5,0.44,Surplus,2061,1766,2332,ESTIMATED_ MODEL
1157,C038,Muskmelon,Fruit,Tamil Nadu,2020,5,May,2020-05,7676.5,7891.6,5521.3,2370.3,0.43,Surplus,2090,1677,2410,ESTIMATED_ MODEL
1158,C038,Muskmelon,Fruit,Tamil Nadu,2020,6,Jun,2020-06,7700.7,7915.7,4601.0,3314.6,0.72,Surplus,1999,1712,2277,ESTIMATED_ MODEL
1159,C038,Muskmelon,Fruit,Tamil Nadu,2020,7,Jul,2020-07,7775.2,7989.8,4601.0,3388.7,0.74,Surplus,1982,1698,2417,ESTIMATED_ MODEL
1160,C038,Muskmelon,Fruit,Tamil Nadu,2020,8,Aug,2020-08,0.0,247.0,4601.0,-4354.0,-0.95,Shortag e,2543,2189,2983,ESTIMATED_ MODEL
1161,C038,Muskmelon,Fruit,Tamil Nadu,2020,9,Sep,2020-09,0.0,247.0,4601.0,-4354.0,-0.95,Shortag e,2463,2035,2865,ESTIMATED_ MODEL
1162,C038,Muskmelon,Fruit,Tamil Nadu,2020,10,Oct,2020-10,0.0,247.0,4601.0,-4354.0,-0.95,Shortag e,2525,2150,2887,ESTIMATED_ MODEL
1163,C038,Muskmelon,Fruit,Tamil Nadu,2020,11,Nov,2020-11,0.0,247.0,4601.0,-4354.0,-0.95,Shortag e,2447,2079,2796,ESTIMATED_ MODEL
1164,C038,Muskmelon,Fruit,Tamil Nadu,2020,12,Dec,2020-12,7085.1,7302.6,4601.0,2701.6,0.59,Surplus,2037,1634,2419,ESTIMATED_ MODEL
1165,C039,Papaya,Fruit,Tamil Nadu,2020,1,Jan,2020-01,22750.6,23832.4,22255.0,1577.4,0.07,Balance d,1782,1532,2177,ESTIMATED_ MODEL
1166,C039,Papaya,Fruit,Tamil Nadu,2020,2,Feb,2020-02,23595.0,24673.4,22255.0,2418.3,0.11,Surplus,1723,1508,2132,ESTIMATED_ MODEL
1167,C039,Papaya,Fruit,Tamil Nadu,2020,3,Mar,2020-03,22514.8,23597.6,22255.0,1342.6,0.06,Balance d,1751,1433,1997,ESTIMATED_ MODEL
1168,C039,Papaya,Fruit,Tamil Nadu,2020,4,Apr,2020-04,24032.6,25109.1,22255.0,2854.1,0.13,Surplus,1694,1397,1941,ESTIMATED_ MODEL
1169,C039,Papaya,Fruit,Tamil Nadu,2020,5,May,2020-05,23819.1,24896.5,22255.0,2641.5,0.12,Surplus,1734,1489,2018,ESTIMATED_ MODEL
1170,C039,Papaya,Fruit,Tamil Nadu,2020,6,Jun,2020-06,23412.4,24491.5,22255.0,2236.4,0.1,Surplus,1745,1410,1943,ESTIMATED_ MODEL
1171,C039,Papaya,Fruit,Tamil Nadu,2020,7,Jul,2020-07,23736.3,24814.0,22255.0,2559.0,0.12,Surplus,1694,1443,1918,ESTIMATED_ MODEL
1172,C039,Papaya,Fruit,Tamil Nadu,2020,8,Aug,2020-08,24802.3,25875.6,22255.0,3620.5,0.16,Surplus,1694,1423,2069,ESTIMATED_ MODEL
1173,C039,Papaya,Fruit,Tamil Nadu,2020,9,Sep,2020-09,22812.7,23894.3,22255.0,1639.3,0.07,Balance d,1689,1461,2027,ESTIMATED_ MODEL
1174,C039,Papaya,Fruit,Tamil Nadu,2020,10,Oct,2020-10,22319.1,23402.8,22255.0,1147.7,0.05,Balance d,1777,1588,1961,ESTIMATED_ MODEL
1175,C039,Papaya,Fruit,Tamil Nadu,2020,11,Nov,2020-11,24703.1,25776.8,22255.0,3521.8,0.16,Surplus,1681,1494,1965,ESTIMATED_ MODEL
1176,C039,Papaya,Fruit,Tamil Nadu,2020,12,Dec,2020-12,23894.7,24971.7,22255.0,2716.7,0.12,Surplus,1734,1502,2084,ESTIMATED_ MODEL
1177,C040,Banana,Fruit,Tamil Nadu,2020,1,Jan,2020-01,318166.2,359244.4,279422.5,79822.0,0.29,Surplus,2554,2104,3100,ESTIMATED_ MODEL
1178,C040,Banana,Fruit,Tamil Nadu,2020,2,Feb,2020-02,308193.1,349395.9,254020.4,95375.5,0.38,Surplus,2532,2105,2941,ESTIMATED_ MODEL
1179,C040,Banana,Fruit,Tamil Nadu,2020,3,Mar,2020-03,292593.8,333991.7,254020.4,79971.3,0.31,Surplus,2469,2216,2955,ESTIMATED_ MODEL
1180,C040,Banana,Fruit,Tamil Nadu,2020,4,Apr,2020-04,313943.5,355074.4,254020.4,101054.0,0.4,Surplus,2551,2118,3105,ESTIMATED_ MODEL
1181,C040,Banana,Fruit,Tamil Nadu,2020,5,May,2020-05,284018.4,325523.4,254020.4,71503.0,0.28,Surplus,2570,2234,3200,ESTIMATED_ MODEL
1182,C040,Banana,Fruit,Tamil Nadu,2020,6,Jun,2020-06,290571.0,331994.1,254020.4,77973.7,0.31,Surplus,2501,2033,3003,ESTIMATED_ MODEL
1183,C040,Banana,Fruit,Tamil Nadu,2020,7,Jul,2020-07,314578.8,355701.9,254020.4,101681.4,0.4,Surplus,2517,2159,2847,ESTIMATED_ MODEL
1184,C040,Banana,Fruit,Tamil Nadu,2020,8,Aug,2020-08,291475.8,332887.6,254020.4,78867.2,0.31,Surplus,2517,2092,2930,ESTIMATED_ MODEL
1185,C040,Banana,Fruit,Tamil Nadu,2020,9,Sep,2020-09,290195.2,331623.0,254020.4,77602.6,0.31,Surplus,2542,2223,2884,ESTIMATED_ MODEL
1186,C040,Banana,Fruit,Tamil Nadu,2020,10,Oct,2020-10,287221.7,328686.7,279422.5,49264.3,0.18,Surplus,2555,2112,2886,ESTIMATED_ MODEL
1187,C040,Banana,Fruit,Tamil Nadu,2020,11,Nov,2020-11,313199.8,354340.0,254020.4,100319.6,0.39,Surplus,2528,2252,2921,ESTIMATED_ MODEL
1188,C040,Banana,Fruit,Tamil Nadu,2020,12,Dec,2020-12,300262.6,341564.6,254020.4,87544.2,0.34,Surplus,2543,2262,3120,ESTIMATED_ MODEL
1189,C041,Guava,Fruit,Tamil Nadu,2020,1,Jan,2020-01,17335.9,18830.8,15449.8,3381.0,0.22,Surplus,3044,2668,3416,ESTIMATED_ MODEL
1190,C041,Guava,Fruit,Tamil Nadu,2020,2,Feb,2020-02,16192.8,17697.2,15449.8,2247.3,0.15,Surplus,3047,2726,3664,ESTIMATED_ MODEL
1191,C041,Guava,Fruit,Tamil Nadu,2020,3,Mar,2020-03,16118.9,17623.9,15449.8,2174.1,0.14,Surplus,2983,2536,3571,ESTIMATED_ MODEL
1192,C041,Guava,Fruit,Tamil Nadu,2020,4,Apr,2020-04,15573.0,17082.5,15449.8,1632.7,0.11,Surplus,3033,2462,3478,ESTIMATED_ MODEL
1193,C041,Guava,Fruit,Tamil Nadu,2020,5,May,2020-05,16408.7,17911.3,15449.8,2461.5,0.16,Surplus,3062,2713,3431,ESTIMATED_ MODEL
1194,C041,Guava,Fruit,Tamil Nadu,2020,6,Jun,2020-06,15664.8,17173.6,15449.8,1723.8,0.11,Surplus,3112,2591,3732,ESTIMATED_ MODEL
1195,C041,Guava,Fruit,Tamil Nadu,2020,7,Jul,2020-07,15940.0,17446.5,15449.8,1996.7,0.13,Surplus,3066,2702,3808,ESTIMATED_ MODEL
1196,C041,Guava,Fruit,Tamil Nadu,2020,8,Aug,2020-08,16074.9,17580.3,15449.8,2130.5,0.14,Surplus,2981,2641,3338,ESTIMATED_ MODEL
1197,C041,Guava,Fruit,Tamil Nadu,2020,9,Sep,2020-09,17045.1,18542.4,15449.8,3092.6,0.2,Surplus,3025,2644,3635,ESTIMATED_ MODEL
1198,C041,Guava,Fruit,Tamil Nadu,2020,10,Oct,2020-10,17176.6,18672.8,15449.8,3222.9,0.21,Surplus,2937,2606,3306,ESTIMATED_ MODEL
1199,C041,Guava,Fruit,Tamil Nadu,2020,11,Nov,2020-11,16046.4,17552.0,15449.8,2102.2,0.14,Surplus,2934,2558,3437,ESTIMATED_ MODEL
1200,C041,Guava,Fruit,Tamil Nadu,2020,12,Dec,2020-12,17143.5,18639.9,15449.8,3190.1,0.21,Surplus,3049,2556,3430,ESTIMATED_ MODEL
1201,C042,Mango,Fruit,Tamil Nadu,2020,1,Jan,2020-01,0.0,6001.8,50740.3,-44738.4,-0.88,Shortag e,5068,4475,6114,ESTIMATED_ MODEL
1202,C042,Mango,Fruit,Tamil Nadu,2020,2,Feb,2020-02,120657.4,125653.8,50740.3,74913.5,1.48,Surplus,3321,2935,3987,ESTIMATED_ MODEL
1203,C042,Mango,Fruit,Tamil Nadu,2020,3,Mar,2020-03,115479.5,120519.0,50740.3,69778.8,1.38,Surplus,3544,2964,4366,ESTIMATED_ MODEL
1204,C042,Mango,Fruit,Tamil Nadu,2020,4,Apr,2020-04,123125.7,128101.5,50740.3,77361.2,1.52,Surplus,3453,2801,4009,ESTIMATED_ MODEL
1205,C042,Mango,Fruit,Tamil Nadu,2020,5,May,2020-05,120113.3,125114.2,50740.3,74374.0,1.47,Surplus,3534,2844,4397,ESTIMATED_ MODEL
1206,C042,Mango,Fruit,Tamil Nadu,2020,6,Jun,2020-06,121454.9,126444.6,50740.3,75704.3,1.49,Surplus,3462,2988,3949,ESTIMATED_ MODEL
1207,C042,Mango,Fruit,Tamil Nadu,2020,7,Jul,2020-07,119390.5,124397.4,50740.3,73657.2,1.45,Surplus,3375,3018,3864,ESTIMATED_ MODEL
1208,C042,Mango,Fruit,Tamil Nadu,2020,8,Aug,2020-08,0.0,6001.8,50740.3,-44738.4,-0.88,Shortag e,5054,4242,5665,ESTIMATED_ MODEL
1209,C042,Mango,Fruit,Tamil Nadu,2020,9,Sep,2020-09,0.0,6001.8,50740.3,-44738.4,-0.88,Shortag e,4852,4146,6048,ESTIMATED_ MODEL
1210,C042,Mango,Fruit,Tamil Nadu,2020,10,Oct,2020-10,0.0,6001.8,50740.3,-44738.4,-0.88,Shortag e,4947,4134,5697,ESTIMATED_ MODEL
1211,C042,Mango,Fruit,Tamil Nadu,2020,11,Nov,2020-11,0.0,6001.8,50740.3,-44738.4,-0.88,Shortag e,4987,4209,6144,ESTIMATED_ MODEL
1212,C042,Mango,Fruit,Tamil Nadu,2020,12,Dec,2020-12,0.0,6001.8,50740.3,-44738.4,-0.88,Shortag e,4983,4239,5585,ESTIMATED_ MODEL
1213,C043,Pomegranate,Fruit,Tamil Nadu,2020,1,Jan,2020-01,4949.8,6353.0,4796.7,1556.3,0.32,Surplus,7418,6493,8731,ESTIMATED_ MODEL
1214,C043,Pomegranate,Fruit,Tamil Nadu,2020,2,Feb,2020-02,4841.6,6247.6,4796.7,1450.9,0.3,Surplus,7475,6426,9339,ESTIMATED_ MODEL
1215,C043,Pomegranate,Fruit,Tamil Nadu,2020,3,Mar,2020-03,5202.8,6599.7,4796.7,1803.0,0.38,Surplus,7442,6639,8572,ESTIMATED_ MODEL
1216,C043,Pomegranate,Fruit,Tamil Nadu,2020,4,Apr,2020-04,5161.3,6559.2,4796.7,1762.5,0.37,Surplus,7271,5966,8455,ESTIMATED_ MODEL
1217,C043,Pomegranate,Fruit,Tamil Nadu,2020,5,May,2020-05,5050.9,6451.6,4796.7,1654.9,0.34,Surplus,7376,5901,9127,ESTIMATED_ MODEL
1218,C043,Pomegranate,Fruit,Tamil Nadu,2020,6,Jun,2020-06,5055.2,6455.8,4796.7,1659.1,0.35,Surplus,7672,6707,8632,ESTIMATED_ MODEL
1219,C043,Pomegranate,Fruit,Tamil Nadu,2020,7,Jul,2020-07,5277.4,6672.5,4796.7,1875.8,0.39,Surplus,7275,5869,8792,ESTIMATED_ MODEL
1220,C043,Pomegranate,Fruit,Tamil Nadu,2020,8,Aug,2020-08,4916.6,6320.6,4796.7,1523.9,0.32,Surplus,7746,6530,8659,ESTIMATED_ MODEL
1221,C043,Pomegranate,Fruit,Tamil Nadu,2020,9,Sep,2020-09,5299.0,6693.5,4796.7,1896.8,0.4,Surplus,7456,6224,8620,ESTIMATED_ MODEL
1222,C043,Pomegranate,Fruit,Tamil Nadu,2020,10,Oct,2020-10,5194.0,6591.1,4796.7,1794.4,0.37,Surplus,7533,6568,8411,ESTIMATED_ MODEL
1223,C043,Pomegranate,Fruit,Tamil Nadu,2020,11,Nov,2020-11,5053.3,6453.9,4796.7,1657.2,0.35,Surplus,7288,6555,8272,ESTIMATED_ MODEL
1224,C043,Pomegranate,Fruit,Tamil Nadu,2020,12,Dec,2020-12,5077.2,6477.2,4796.7,1680.5,0.35,Surplus,7291,5971,8063,ESTIMATED_ MODEL
1225,C044,Sapota/Chikoo,Fruit,Tamil Nadu,2020,1,Jan,2020-01,11372.2,12388.2,10315.5,2072.7,0.2,Surplus,3077,2693,3499,ESTIMATED_ MODEL
1226,C044,Sapota/Chikoo,Fruit,Tamil Nadu,2020,2,Feb,2020-02,10764.9,11786.0,10315.5,1470.5,0.14,Surplus,3021,2716,3711,ESTIMATED_ MODEL
1227,C044,Sapota/Chikoo,Fruit,Tamil Nadu,2020,3,Mar,2020-03,10900.5,11920.4,10315.5,1604.9,0.16,Surplus,2933,2554,3379,ESTIMATED_ MODEL
1228,C044,Sapota/Chikoo,Fruit,Tamil Nadu,2020,4,Apr,2020-04,11205.2,12222.6,10315.5,1907.1,0.18,Surplus,2903,2439,3296,ESTIMATED_ MODEL
1229,C044,Sapota/Chikoo,Fruit,Tamil Nadu,2020,5,May,2020-05,10985.7,12004.9,10315.5,1689.4,0.16,Surplus,3063,2553,3749,ESTIMATED_ MODEL
1230,C044,Sapota/Chikoo,Fruit,Tamil Nadu,2020,6,Jun,2020-06,11450.0,12465.3,10315.5,2149.8,0.21,Surplus,2891,2402,3285,ESTIMATED_ MODEL
1231,C044,Sapota/Chikoo,Fruit,Tamil Nadu,2020,7,Jul,2020-07,11456.0,12471.3,10315.5,2155.8,0.21,Surplus,2934,2367,3309,ESTIMATED_ MODEL
1232,C044,Sapota/Chikoo,Fruit,Tamil Nadu,2020,8,Aug,2020-08,10328.6,11353.3,10315.5,1037.8,0.1,Surplus,3043,2523,3538,ESTIMATED_ MODEL
1233,C044,Sapota/Chikoo,Fruit,Tamil Nadu,2020,9,Sep,2020-09,11340.1,12356.4,10315.5,2040.9,0.2,Surplus,2965,2632,3665,ESTIMATED_ MODEL
1234,C044,Sapota/Chikoo,Fruit,Tamil Nadu,2020,10,Oct,2020-10,10922.3,11942.0,10315.5,1626.5,0.16,Surplus,3005,2503,3354,ESTIMATED_ MODEL
1235,C044,Sapota/Chikoo,Fruit,Tamil Nadu,2020,11,Nov,2020-11,11617.7,12631.7,10315.5,2316.2,0.22,Surplus,3060,2466,3502,ESTIMATED_ MODEL
1236,C044,Sapota/Chikoo,Fruit,Tamil Nadu,2020,12,Dec,2020-12,10951.9,11971.4,10315.5,1655.9,0.16,Surplus,2968,2469,3338,ESTIMATED_ MODEL
1237,C045,Turmeric,Spice,Tamil Nadu,2020,1,Jan,2020-01,14492.7,20534.4,8323.9,12210.6,1.47,Surplus,8264,6676,10275,ESTIMATED_ MODEL
1238,C045,Turmeric,Spice,Tamil Nadu,2020,2,Feb,2020-02,15426.1,21405.6,8323.9,13081.8,1.57,Surplus,7910,7008,8901,ESTIMATED_ MODEL
1239,C045,Turmeric,Spice,Tamil Nadu,2020,3,Mar,2020-03,14495.1,20536.7,8323.9,12212.8,1.47,Surplus,8460,6779,9955,ESTIMATED_ MODEL
1240,C045,Turmeric,Spice,Tamil Nadu,2020,4,Apr,2020-04,14398.0,20446.1,8323.9,12122.2,1.46,Surplus,8423,7526,10415,ESTIMATED_ MODEL
1241,C045,Turmeric,Spice,Tamil Nadu,2020,5,May,2020-05,15926.2,21872.4,8323.9,13548.5,1.63,Surplus,8184,7274,9247,ESTIMATED_ MODEL
1242,C045,Turmeric,Spice,Tamil Nadu,2020,6,Jun,2020-06,14615.9,20649.4,8323.9,12325.5,1.48,Surplus,8077,6695,9342,ESTIMATED_ MODEL
1243,C045,Turmeric,Spice,Tamil Nadu,2020,7,Jul,2020-07,0.0,7008.0,8323.9,-1315.9,-0.16,Shortag e,10742,9179,12074,ESTIMATED_ MODEL
1244,C045,Turmeric,Spice,Tamil Nadu,2020,8,Aug,2020-08,0.0,7008.0,8323.9,-1315.9,-0.16,Shortag e,10931,8928,12533,ESTIMATED_ MODEL
1245,C045,Turmeric,Spice,Tamil Nadu,2020,9,Sep,2020-09,0.0,7008.0,8323.9,-1315.9,-0.16,Shortag e,10812,9511,13093,ESTIMATED_ MODEL
1246,C045,Turmeric,Spice,Tamil Nadu,2020,10,Oct,2020-10,0.0,7008.0,8323.9,-1315.9,-0.16,Shortag e,10902,8891,12887,ESTIMATED_ MODEL
1247,C045,Turmeric,Spice,Tamil Nadu,2020,11,Nov,2020-11,0.0,7008.0,8323.9,-1315.9,-0.16,Shortag e,10549,8837,12258,ESTIMATED_ MODEL
1248,C045,Turmeric,Spice,Tamil Nadu,2020,12,Dec,2020-12,15765.5,21722.4,8323.9,13398.6,1.61,Surplus,7718,6386,9597,ESTIMATED_ MODEL
1249,C046,Ginger,Spice,Tamil Nadu,2020,1,Jan,2020-01,12771.1,15756.7,8147.6,7609.1,0.93,Surplus,4692,3933,5707,ESTIMATED_ MODEL
1250,C046,Ginger,Spice,Tamil Nadu,2020,2,Feb,2020-02,12288.7,15290.4,8147.6,7142.7,0.88,Surplus,4535,3913,5120,ESTIMATED_ MODEL
1251,C046,Ginger,Spice,Tamil Nadu,2020,3,Mar,2020-03,12500.8,15495.5,8147.6,7347.8,0.9,Surplus,4453,3980,5511,ESTIMATED_ MODEL
1252,C046,Ginger,Spice,Tamil Nadu,2020,4,Apr,2020-04,12833.3,15816.9,8147.6,7669.3,0.94,Surplus,4657,4017,5687,ESTIMATED_ MODEL
1253,C046,Ginger,Spice,Tamil Nadu,2020,5,May,2020-05,0.0,3411.3,8147.6,-4736.3,-0.58,Shortag e,5603,4670,6427,ESTIMATED_ MODEL
1254,C046,Ginger,Spice,Tamil Nadu,2020,6,Jun,2020-06,0.0,3411.3,8147.6,-4736.3,-0.58,Shortag e,5783,4832,6490,ESTIMATED_ MODEL
1255,C046,Ginger,Spice,Tamil Nadu,2020,7,Jul,2020-07,0.0,3411.3,8147.6,-4736.3,-0.58,Shortag e,5770,5086,6678,ESTIMATED_ MODEL
1256,C046,Ginger,Spice,Tamil Nadu,2020,8,Aug,2020-08,0.0,3411.3,8147.6,-4736.3,-0.58,Shortag e,5623,4609,6386,ESTIMATED_ MODEL
1257,C046,Ginger,Spice,Tamil Nadu,2020,9,Sep,2020-09,13700.1,16654.8,8147.6,8507.2,1.04,Surplus,4389,3793,5224,ESTIMATED_ MODEL
1258,C046,Ginger,Spice,Tamil Nadu,2020,10,Oct,2020-10,12441.7,15438.3,8147.6,7290.7,0.89,Surplus,4633,3874,5669,ESTIMATED_ MODEL
1259,C046,Ginger,Spice,Tamil Nadu,2020,11,Nov,2020-11,13412.6,16376.9,8147.6,8229.3,1.01,Surplus,4386,3714,5351,ESTIMATED_ MODEL
1260,C046,Ginger,Spice,Tamil Nadu,2020,12,Dec,2020-12,12391.0,15389.3,8147.6,7241.7,0.89,Surplus,4474,3628,5515,ESTIMATED_ MODEL
1261,C047,Coriander,Herb/spic e,Tamil Nadu,2020,1,Jan,2020-01,6942.2,7244.8,6384.8,860.0,0.13,Surplus,2651,2122,3109,ESTIMATED_ MODEL
1262,C047,Coriander,Herb/spic e,Tamil Nadu,2020,2,Feb,2020-02,6405.4,6710.3,6384.8,325.5,0.05,Balance d,2560,2126,3171,ESTIMATED_ MODEL
1263,C047,Coriander,Herb/spic e,Tamil Nadu,2020,3,Mar,2020-03,6947.2,7249.8,6384.8,865.0,0.14,Surplus,2532,2270,2864,ESTIMATED_ MODEL
1264,C047,Coriander,Herb/spic e,Tamil Nadu,2020,4,Apr,2020-04,6642.4,6946.3,6384.8,561.5,0.09,Balance d,2643,2259,3258,ESTIMATED_ MODEL
1265,C047,Coriander,Herb/spic e,Tamil Nadu,2020,5,May,2020-05,6430.2,6735.0,6384.8,350.2,0.05,Balance d,2626,2241,2966,ESTIMATED_ MODEL
1266,C047,Coriander,Herb/spic e,Tamil Nadu,2020,6,Jun,2020-06,6881.8,7184.7,6384.8,799.9,0.13,Surplus,2537,2262,2916,ESTIMATED_ MODEL
1267,C047,Coriander,Herb/spic e,Tamil Nadu,2020,7,Jul,2020-07,6581.1,6885.2,6384.8,500.4,0.08,Balance d,2588,2267,2979,ESTIMATED_ MODEL
1268,C047,Coriander,Herb/spic e,Tamil Nadu,2020,8,Aug,2020-08,6700.1,7003.7,6384.8,618.9,0.1,Balance d,2673,2335,3180,ESTIMATED_ MODEL
1269,C047,Coriander,Herb/spic e,Tamil Nadu,2020,9,Sep,2020-09,6450.5,6755.1,6384.8,370.3,0.06,Balance d,2677,2155,3048,ESTIMATED_ MODEL
1270,C047,Coriander,Herb/spic e,Tamil Nadu,2020,10,Oct,2020-10,6504.7,6809.2,6384.8,424.4,0.07,Balance d,2608,2145,3159,ESTIMATED_ MODEL
1271,C047,Coriander,Herb/spic e,Tamil Nadu,2020,11,Nov,2020-11,6627.7,6931.6,6384.8,546.8,0.09,Balance d,2672,2251,3076,ESTIMATED_ MODEL
1272,C047,Coriander,Herb/spic e,Tamil Nadu,2020,12,Dec,2020-12,6457.9,6762.6,6384.8,377.8,0.06,Balance d,2689,2271,3155,ESTIMATED_ MODEL
1273,C048,Curry Leaf,Leaf crop,Tamil Nadu,2020,1,Jan,2020-01,3114.5,3253.1,2790.5,462.6,0.17,Surplus,3059,2706,3547,ESTIMATED_ MODEL
1274,C048,Curry Leaf,Leaf crop,Tamil Nadu,2020,2,Feb,2020-02,2993.2,3132.3,2790.5,341.8,0.12,Surplus,2940,2470,3531,ESTIMATED_ MODEL
1275,C048,Curry Leaf,Leaf crop,Tamil Nadu,2020,3,Mar,2020-03,3062.0,3200.8,2790.5,410.4,0.15,Surplus,3002,2627,3463,ESTIMATED_ MODEL
1276,C048,Curry Leaf,Leaf crop,Tamil Nadu,2020,4,Apr,2020-04,3079.7,3218.4,2790.5,428.0,0.15,Surplus,3034,2483,3678,ESTIMATED_ MODEL
1277,C048,Curry Leaf,Leaf crop,Tamil Nadu,2020,5,May,2020-05,2912.3,3051.7,2790.5,261.2,0.09,Balance d,3045,2498,3483,ESTIMATED_ MODEL
1278,C048,Curry Leaf,Leaf crop,Tamil Nadu,2020,6,Jun,2020-06,2945.0,3084.3,2790.5,293.8,0.11,Surplus,3077,2610,3484,ESTIMATED_ MODEL
1279,C048,Curry Leaf,Leaf crop,Tamil Nadu,2020,7,Jul,2020-07,3092.7,3231.4,2790.5,441.0,0.16,Surplus,3093,2695,3846,ESTIMATED_ MODEL
1280,C048,Curry Leaf,Leaf crop,Tamil Nadu,2020,8,Aug,2020-08,2919.9,3059.3,2790.5,268.8,0.1,Balance d,3022,2561,3731,ESTIMATED_ MODEL
1281,C048,Curry Leaf,Leaf crop,Tamil Nadu,2020,9,Sep,2020-09,3073.3,3212.1,2790.5,421.6,0.15,Surplus,3014,2625,3430,ESTIMATED_ MODEL
1282,C048,Curry Leaf,Leaf crop,Tamil Nadu,2020,10,Oct,2020-10,3125.7,3264.3,2790.5,473.8,0.17,Surplus,2991,2430,3383,ESTIMATED_ MODEL
1283,C048,Curry Leaf,Leaf crop,Tamil Nadu,2020,11,Nov,2020-11,3012.5,3151.5,2790.5,361.1,0.13,Surplus,2927,2353,3650,ESTIMATED_ MODEL
1284,C048,Curry Leaf,Leaf crop,Tamil Nadu,2020,12,Dec,2020-12,3054.7,3193.5,2790.5,403.1,0.14,Surplus,2965,2569,3635,ESTIMATED_ MODEL
1285,C049,Moringa/Drumstick,Vegetabl e/tree,Tamil Nadu,2020,1,Jan,2020-01,23813.8,24964.5,22189.3,2775.2,0.13,Surplus,3844,3389,4573,ESTIMATED_ MODEL
1286,C049,Moringa/Drumstick,Vegetabl e/tree,Tamil Nadu,2020,2,Feb,2020-02,25528.2,26671.8,22189.3,4482.5,0.2,Surplus,3814,3232,4685,ESTIMATED_ MODEL
1287,C049,Moringa/Drumstick,Vegetabl e/tree,Tamil Nadu,2020,3,Mar,2020-03,25146.9,26292.1,22189.3,4102.8,0.18,Surplus,3812,3381,4243,ESTIMATED_ MODEL
1288,C049,Moringa/Drumstick,Vegetabl e/tree,Tamil Nadu,2020,4,Apr,2020-04,25537.6,26681.1,22189.3,4491.8,0.2,Surplus,3905,3455,4402,ESTIMATED_ MODEL
1289,C049,Moringa/Drumstick,Vegetabl e/tree,Tamil Nadu,2020,5,May,2020-05,25652.3,26795.4,22189.3,4606.1,0.21,Surplus,3820,3119,4607,ESTIMATED_ MODEL
1290,C049,Moringa/Drumstick,Vegetabl e/tree,Tamil Nadu,2020,6,Jun,2020-06,26265.6,27406.1,22189.3,5216.8,0.24,Surplus,3828,3306,4324,ESTIMATED_ MODEL
1291,C049,Moringa/Drumstick,Vegetabl e/tree,Tamil Nadu,2020,7,Jul,2020-07,25067.4,26212.9,22189.3,4023.6,0.18,Surplus,3783,3042,4344,ESTIMATED_ MODEL
1292,C049,Moringa/Drumstick,Vegetabl e/tree,Tamil Nadu,2020,8,Aug,2020-08,24375.8,25524.2,22189.3,3334.9,0.15,Surplus,3884,3441,4662,ESTIMATED_ MODEL
1293,C049,Moringa/Drumstick,Vegetabl e/tree,Tamil Nadu,2020,9,Sep,2020-09,25290.7,26435.3,22189.3,4246.0,0.19,Surplus,3830,3429,4627,ESTIMATED_ MODEL
1294,C049,Moringa/Drumstick,Vegetabl e/tree,Tamil Nadu,2020,10,Oct,2020-10,23561.2,24713.0,22189.3,2523.7,0.11,Surplus,3994,3406,4549,ESTIMATED_ MODEL
1295,C049,Moringa/Drumstick,Vegetabl e/tree,Tamil Nadu,2020,11,Nov,2020-11,26033.0,27174.4,22189.3,4985.2,0.22,Surplus,3720,3246,4160,ESTIMATED_ MODEL
1296,C049,Moringa/Drumstick,Vegetabl e/tree,Tamil Nadu,2020,12,Dec,2020-12,23713.1,24864.2,22189.3,2675.0,0.12,Surplus,3841,3277,4550,ESTIMATED_ MODEL
1297,C050,Jasmine,Flower,Tamil Nadu,2020,1,Jan,2020-01,4741.8,4741.8,5571.9,-830.1,-0.15,Shortag e,13486,11502,15512,ESTIMATED_ MODEL
1298,C050,Jasmine,Flower,Tamil Nadu,2020,2,Feb,2020-02,4868.4,4868.4,4643.3,225.1,0.05,Balance d,13119,10754,16015,ESTIMATED_ MODEL
1299,C050,Jasmine,Flower,Tamil Nadu,2020,3,Mar,2020-03,5009.1,5009.1,4643.3,365.8,0.08,Balance d,12795,10344,14911,ESTIMATED_ MODEL
1300,C050,Jasmine,Flower,Tamil Nadu,2020,4,Apr,2020-04,5218.1,5218.1,4643.3,574.9,0.12,Surplus,13080,11036,14931,ESTIMATED_ MODEL
1301,C050,Jasmine,Flower,Tamil Nadu,2020,5,May,2020-05,5074.6,5074.6,4643.3,431.3,0.09,Balance d,13062,10902,16196,ESTIMATED_ MODEL
1302,C050,Jasmine,Flower,Tamil Nadu,2020,6,Jun,2020-06,5190.2,5190.2,4643.3,546.9,0.12,Surplus,13301,11309,15285,ESTIMATED_ MODEL
1303,C050,Jasmine,Flower,Tamil Nadu,2020,7,Jul,2020-07,5095.1,5095.1,4643.3,451.8,0.1,Balance d,13195,10604,15454,ESTIMATED_ MODEL
1304,C050,Jasmine,Flower,Tamil Nadu,2020,8,Aug,2020-08,4994.0,4994.0,4643.3,350.7,0.08,Balance d,12920,11526,14236,ESTIMATED_ MODEL
1305,C050,Jasmine,Flower,Tamil Nadu,2020,9,Sep,2020-09,4757.1,4757.1,5339.8,-582.7,-0.11,Shortag e,13457,11763,15782,ESTIMATED_ MODEL
1306,C050,Jasmine,Flower,Tamil Nadu,2020,10,Oct,2020-10,5038.5,5038.5,5804.1,-765.6,-0.13,Shortag e,13132,11783,15466,ESTIMATED_ MODEL
1307,C050,Jasmine,Flower,Tamil Nadu,2020,11,Nov,2020-11,5012.8,5012.8,4643.3,369.5,0.08,Balance d,13132,10817,15398,ESTIMATED_ MODEL
1308,C050,Jasmine,Flower,Tamil Nadu,2020,12,Dec,2020-12,5000.4,5000.4,4643.3,357.1,0.08,Balance d,12991,10490,14497,ESTIMATED_ MODEL
1309,C051,Marigold,Flower,Tamil Nadu,2020,1,Jan,2020-01,11619.3,11619.3,12401.6,-782.3,-0.06,Balance d,3540,3130,4033,ESTIMATED_ MODEL
1310,C051,Marigold,Flower,Tamil Nadu,2020,2,Feb,2020-02,11554.8,11554.8,11274.2,280.6,0.02,Balance d,3490,2806,4074,ESTIMATED_ MODEL
1311,C051,Marigold,Flower,Tamil Nadu,2020,3,Mar,2020-03,12000.9,12000.9,11274.2,726.7,0.06,Balance d,3502,3001,4027,ESTIMATED_ MODEL
1312,C051,Marigold,Flower,Tamil Nadu,2020,4,Apr,2020-04,12380.6,12380.6,11274.2,1106.4,0.1,Balance d,3429,2779,3960,ESTIMATED_ MODEL
1313,C051,Marigold,Flower,Tamil Nadu,2020,5,May,2020-05,11363.3,11363.3,11274.2,89.2,0.01,Balance d,3431,3008,4271,ESTIMATED_ MODEL
1314,C051,Marigold,Flower,Tamil Nadu,2020,6,Jun,2020-06,12104.3,12104.3,11274.2,830.2,0.07,Balance d,3580,3174,4261,ESTIMATED_ MODEL
1315,C051,Marigold,Flower,Tamil Nadu,2020,7,Jul,2020-07,11445.7,11445.7,11274.2,171.6,0.02,Balance d,3554,2944,4246,ESTIMATED_ MODEL
1316,C051,Marigold,Flower,Tamil Nadu,2020,8,Aug,2020-08,11326.6,11326.6,11274.2,52.5,0.0,Balance d,3508,2975,4257,ESTIMATED_ MODEL
1317,C051,Marigold,Flower,Tamil Nadu,2020,9,Sep,2020-09,11350.1,11350.1,12965.3,-1615.2,-0.12,Shortag e,3539,2944,4384,ESTIMATED_ MODEL
1318,C051,Marigold,Flower,Tamil Nadu,2020,10,Oct,2020-10,12474.7,12474.7,14092.7,-1618.0,-0.11,Shortag e,3486,2958,4313,ESTIMATED_ MODEL
1319,C051,Marigold,Flower,Tamil Nadu,2020,11,Nov,2020-11,11444.0,11444.0,11274.2,169.8,0.02,Balance d,3535,3021,4021,ESTIMATED_ MODEL
1320,C051,Marigold,Flower,Tamil Nadu,2020,12,Dec,2020-12,11339.1,11339.1,11274.2,65.0,0.01,Balance d,3483,3083,4124,ESTIMATED_ MODEL
1321,C052,Rose,Flower,Tamil Nadu,2020,1,Jan,2020-01,1583.8,1583.8,1720.3,-136.5,-0.08,Balance d,7084,6290,8482,ESTIMATED_ MODEL
1322,C052,Rose,Flower,Tamil Nadu,2020,2,Feb,2020-02,1567.1,1567.1,2033.1,-466.0,-0.23,Shortag e,7450,6425,8342,ESTIMATED_ MODEL
1323,C052,Rose,Flower,Tamil Nadu,2020,3,Mar,2020-03,1756.3,1756.3,1563.9,192.4,0.12,Surplus,6829,5601,8443,ESTIMATED_ MODEL
1324,C052,Rose,Flower,Tamil Nadu,2020,4,Apr,2020-04,1639.2,1639.2,1563.9,75.3,0.05,Balance d,7099,6159,8129,ESTIMATED_ MODEL
1325,C052,Rose,Flower,Tamil Nadu,2020,5,May,2020-05,1684.3,1684.3,1563.9,120.4,0.08,Balance d,6825,5976,7993,ESTIMATED_ MODEL
1326,C052,Rose,Flower,Tamil Nadu,2020,6,Jun,2020-06,1579.8,1579.8,1563.9,15.9,0.01,Balance d,6913,5957,7646,ESTIMATED_ MODEL
1327,C052,Rose,Flower,Tamil Nadu,2020,7,Jul,2020-07,1700.3,1700.3,1563.9,136.4,0.09,Balance d,6874,5821,7714,ESTIMATED_ MODEL
1328,C052,Rose,Flower,Tamil Nadu,2020,8,Aug,2020-08,1750.1,1750.1,1563.9,186.2,0.12,Surplus,7119,5844,7970,ESTIMATED_ MODEL
1329,C052,Rose,Flower,Tamil Nadu,2020,9,Sep,2020-09,1678.8,1678.8,1563.9,114.9,0.07,Balance d,6837,5995,7957,ESTIMATED_ MODEL
1330,C052,Rose,Flower,Tamil Nadu,2020,10,Oct,2020-10,1589.1,1589.1,1876.7,-287.6,-0.15,Shortag e,7229,5798,7989,ESTIMATED_ MODEL
1331,C052,Rose,Flower,Tamil Nadu,2020,11,Nov,2020-11,1680.0,1680.0,1563.9,116.1,0.07,Balance d,6938,6117,8553,ESTIMATED_ MODEL
1332,C052,Rose,Flower,Tamil Nadu,2020,12,Dec,2020-12,1716.9,1716.9,1563.9,153.0,0.1,Balance d,6762,5773,8364,ESTIMATED_ MODEL
1333,C053,Tuberose,Flower,Tamil Nadu,2020,1,Jan,2020-01,2633.8,2633.8,2619.8,14.1,0.01,Balance d,7215,5920,8801,ESTIMATED_ MODEL
1334,C053,Tuberose,Flower,Tamil Nadu,2020,2,Feb,2020-02,2422.2,2422.2,2381.6,40.6,0.02,Balance d,7122,5743,8248,ESTIMATED_ MODEL
1335,C053,Tuberose,Flower,Tamil Nadu,2020,3,Mar,2020-03,2666.0,2666.0,2381.6,284.4,0.12,Surplus,6822,5665,8510,ESTIMATED_ MODEL
1336,C053,Tuberose,Flower,Tamil Nadu,2020,4,Apr,2020-04,2610.0,2610.0,2381.6,228.5,0.1,Balance d,6999,6101,8724,ESTIMATED_ MODEL
1337,C053,Tuberose,Flower,Tamil Nadu,2020,5,May,2020-05,2667.8,2667.8,2381.6,286.2,0.12,Surplus,6861,6039,7994,ESTIMATED_ MODEL
1338,C053,Tuberose,Flower,Tamil Nadu,2020,6,Jun,2020-06,2587.3,2587.3,2381.6,205.7,0.09,Balance d,7104,5812,8825,ESTIMATED_ MODEL
1339,C053,Tuberose,Flower,Tamil Nadu,2020,7,Jul,2020-07,2492.1,2492.1,2381.6,110.5,0.05,Balance d,6872,5721,8338,ESTIMATED_ MODEL
1340,C053,Tuberose,Flower,Tamil Nadu,2020,8,Aug,2020-08,2666.8,2666.8,2381.6,285.2,0.12,Surplus,6868,5912,8013,ESTIMATED_ MODEL
1341,C053,Tuberose,Flower,Tamil Nadu,2020,9,Sep,2020-09,2465.4,2465.4,2381.6,83.8,0.04,Balance d,7105,5846,7878,ESTIMATED_ MODEL
1342,C053,Tuberose,Flower,Tamil Nadu,2020,10,Oct,2020-10,2482.6,2482.6,2857.9,-375.3,-0.13,Shortag e,7094,6011,7982,ESTIMATED_ MODEL
1343,C053,Tuberose,Flower,Tamil Nadu,2020,11,Nov,2020-11,2594.7,2594.7,2381.6,213.1,0.09,Balance d,6884,5782,7631,ESTIMATED_ MODEL
1344,C053,Tuberose,Flower,Tamil Nadu,2020,12,Dec,2020-12,2614.3,2614.3,2381.6,232.7,0.1,Balance d,6972,6194,7827,ESTIMATED_ MODEL
1345,C054,Chrysanthemum,Flower,Tamil Nadu,2020,1,Jan,2020-01,1679.7,1679.7,1703.1,-23.4,-0.01,Balance d,7937,7072,9584,ESTIMATED_ MODEL
1346,C054,Chrysanthemum,Flower,Tamil Nadu,2020,2,Feb,2020-02,1631.2,1631.2,1548.3,82.9,0.05,Balance d,7895,6946,9708,ESTIMATED_ MODEL
1347,C054,Chrysanthemum,Flower,Tamil Nadu,2020,3,Mar,2020-03,1686.9,1686.9,1548.3,138.6,0.09,Balance d,7793,6604,9023,ESTIMATED_ MODEL
1348,C054,Chrysanthemum,Flower,Tamil Nadu,2020,4,Apr,2020-04,1629.5,1629.5,1548.3,81.2,0.05,Balance d,8079,7026,8988,ESTIMATED_ MODEL
1349,C054,Chrysanthemum,Flower,Tamil Nadu,2020,5,May,2020-05,1648.0,1648.0,1548.3,99.7,0.06,Balance d,8015,6797,8900,ESTIMATED_ MODEL
1350,C054,Chrysanthemum,Flower,Tamil Nadu,2020,6,Jun,2020-06,1549.7,1549.7,1548.3,1.5,0.0,Balance d,7942,6685,9782,ESTIMATED_ MODEL
1351,C054,Chrysanthemum,Flower,Tamil Nadu,2020,7,Jul,2020-07,1685.0,1685.0,1548.3,136.7,0.09,Balance d,7674,6773,9083,ESTIMATED_ MODEL
1352,C054,Chrysanthemum,Flower,Tamil Nadu,2020,8,Aug,2020-08,1679.0,1679.0,1548.3,130.7,0.08,Balance d,7608,6825,8953,ESTIMATED_ MODEL
1353,C054,Chrysanthemum,Flower,Tamil Nadu,2020,9,Sep,2020-09,1555.9,1555.9,1548.3,7.6,0.0,Balance d,7814,6618,9601,ESTIMATED_ MODEL
1354,C054,Chrysanthemum,Flower,Tamil Nadu,2020,10,Oct,2020-10,1621.1,1621.1,1935.3,-314.3,-0.16,Shortag e,8020,6570,8977,ESTIMATED_ MODEL
1355,C054,Chrysanthemum,Flower,Tamil Nadu,2020,11,Nov,2020-11,1741.8,1741.8,1548.3,193.5,0.12,Surplus,7675,6739,8986,ESTIMATED_ MODEL
1356,C054,Chrysanthemum,Flower,Tamil Nadu,2020,12,Dec,2020-12,1631.4,1631.4,1548.3,83.2,0.05,Balance d,7726,6309,8884,ESTIMATED_ MODEL
1357,C055,Coconut,Plantatio n,Tamil Nadu,2020,1,Jan,2020-01,178128.6,295062.6,215879.2,79183.4,0.37,Surplus,4482,3603,4944,ESTIMATED_ MODEL
1358,C055,Coconut,Plantatio n,Tamil Nadu,2020,2,Feb,2020-02,192182.6,308296.7,196253.8,112042.9,0.57,Surplus,4505,3664,5271,ESTIMATED_ MODEL
1359,C055,Coconut,Plantatio n,Tamil Nadu,2020,3,Mar,2020-03,181226.6,297979.9,196253.8,101726.1,0.52,Surplus,4494,3788,4962,ESTIMATED_ MODEL
1360,C055,Coconut,Plantatio n,Tamil Nadu,2020,4,Apr,2020-04,174558.7,291700.9,196253.8,95447.1,0.49,Surplus,4569,3660,5548,ESTIMATED_ MODEL
1361,C055,Coconut,Plantatio n,Tamil Nadu,2020,5,May,2020-05,190069.7,306307.1,196253.8,110053.3,0.56,Surplus,4547,3834,5367,ESTIMATED_ MODEL
1362,C055,Coconut,Plantatio n,Tamil Nadu,2020,6,Jun,2020-06,180684.7,297469.6,196253.8,101215.8,0.52,Surplus,4458,3740,5498,ESTIMATED_ MODEL
1363,C055,Coconut,Plantatio n,Tamil Nadu,2020,7,Jul,2020-07,186116.3,302584.3,196253.8,106330.5,0.54,Surplus,4561,3802,5437,ESTIMATED_ MODEL
1364,C055,Coconut,Plantatio n,Tamil Nadu,2020,8,Aug,2020-08,192086.5,308206.2,196253.8,111952.4,0.57,Surplus,4549,4077,5352,ESTIMATED_ MODEL
1365,C055,Coconut,Plantatio n,Tamil Nadu,2020,9,Sep,2020-09,171748.6,289054.7,215879.2,73175.5,0.34,Surplus,4580,3791,5697,ESTIMATED_ MODEL
1366,C055,Coconut,Plantatio n,Tamil Nadu,2020,10,Oct,2020-10,172762.1,290009.1,215879.2,74129.9,0.34,Surplus,4486,3849,5125,ESTIMATED_ MODEL
1367,C055,Coconut,Plantatio n,Tamil Nadu,2020,11,Nov,2020-11,186351.2,302805.5,196253.8,106551.7,0.54,Surplus,4381,3682,5476,ESTIMATED_ MODEL
1368,C055,Coconut,Plantatio n,Tamil Nadu,2020,12,Dec,2020-12,176795.3,293807.0,196253.8,97553.2,0.5,Surplus,4349,3731,4838,ESTIMATED_ MODEL
1369,C056,Arecanut,Plantatio n,Tamil Nadu,2020,1,Jan,2020-01,861.6,1496.0,815.8,680.2,0.83,Surplus,35385,31664,39408,ESTIMATED_ MODEL
1370,C056,Arecanut,Plantatio n,Tamil Nadu,2020,2,Feb,2020-02,869.0,1502.9,815.8,687.1,0.84,Surplus,33792,30280,39896,ESTIMATED_ MODEL
1371,C056,Arecanut,Plantatio n,Tamil Nadu,2020,3,Mar,2020-03,842.8,1478.4,815.8,662.6,0.81,Surplus,33621,27763,39252,ESTIMATED_ MODEL
1372,C056,Arecanut,Plantatio n,Tamil Nadu,2020,4,Apr,2020-04,848.8,1484.0,815.8,668.2,0.82,Surplus,35192,30734,43966,ESTIMATED_ MODEL
1373,C056,Arecanut,Plantatio n,Tamil Nadu,2020,5,May,2020-05,824.9,1461.7,815.8,645.9,0.79,Surplus,34392,29364,40582,ESTIMATED_ MODEL
1374,C056,Arecanut,Plantatio n,Tamil Nadu,2020,6,Jun,2020-06,847.4,1482.8,815.8,666.9,0.82,Surplus,34519,28199,43032,ESTIMATED_ MODEL
1375,C056,Arecanut,Plantatio n,Tamil Nadu,2020,7,Jul,2020-07,916.5,1547.2,815.8,731.4,0.9,Surplus,35113,29840,41802,ESTIMATED_ MODEL
1376,C056,Arecanut,Plantatio n,Tamil Nadu,2020,8,Aug,2020-08,914.2,1545.1,815.8,729.3,0.89,Surplus,33641,28742,40513,ESTIMATED_ MODEL
1377,C056,Arecanut,Plantatio n,Tamil Nadu,2020,9,Sep,2020-09,850.7,1485.8,815.8,670.0,0.82,Surplus,34757,31247,41420,ESTIMATED_ MODEL
1378,C056,Arecanut,Plantatio n,Tamil Nadu,2020,10,Oct,2020-10,875.3,1508.8,815.8,693.0,0.85,Surplus,34247,30042,38548,ESTIMATED_ MODEL
1379,C056,Arecanut,Plantatio n,Tamil Nadu,2020,11,Nov,2020-11,910.5,1541.7,815.8,725.9,0.89,Surplus,34040,28413,39649,ESTIMATED_ MODEL
1380,C056,Arecanut,Plantatio n,Tamil Nadu,2020,12,Dec,2020-12,816.5,1453.9,815.8,638.1,0.78,Surplus,35623,30223,43428,ESTIMATED_ MODEL
1381,C057,Cashew,Plantatio n,Tamil Nadu,2020,1,Jan,2020-01,0.0,1963.5,3725.5,-1762.0,-0.47,Shortag e,11157,8936,13358,ESTIMATED_ MODEL
1382,C057,Cashew,Plantatio n,Tamil Nadu,2020,2,Feb,2020-02,5832.3,7407.0,3725.5,3681.5,0.99,Surplus,9001,7602,11207,ESTIMATED_ MODEL
1383,C057,Cashew,Plantatio n,Tamil Nadu,2020,3,Mar,2020-03,6166.1,7718.5,3725.5,3993.0,1.07,Surplus,8907,7894,9984,ESTIMATED_ MODEL
1384,C057,Cashew,Plantatio n,Tamil Nadu,2020,4,Apr,2020-04,5758.2,7337.9,3725.5,3612.4,0.97,Surplus,9067,8041,10767,ESTIMATED_ MODEL
1385,C057,Cashew,Plantatio n,Tamil Nadu,2020,5,May,2020-05,5748.3,7328.6,3725.5,3603.1,0.97,Surplus,9166,7673,10209,ESTIMATED_ MODEL
1386,C057,Cashew,Plantatio n,Tamil Nadu,2020,6,Jun,2020-06,5948.1,7515.1,3725.5,3789.6,1.02,Surplus,8922,7489,10974,ESTIMATED_ MODEL
1387,C057,Cashew,Plantatio n,Tamil Nadu,2020,7,Jul,2020-07,0.0,1963.5,3725.5,-1762.0,-0.47,Shortag e,11146,9995,13863,ESTIMATED_ MODEL
1388,C057,Cashew,Plantatio n,Tamil Nadu,2020,8,Aug,2020-08,0.0,1963.5,3725.5,-1762.0,-0.47,Shortag e,11149,9307,13761,ESTIMATED_ MODEL
1389,C057,Cashew,Plantatio n,Tamil Nadu,2020,9,Sep,2020-09,0.0,1963.5,3725.5,-1762.0,-0.47,Shortag e,11604,9798,13324,ESTIMATED_ MODEL
1390,C057,Cashew,Plantatio n,Tamil Nadu,2020,10,Oct,2020-10,0.0,1963.5,4284.3,-2320.8,-0.54,Shortag e,11434,9934,13047,ESTIMATED_ MODEL
1391,C057,Cashew,Plantatio n,Tamil Nadu,2020,11,Nov,2020-11,0.0,1963.5,4098.0,-2134.5,-0.52,Shortag e,11534,9287,12773,ESTIMATED_ MODEL
1392,C057,Cashew,Plantatio n,Tamil Nadu,2020,12,Dec,2020-12,0.0,1963.5,4098.0,-2134.5,-0.52,Shortag e,11312,9450,12979,ESTIMATED_ MODEL
1393,C058,Coffee,Plantatio n,Tamil Nadu,2020,1,Jan,2020-01,2448.9,3279.7,1176.3,2103.5,1.79,Surplus,18593,16702,21126,ESTIMATED_ MODEL
1394,C058,Coffee,Plantatio n,Tamil Nadu,2020,2,Feb,2020-02,2410.3,3243.7,1176.3,2067.5,1.76,Surplus,18748,16340,22330,ESTIMATED_ MODEL
1395,C058,Coffee,Plantatio n,Tamil Nadu,2020,3,Mar,2020-03,2445.5,3276.6,1176.3,2100.3,1.79,Surplus,17871,15507,19830,ESTIMATED_ MODEL
1396,C058,Coffee,Plantatio n,Tamil Nadu,2020,4,Apr,2020-04,2645.3,3463.1,1176.3,2286.8,1.94,Surplus,18622,16274,21073,ESTIMATED_ MODEL
1397,C058,Coffee,Plantatio n,Tamil Nadu,2020,5,May,2020-05,0.0,994.1,1176.3,-182.1,-0.15,Shortag e,25717,20651,31544,ESTIMATED_ MODEL
1398,C058,Coffee,Plantatio n,Tamil Nadu,2020,6,Jun,2020-06,0.0,994.1,1176.3,-182.1,-0.15,Shortag e,25153,20670,28173,ESTIMATED_ MODEL
1399,C058,Coffee,Plantatio n,Tamil Nadu,2020,7,Jul,2020-07,0.0,994.1,1176.3,-182.1,-0.15,Shortag e,25882,20894,29243,ESTIMATED_ MODEL
1400,C058,Coffee,Plantatio n,Tamil Nadu,2020,8,Aug,2020-08,0.0,994.1,1176.3,-182.1,-0.15,Shortag e,24987,21539,29528,ESTIMATED_ MODEL
1401,C058,Coffee,Plantatio n,Tamil Nadu,2020,9,Sep,2020-09,0.0,994.1,1176.3,-182.1,-0.15,Shortag e,24658,20441,28007,ESTIMATED_ MODEL
1402,C058,Coffee,Plantatio n,Tamil Nadu,2020,10,Oct,2020-10,0.0,994.1,1176.3,-182.1,-0.15,Shortag e,24788,20850,29885,ESTIMATED_ MODEL
1403,C058,Coffee,Plantatio n,Tamil Nadu,2020,11,Nov,2020-11,2476.0,3305.1,1176.3,2128.8,1.81,Surplus,18062,15112,20927,ESTIMATED_ MODEL
1404,C058,Coffee,Plantatio n,Tamil Nadu,2020,12,Dec,2020-12,2486.1,3314.5,1176.3,2138.2,1.82,Surplus,19184,17178,23405,ESTIMATED_ MODEL
1405,C059,Tea,Plantatio n,Tamil Nadu,2020,1,Jan,2020-01,61097.4,67016.6,54514.2,12502.4,0.23,Surplus,1647,1385,1893,ESTIMATED_ MODEL
1406,C059,Tea,Plantatio n,Tamil Nadu,2020,2,Feb,2020-02,63021.8,68924.9,54514.2,14410.8,0.26,Surplus,1710,1499,1959,ESTIMATED_ MODEL
1407,C059,Tea,Plantatio n,Tamil Nadu,2020,3,Mar,2020-03,62634.3,68540.7,54514.2,14026.5,0.26,Surplus,1724,1430,2012,ESTIMATED_ MODEL
1408,C059,Tea,Plantatio n,Tamil Nadu,2020,4,Apr,2020-04,64483.4,70374.4,54514.2,15860.2,0.29,Surplus,1707,1484,2130,ESTIMATED_ MODEL
1409,C059,Tea,Plantatio n,Tamil Nadu,2020,5,May,2020-05,66585.1,72458.6,54514.2,17944.4,0.33,Surplus,1644,1424,1958,ESTIMATED_ MODEL
1410,C059,Tea,Plantatio n,Tamil Nadu,2020,6,Jun,2020-06,67208.3,73076.6,54514.2,18562.4,0.34,Surplus,1713,1397,2078,ESTIMATED_ MODEL
1411,C059,Tea,Plantatio n,Tamil Nadu,2020,7,Jul,2020-07,67104.2,72973.4,54514.2,18459.2,0.34,Surplus,1677,1388,1964,ESTIMATED_ MODEL
1412,C059,Tea,Plantatio n,Tamil Nadu,2020,8,Aug,2020-08,63352.5,69252.9,54514.2,14738.7,0.27,Surplus,1671,1433,2061,ESTIMATED_ MODEL
1413,C059,Tea,Plantatio n,Tamil Nadu,2020,9,Sep,2020-09,65885.3,71764.6,54514.2,17250.5,0.32,Surplus,1683,1453,1983,ESTIMATED_ MODEL
1414,C059,Tea,Plantatio n,Tamil Nadu,2020,10,Oct,2020-10,62990.3,68893.7,54514.2,14379.5,0.26,Surplus,1642,1352,1928,ESTIMATED_ MODEL
1415,C059,Tea,Plantatio n,Tamil Nadu,2020,11,Nov,2020-11,61042.3,66961.9,54514.2,12447.7,0.23,Surplus,1679,1374,1974,ESTIMATED_ MODEL
1416,C059,Tea,Plantatio n,Tamil Nadu,2020,12,Dec,2020-12,65996.2,71874.5,54514.2,17360.4,0.32,Surplus,1657,1368,1938,ESTIMATED_ MODEL
1417,C001,Rice/Paddy,Cereal,Tamil Nadu,2021,1,Jan,2021-01,3982102.7,4537213.8,1014635.0,3522578.8,3.47,Surplus,1520,1334,1856,ESTIMATED_ MODEL
1418,C001,Rice/Paddy,Cereal,Tamil Nadu,2021,2,Feb,2021-02,3954811.5,4511855.8,922395.5,3589460.3,3.89,Surplus,1603,1300,1918,ESTIMATED_ MODEL
1419,C001,Rice/Paddy,Cereal,Tamil Nadu,2021,3,Mar,2021-03,0.0,837176.7,922395.5,-85218.8,-0.09,Balance d,2163,1856,2590,ESTIMATED_ MODEL
1420,C001,Rice/Paddy,Cereal,Tamil Nadu,2021,4,Apr,2021-04,0.0,837176.7,922395.5,-85218.8,-0.09,Balance d,2116,1805,2339,ESTIMATED_ MODEL
1421,C001,Rice/Paddy,Cereal,Tamil Nadu,2021,5,May,2021-05,0.0,837176.7,922395.5,-85218.8,-0.09,Balance d,2139,1728,2493,ESTIMATED_ MODEL
1422,C001,Rice/Paddy,Cereal,Tamil Nadu,2021,6,Jun,2021-06,0.0,837176.7,922395.5,-85218.8,-0.09,Balance d,2095,1791,2347,ESTIMATED_ MODEL
1423,C001,Rice/Paddy,Cereal,Tamil Nadu,2021,7,Jul,2021-07,0.0,837176.7,922395.5,-85218.8,-0.09,Balance d,2146,1887,2413,ESTIMATED_ MODEL
1424,C001,Rice/Paddy,Cereal,Tamil Nadu,2021,8,Aug,2021-08,0.0,837176.7,922395.5,-85218.8,-0.09,Balance d,2072,1688,2552,ESTIMATED_ MODEL
1425,C001,Rice/Paddy,Cereal,Tamil Nadu,2021,9,Sep,2021-09,0.0,837176.7,922395.5,-85218.8,-0.09,Balance d,2125,1799,2372,ESTIMATED_ MODEL
1426,C001,Rice/Paddy,Cereal,Tamil Nadu,2021,10,Oct,2021-10,0.0,837176.7,968515.2,-131338.5,-0.14,Shortag e,2154,1910,2637,ESTIMATED_ MODEL
1427,C001,Rice/Paddy,Cereal,Tamil Nadu,2021,11,Nov,2021-11,0.0,837176.7,922395.5,-85218.8,-0.09,Balance d,2137,1726,2387,ESTIMATED_ MODEL
1428,C001,Rice/Paddy,Cereal,Tamil Nadu,2021,12,Dec,2021-12,3882051.0,4444249.1,922395.5,3521853.6,3.82,Surplus,1513,1249,1695,ESTIMATED_ MODEL
1429,C002,Maize,Cereal,Tamil Nadu,2021,1,Jan,2021-01,289657.6,393728.4,215043.8,178684.6,0.83,Surplus,1769,1475,2210,ESTIMATED_ MODEL
1430,C002,Maize,Cereal,Tamil Nadu,2021,2,Feb,2021-02,309321.7,412409.3,215043.8,197365.5,0.92,Surplus,1697,1405,2104,ESTIMATED_ MODEL
1431,C002,Maize,Cereal,Tamil Nadu,2021,3,Mar,2021-03,297599.0,401272.7,215043.8,186228.9,0.87,Surplus,1684,1465,2036,ESTIMATED_ MODEL
1432,C002,Maize,Cereal,Tamil Nadu,2021,4,Apr,2021-04,305514.9,408792.8,215043.8,193749.1,0.9,Surplus,1771,1590,2208,ESTIMATED_ MODEL
1433,C002,Maize,Cereal,Tamil Nadu,2021,5,May,2021-05,0.0,118553.7,215043.8,-96490.1,-0.45,Shortag e,2084,1838,2495,ESTIMATED_ MODEL
1434,C002,Maize,Cereal,Tamil Nadu,2021,6,Jun,2021-06,0.0,118553.7,215043.8,-96490.1,-0.45,Shortag e,2154,1751,2580,ESTIMATED_ MODEL
1435,C002,Maize,Cereal,Tamil Nadu,2021,7,Jul,2021-07,0.0,118553.7,215043.8,-96490.1,-0.45,Shortag e,2194,1955,2558,ESTIMATED_ MODEL
1436,C002,Maize,Cereal,Tamil Nadu,2021,8,Aug,2021-08,301122.6,404620.1,215043.8,189576.4,0.88,Surplus,1682,1406,2058,ESTIMATED_ MODEL
1437,C002,Maize,Cereal,Tamil Nadu,2021,9,Sep,2021-09,280051.4,384602.5,215043.8,169558.7,0.79,Surplus,1789,1513,1983,ESTIMATED_ MODEL
1438,C002,Maize,Cereal,Tamil Nadu,2021,10,Oct,2021-10,302023.8,405476.3,215043.8,190432.5,0.89,Surplus,1727,1462,2140,ESTIMATED_ MODEL
1439,C002,Maize,Cereal,Tamil Nadu,2021,11,Nov,2021-11,285782.1,390046.7,215043.8,175002.9,0.81,Surplus,1774,1474,2091,ESTIMATED_ MODEL
1440,C002,Maize,Cereal,Tamil Nadu,2021,12,Dec,2021-12,0.0,118553.7,215043.8,-96490.1,-0.45,Shortag e,2084,1870,2405,ESTIMATED_ MODEL
1441,C003,Sorghum/Cholam,Millet,Tamil Nadu,2021,1,Jan,2021-01,63013.9,80282.9,26793.3,53489.6,2.0,Surplus,2151,1748,2578,ESTIMATED_ MODEL
1442,C003,Sorghum/Cholam,Millet,Tamil Nadu,2021,2,Feb,2021-02,65532.0,82633.1,25517.4,57115.7,2.24,Surplus,2103,1808,2588,ESTIMATED_ MODEL
1443,C003,Sorghum/Cholam,Millet,Tamil Nadu,2021,3,Mar,2021-03,65375.9,82487.5,25517.4,56970.1,2.23,Surplus,2252,1902,2632,ESTIMATED_ MODEL
1444,C003,Sorghum/Cholam,Millet,Tamil Nadu,2021,4,Apr,2021-04,0.0,21470.0,25517.4,-4047.4,-0.16,Shortag e,2907,2520,3556,ESTIMATED_ MODEL
1445,C003,Sorghum/Cholam,Millet,Tamil Nadu,2021,5,May,2021-05,0.0,21470.0,25517.4,-4047.4,-0.16,Shortag e,2936,2473,3599,ESTIMATED_ MODEL
1446,C003,Sorghum/Cholam,Millet,Tamil Nadu,2021,6,Jun,2021-06,0.0,21470.0,25517.4,-4047.4,-0.16,Shortag e,3047,2511,3603,ESTIMATED_ MODEL
1447,C003,Sorghum/Cholam,Millet,Tamil Nadu,2021,7,Jul,2021-07,0.0,21470.0,25517.4,-4047.4,-0.16,Shortag e,2927,2371,3620,ESTIMATED_ MODEL
1448,C003,Sorghum/Cholam,Millet,Tamil Nadu,2021,8,Aug,2021-08,0.0,21470.0,25517.4,-4047.4,-0.16,Shortag e,3037,2660,3363,ESTIMATED_ MODEL
1449,C003,Sorghum/Cholam,Millet,Tamil Nadu,2021,9,Sep,2021-09,65784.5,82868.8,25517.4,57351.4,2.25,Surplus,2244,1893,2583,ESTIMATED_ MODEL
1450,C003,Sorghum/Cholam,Millet,Tamil Nadu,2021,10,Oct,2021-10,62343.3,79657.0,25517.4,54139.6,2.12,Surplus,2192,1773,2660,ESTIMATED_ MODEL
1451,C003,Sorghum/Cholam,Millet,Tamil Nadu,2021,11,Nov,2021-11,0.0,21470.0,25517.4,-4047.4,-0.16,Shortag e,2995,2452,3379,ESTIMATED_ MODEL
1452,C003,Sorghum/Cholam,Millet,Tamil Nadu,2021,12,Dec,2021-12,0.0,21470.0,25517.4,-4047.4,-0.16,Shortag e,2926,2357,3476,ESTIMATED_ MODEL
1453,C004,Pearl Millet/Kambu,Millet,Tamil Nadu,2021,1,Jan,2021-01,27397.3,35098.2,11571.8,23526.4,2.03,Surplus,1753,1507,2000,ESTIMATED_ MODEL
1454,C004,Pearl Millet/Kambu,Millet,Tamil Nadu,2021,2,Feb,2021-02,27507.2,35200.9,11571.8,23629.0,2.04,Surplus,1707,1491,2038,ESTIMATED_ MODEL
1455,C004,Pearl Millet/Kambu,Millet,Tamil Nadu,2021,3,Mar,2021-03,29335.0,36906.8,11571.8,25335.0,2.19,Surplus,1785,1561,2145,ESTIMATED_ MODEL
1456,C004,Pearl Millet/Kambu,Millet,Tamil Nadu,2021,4,Apr,2021-04,0.0,9527.5,11571.8,-2044.4,-0.18,Shortag e,2386,1993,2670,ESTIMATED_ MODEL
1457,C004,Pearl Millet/Kambu,Millet,Tamil Nadu,2021,5,May,2021-05,0.0,9527.5,11571.8,-2044.4,-0.18,Shortag e,2376,2061,2919,ESTIMATED_ MODEL
1458,C004,Pearl Millet/Kambu,Millet,Tamil Nadu,2021,6,Jun,2021-06,0.0,9527.5,11571.8,-2044.4,-0.18,Shortag e,2494,2152,2812,ESTIMATED_ MODEL
1459,C004,Pearl Millet/Kambu,Millet,Tamil Nadu,2021,7,Jul,2021-07,0.0,9527.5,11571.8,-2044.4,-0.18,Shortag e,2372,2091,2815,ESTIMATED_ MODEL
1460,C004,Pearl Millet/Kambu,Millet,Tamil Nadu,2021,8,Aug,2021-08,0.0,9527.5,11571.8,-2044.4,-0.18,Shortag e,2445,2147,2948,ESTIMATED_ MODEL
1461,C004,Pearl Millet/Kambu,Millet,Tamil Nadu,2021,9,Sep,2021-09,30196.0,37710.4,11571.8,26138.6,2.26,Surplus,1821,1467,2208,ESTIMATED_ MODEL
1462,C004,Pearl Millet/Kambu,Millet,Tamil Nadu,2021,10,Oct,2021-10,28476.4,36105.5,11571.8,24533.6,2.12,Surplus,1824,1511,2181,ESTIMATED_ MODEL
1463,C004,Pearl Millet/Kambu,Millet,Tamil Nadu,2021,11,Nov,2021-11,0.0,9527.5,11571.8,-2044.4,-0.18,Shortag e,2402,2151,2654,ESTIMATED_ MODEL
1464,C004,Pearl Millet/Kambu,Millet,Tamil Nadu,2021,12,Dec,2021-12,0.0,9527.5,11571.8,-2044.4,-0.18,Shortag e,2440,1992,2944,ESTIMATED_ MODEL
1465,C005,Ragi,Millet,Tamil Nadu,2021,1,Jan,2021-01,49824.5,66987.2,24571.4,42415.8,1.73,Surplus,2866,2554,3216,ESTIMATED_ MODEL
1466,C005,Ragi,Millet,Tamil Nadu,2021,2,Feb,2021-02,51423.7,68479.9,24571.4,43908.5,1.79,Surplus,2899,2387,3258,ESTIMATED_ MODEL
1467,C005,Ragi,Millet,Tamil Nadu,2021,3,Mar,2021-03,54020.1,70903.2,24571.4,46331.7,1.89,Surplus,2908,2499,3528,ESTIMATED_ MODEL
1468,C005,Ragi,Millet,Tamil Nadu,2021,4,Apr,2021-04,0.0,20484.4,24571.4,-4087.0,-0.17,Shortag e,3873,3272,4496,ESTIMATED_ MODEL
1469,C005,Ragi,Millet,Tamil Nadu,2021,5,May,2021-05,0.0,20484.4,24571.4,-4087.0,-0.17,Shortag e,4028,3340,4609,ESTIMATED_ MODEL
1470,C005,Ragi,Millet,Tamil Nadu,2021,6,Jun,2021-06,0.0,20484.4,24571.4,-4087.0,-0.17,Shortag e,3884,3326,4419,ESTIMATED_ MODEL
1471,C005,Ragi,Millet,Tamil Nadu,2021,7,Jul,2021-07,0.0,20484.4,24571.4,-4087.0,-0.17,Shortag e,4012,3316,4953,ESTIMATED_ MODEL
1472,C005,Ragi,Millet,Tamil Nadu,2021,8,Aug,2021-08,0.0,20484.4,24571.4,-4087.0,-0.17,Shortag e,3826,3312,4729,ESTIMATED_ MODEL
1473,C005,Ragi,Millet,Tamil Nadu,2021,9,Sep,2021-09,49678.3,66850.8,24571.4,42279.4,1.72,Surplus,2790,2502,3259,ESTIMATED_ MODEL
1474,C005,Ragi,Millet,Tamil Nadu,2021,10,Oct,2021-10,49261.7,66462.0,24571.4,41890.5,1.7,Surplus,2968,2575,3399,ESTIMATED_ MODEL
1475,C005,Ragi,Millet,Tamil Nadu,2021,11,Nov,2021-11,0.0,20484.4,24571.4,-4087.0,-0.17,Shortag e,3845,3193,4284,ESTIMATED_ MODEL
1476,C005,Ragi,Millet,Tamil Nadu,2021,12,Dec,2021-12,53057.7,70004.9,24571.4,45433.5,1.85,Surplus,2784,2257,3239,ESTIMATED_ MODEL
1477,C006,Green Gram,Pulse,Tamil Nadu,2021,1,Jan,2021-01,6210.1,8438.6,7126.9,1311.7,0.18,Surplus,7082,6247,8166,ESTIMATED_ MODEL
1478,C006,Green Gram,Pulse,Tamil Nadu,2021,2,Feb,2021-02,0.0,2668.4,6197.3,-3528.9,-0.57,Shortag e,7770,6633,9336,ESTIMATED_ MODEL
1479,C006,Green Gram,Pulse,Tamil Nadu,2021,3,Mar,2021-03,6201.4,8430.6,6197.3,2233.3,0.36,Surplus,6792,5860,7742,ESTIMATED_ MODEL
1480,C006,Green Gram,Pulse,Tamil Nadu,2021,4,Apr,2021-04,6601.0,8801.9,6197.3,2604.6,0.42,Surplus,6454,5457,7962,ESTIMATED_ MODEL
1481,C006,Green Gram,Pulse,Tamil Nadu,2021,5,May,2021-05,0.0,2668.4,6197.3,-3528.9,-0.57,Shortag e,7733,6830,9657,ESTIMATED_ MODEL
1482,C006,Green Gram,Pulse,Tamil Nadu,2021,6,Jun,2021-06,0.0,2668.4,6197.3,-3528.9,-0.57,Shortag e,7561,6571,9081,ESTIMATED_ MODEL
1483,C006,Green Gram,Pulse,Tamil Nadu,2021,7,Jul,2021-07,0.0,2668.4,6197.3,-3528.9,-0.57,Shortag e,7908,7106,9514,ESTIMATED_ MODEL
1484,C006,Green Gram,Pulse,Tamil Nadu,2021,8,Aug,2021-08,0.0,2668.4,6197.3,-3528.9,-0.57,Shortag e,7595,6682,8476,ESTIMATED_ MODEL
1485,C006,Green Gram,Pulse,Tamil Nadu,2021,9,Sep,2021-09,6253.5,8479.0,6197.3,2281.7,0.37,Surplus,6825,6081,7900,ESTIMATED_ MODEL
1486,C006,Green Gram,Pulse,Tamil Nadu,2021,10,Oct,2021-10,6176.0,8406.9,6197.3,2209.6,0.36,Surplus,6774,5710,7896,ESTIMATED_ MODEL
1487,C006,Green Gram,Pulse,Tamil Nadu,2021,11,Nov,2021-11,0.0,2668.4,6197.3,-3528.9,-0.57,Shortag e,7623,6679,9456,ESTIMATED_ MODEL
1488,C006,Green Gram,Pulse,Tamil Nadu,2021,12,Dec,2021-12,6229.9,8457.0,6197.3,2259.7,0.36,Surplus,6897,5638,8492,ESTIMATED_ MODEL
1489,C007,Black Gram,Pulse,Tamil Nadu,2021,1,Jan,2021-01,20348.7,29236.1,33586.9,-4350.9,-0.13,Shortag e,6953,5582,8040,ESTIMATED_ MODEL
1490,C007,Black Gram,Pulse,Tamil Nadu,2021,2,Feb,2021-02,0.0,10328.7,29206.0,-18877.3,-0.65,Shortag e,7438,6059,9100,ESTIMATED_ MODEL
1491,C007,Black Gram,Pulse,Tamil Nadu,2021,3,Mar,2021-03,19881.7,28802.2,29206.0,-403.8,-0.01,Balance d,6640,5745,7708,ESTIMATED_ MODEL
1492,C007,Black Gram,Pulse,Tamil Nadu,2021,4,Apr,2021-04,20386.8,29271.5,29206.0,65.5,0.0,Balance d,6770,5489,7464,ESTIMATED_ MODEL
1493,C007,Black Gram,Pulse,Tamil Nadu,2021,5,May,2021-05,22008.0,30777.8,29206.0,1571.8,0.05,Balance d,6845,5660,8371,ESTIMATED_ MODEL
1494,C007,Black Gram,Pulse,Tamil Nadu,2021,6,Jun,2021-06,0.0,10328.7,29206.0,-18877.3,-0.65,Shortag e,7588,6231,8649,ESTIMATED_ MODEL
1495,C007,Black Gram,Pulse,Tamil Nadu,2021,7,Jul,2021-07,0.0,10328.7,29206.0,-18877.3,-0.65,Shortag e,7452,6681,9221,ESTIMATED_ MODEL
1496,C007,Black Gram,Pulse,Tamil Nadu,2021,8,Aug,2021-08,0.0,10328.7,29206.0,-18877.3,-0.65,Shortag e,7388,6497,8277,ESTIMATED_ MODEL
1497,C007,Black Gram,Pulse,Tamil Nadu,2021,9,Sep,2021-09,21305.8,30125.4,29206.0,919.4,0.03,Balance d,6895,6181,7753,ESTIMATED_ MODEL
1498,C007,Black Gram,Pulse,Tamil Nadu,2021,10,Oct,2021-10,21526.9,30330.9,29206.0,1124.8,0.04,Balance d,6614,5357,7545,ESTIMATED_ MODEL
1499,C007,Black Gram,Pulse,Tamil Nadu,2021,11,Nov,2021-11,0.0,10328.7,29206.0,-18877.3,-0.65,Shortag e,7514,6295,8365,ESTIMATED_ MODEL
1500,C007,Black Gram,Pulse,Tamil Nadu,2021,12,Dec,2021-12,20359.5,29246.2,29206.0,40.1,0.0,Balance d,6668,5989,7965,ESTIMATED_ MODEL
1501,C008,Red Gram/Pigeon Pea,Pulse,Tamil Nadu,2021,1,Jan,2021-01,16926.5,20761.5,22451.5,-1690.0,-0.08,Balance d,6726,5418,7520,ESTIMATED_ MODEL
1502,C008,Red Gram/Pigeon Pea,Pulse,Tamil Nadu,2021,2,Feb,2021-02,18660.7,22372.9,22451.5,-78.6,-0.0,Balance d,6861,6126,8059,ESTIMATED_ MODEL
1503,C008,Red Gram/Pigeon Pea,Pulse,Tamil Nadu,2021,3,Mar,2021-03,18310.9,22047.9,22451.5,-403.6,-0.02,Balance d,6983,5898,8424,ESTIMATED_ MODEL
1504,C008,Red Gram/Pigeon Pea,Pulse,Tamil Nadu,2021,4,Apr,2021-04,0.0,5034.0,22451.5,-17417.5,-0.78,Shortag e,7714,6305,8903,ESTIMATED_ MODEL
1505,C008,Red Gram/Pigeon Pea,Pulse,Tamil Nadu,2021,5,May,2021-05,0.0,5034.0,22451.5,-17417.5,-0.78,Shortag e,7675,6194,8859,ESTIMATED_ MODEL
1506,C008,Red Gram/Pigeon Pea,Pulse,Tamil Nadu,2021,6,Jun,2021-06,0.0,5034.0,22451.5,-17417.5,-0.78,Shortag e,7633,6867,8940,ESTIMATED_ MODEL
1507,C008,Red Gram/Pigeon Pea,Pulse,Tamil Nadu,2021,7,Jul,2021-07,0.0,5034.0,22451.5,-17417.5,-0.78,Shortag e,7748,6533,9449,ESTIMATED_ MODEL
1508,C008,Red Gram/Pigeon Pea,Pulse,Tamil Nadu,2021,8,Aug,2021-08,0.0,5034.0,22451.5,-17417.5,-0.78,Shortag e,7658,6805,8896,ESTIMATED_ MODEL
1509,C008,Red Gram/Pigeon Pea,Pulse,Tamil Nadu,2021,9,Sep,2021-09,0.0,5034.0,22451.5,-17417.5,-0.78,Shortag e,7661,6612,8907,ESTIMATED_ MODEL
1510,C008,Red Gram/Pigeon Pea,Pulse,Tamil Nadu,2021,10,Oct,2021-10,0.0,5034.0,22451.5,-17417.5,-0.78,Shortag e,7473,6048,8239,ESTIMATED_ MODEL
1511,C008,Red Gram/Pigeon Pea,Pulse,Tamil Nadu,2021,11,Nov,2021-11,0.0,5034.0,22451.5,-17417.5,-0.78,Shortag e,7772,6401,8795,ESTIMATED_ MODEL
1512,C008,Red Gram/Pigeon Pea,Pulse,Tamil Nadu,2021,12,Dec,2021-12,17169.7,20987.5,22451.5,-1464.0,-0.07,Balance d,6988,5814,8217,ESTIMATED_ MODEL
1513,C009,Bengal Gram/Chickpea,Pulse,Tamil Nadu,2021,1,Jan,2021-01,1087.2,1239.5,1968.0,-728.6,-0.37,Shortag e,5541,4855,6215,ESTIMATED_ MODEL
1514,C009,Bengal Gram/Chickpea,Pulse,Tamil Nadu,2021,2,Feb,2021-02,1073.8,1227.0,1968.0,-741.0,-0.38,Shortag e,5420,4347,6439,ESTIMATED_ MODEL
1515,C009,Bengal Gram/Chickpea,Pulse,Tamil Nadu,2021,3,Mar,2021-03,1075.4,1228.4,1968.0,-739.6,-0.38,Shortag e,5561,4737,6123,ESTIMATED_ MODEL
1516,C009,Bengal Gram/Chickpea,Pulse,Tamil Nadu,2021,4,Apr,2021-04,0.0,229.2,1968.0,-1738.8,-0.88,Shortag e,5952,5189,6943,ESTIMATED_ MODEL
1517,C009,Bengal Gram/Chickpea,Pulse,Tamil Nadu,2021,5,May,2021-05,0.0,229.2,1968.0,-1738.8,-0.88,Shortag e,6051,4981,7394,ESTIMATED_ MODEL
1518,C009,Bengal Gram/Chickpea,Pulse,Tamil Nadu,2021,6,Jun,2021-06,0.0,229.2,1968.0,-1738.8,-0.88,Shortag e,6005,4930,6819,ESTIMATED_ MODEL
1519,C009,Bengal Gram/Chickpea,Pulse,Tamil Nadu,2021,7,Jul,2021-07,0.0,229.2,1968.0,-1738.8,-0.88,Shortag e,6018,5313,6995,ESTIMATED_ MODEL
1520,C009,Bengal Gram/Chickpea,Pulse,Tamil Nadu,2021,8,Aug,2021-08,0.0,229.2,1968.0,-1738.8,-0.88,Shortag e,5900,5232,7083,ESTIMATED_ MODEL
1521,C009,Bengal Gram/Chickpea,Pulse,Tamil Nadu,2021,9,Sep,2021-09,0.0,229.2,1968.0,-1738.8,-0.88,Shortag e,5961,5059,6739,ESTIMATED_ MODEL
1522,C009,Bengal Gram/Chickpea,Pulse,Tamil Nadu,2021,10,Oct,2021-10,0.0,229.2,2361.6,-2132.4,-0.9,Shortag e,6033,5042,7537,ESTIMATED_ MODEL
1523,C009,Bengal Gram/Chickpea,Pulse,Tamil Nadu,2021,11,Nov,2021-11,0.0,229.2,1968.0,-1738.8,-0.88,Shortag e,5971,5067,7075,ESTIMATED_ MODEL
1524,C009,Bengal Gram/Chickpea,Pulse,Tamil Nadu,2021,12,Dec,2021-12,0.0,229.2,1968.0,-1738.8,-0.88,Shortag e,6109,5376,7133,ESTIMATED_ MODEL
1525,C010,Groundnut,Oilseed,Tamil Nadu,2021,1,Jan,2021-01,120270.3,167547.4,62998.6,104548.7,1.66,Surplus,4603,3927,5499,ESTIMATED_ MODEL
1526,C010,Groundnut,Oilseed,Tamil Nadu,2021,2,Feb,2021-02,118929.5,166295.9,62998.6,103297.2,1.64,Surplus,4475,3638,5175,ESTIMATED_ MODEL
1527,C010,Groundnut,Oilseed,Tamil Nadu,2021,3,Mar,2021-03,0.0,55295.1,62998.6,-7703.6,-0.12,Shortag e,5881,5071,6863,ESTIMATED_ MODEL
1528,C010,Groundnut,Oilseed,Tamil Nadu,2021,4,Apr,2021-04,114643.3,162295.5,62998.6,99296.9,1.58,Surplus,4615,3793,5190,ESTIMATED_ MODEL
1529,C010,Groundnut,Oilseed,Tamil Nadu,2021,5,May,2021-05,118523.3,165916.8,62998.6,102918.2,1.63,Surplus,4432,3956,5347,ESTIMATED_ MODEL
1530,C010,Groundnut,Oilseed,Tamil Nadu,2021,6,Jun,2021-06,0.0,55295.1,62998.6,-7703.6,-0.12,Shortag e,5994,5105,6669,ESTIMATED_ MODEL
1531,C010,Groundnut,Oilseed,Tamil Nadu,2021,7,Jul,2021-07,0.0,55295.1,62998.6,-7703.6,-0.12,Shortag e,6195,5369,7080,ESTIMATED_ MODEL
1532,C010,Groundnut,Oilseed,Tamil Nadu,2021,8,Aug,2021-08,0.0,55295.1,62998.6,-7703.6,-0.12,Shortag e,6053,4909,7536,ESTIMATED_ MODEL
1533,C010,Groundnut,Oilseed,Tamil Nadu,2021,9,Sep,2021-09,0.0,55295.1,62998.6,-7703.6,-0.12,Shortag e,5908,5109,6716,ESTIMATED_ MODEL
1534,C010,Groundnut,Oilseed,Tamil Nadu,2021,10,Oct,2021-10,115407.6,163008.8,62998.6,100010.2,1.59,Surplus,4583,4023,5505,ESTIMATED_ MODEL
1535,C010,Groundnut,Oilseed,Tamil Nadu,2021,11,Nov,2021-11,124964.4,171928.5,62998.6,108929.8,1.73,Surplus,4476,3981,4977,ESTIMATED_ MODEL
1536,C010,Groundnut,Oilseed,Tamil Nadu,2021,12,Dec,2021-12,116687.3,164203.2,62998.6,101204.6,1.61,Surplus,4429,3653,5529,ESTIMATED_ MODEL
1537,C011,Sesame/Gingelly,Oilseed,Tamil Nadu,2021,1,Jan,2021-01,3707.7,5123.4,3134.6,1988.8,0.63,Surplus,7573,6724,9427,ESTIMATED_ MODEL
1538,C011,Sesame/Gingelly,Oilseed,Tamil Nadu,2021,2,Feb,2021-02,0.0,1662.9,2612.2,-949.3,-0.36,Shortag e,9034,7533,9947,ESTIMATED_ MODEL
1539,C011,Sesame/Gingelly,Oilseed,Tamil Nadu,2021,3,Mar,2021-03,3686.9,5104.1,2612.2,2491.9,0.95,Surplus,7501,6620,8416,ESTIMATED_ MODEL
1540,C011,Sesame/Gingelly,Oilseed,Tamil Nadu,2021,4,Apr,2021-04,3482.4,4913.1,2612.2,2300.9,0.88,Surplus,7326,6439,8736,ESTIMATED_ MODEL
1541,C011,Sesame/Gingelly,Oilseed,Tamil Nadu,2021,5,May,2021-05,3494.0,4924.0,2612.2,2311.8,0.89,Surplus,7261,6261,8323,ESTIMATED_ MODEL
1542,C011,Sesame/Gingelly,Oilseed,Tamil Nadu,2021,6,Jun,2021-06,0.0,1662.9,2612.2,-949.3,-0.36,Shortag e,9048,7934,11053,ESTIMATED_ MODEL
1543,C011,Sesame/Gingelly,Oilseed,Tamil Nadu,2021,7,Jul,2021-07,0.0,1662.9,2612.2,-949.3,-0.36,Shortag e,9064,8110,10523,ESTIMATED_ MODEL
1544,C011,Sesame/Gingelly,Oilseed,Tamil Nadu,2021,8,Aug,2021-08,0.0,1662.9,2612.2,-949.3,-0.36,Shortag e,9257,7853,11429,ESTIMATED_ MODEL
1545,C011,Sesame/Gingelly,Oilseed,Tamil Nadu,2021,9,Sep,2021-09,3512.3,4941.1,2612.2,2328.9,0.89,Surplus,7700,6227,9552,ESTIMATED_ MODEL
1546,C011,Sesame/Gingelly,Oilseed,Tamil Nadu,2021,10,Oct,2021-10,3568.5,4993.5,2612.2,2381.3,0.91,Surplus,7631,6709,8624,ESTIMATED_ MODEL
1547,C011,Sesame/Gingelly,Oilseed,Tamil Nadu,2021,11,Nov,2021-11,0.0,1662.9,2612.2,-949.3,-0.36,Shortag e,9274,8208,10604,ESTIMATED_ MODEL
1548,C011,Sesame/Gingelly,Oilseed,Tamil Nadu,2021,12,Dec,2021-12,3492.0,4922.1,2612.2,2309.9,0.88,Surplus,7732,6224,8680,ESTIMATED_ MODEL
1549,C012,Sunflower,Oilseed,Tamil Nadu,2021,1,Jan,2021-01,2155.0,2989.2,3569.1,-579.9,-0.16,Shortag e,6363,5684,7635,ESTIMATED_ MODEL
1550,C012,Sunflower,Oilseed,Tamil Nadu,2021,2,Feb,2021-02,2172.8,3005.8,3569.1,-563.4,-0.16,Shortag e,6454,5172,7624,ESTIMATED_ MODEL
1551,C012,Sunflower,Oilseed,Tamil Nadu,2021,3,Mar,2021-03,0.0,977.8,3569.1,-2591.3,-0.73,Shortag e,6846,5819,7605,ESTIMATED_ MODEL
1552,C012,Sunflower,Oilseed,Tamil Nadu,2021,4,Apr,2021-04,2011.8,2855.5,3569.1,-713.6,-0.2,Shortag e,6442,5477,7825,ESTIMATED_ MODEL
1553,C012,Sunflower,Oilseed,Tamil Nadu,2021,5,May,2021-05,2253.6,3081.2,3569.1,-488.0,-0.14,Shortag e,6309,5141,7553,ESTIMATED_ MODEL
1554,C012,Sunflower,Oilseed,Tamil Nadu,2021,6,Jun,2021-06,0.0,977.8,3569.1,-2591.3,-0.73,Shortag e,6740,5980,8034,ESTIMATED_ MODEL
1555,C012,Sunflower,Oilseed,Tamil Nadu,2021,7,Jul,2021-07,0.0,977.8,3569.1,-2591.3,-0.73,Shortag e,6734,6035,7931,ESTIMATED_ MODEL
1556,C012,Sunflower,Oilseed,Tamil Nadu,2021,8,Aug,2021-08,0.0,977.8,3569.1,-2591.3,-0.73,Shortag e,6703,5782,7628,ESTIMATED_ MODEL
1557,C012,Sunflower,Oilseed,Tamil Nadu,2021,9,Sep,2021-09,2018.9,2862.1,3569.1,-707.0,-0.2,Shortag e,6484,5718,8085,ESTIMATED_ MODEL
1558,C012,Sunflower,Oilseed,Tamil Nadu,2021,10,Oct,2021-10,2044.1,2885.7,3569.1,-683.5,-0.19,Shortag e,6366,5382,7722,ESTIMATED_ MODEL
1559,C012,Sunflower,Oilseed,Tamil Nadu,2021,11,Nov,2021-11,0.0,977.8,3569.1,-2591.3,-0.73,Shortag e,6725,5748,7949,ESTIMATED_ MODEL
1560,C012,Sunflower,Oilseed,Tamil Nadu,2021,12,Dec,2021-12,2011.1,2854.8,3569.1,-714.3,-0.2,Shortag e,6221,5237,7639,ESTIMATED_ MODEL
1561,C013,Cotton,Fibre,Tamil Nadu,2021,1,Jan,2021-01,7897.7,10345.8,69329.1,-58983.4,-0.85,Shortag e,7229,6041,8808,ESTIMATED_ MODEL
1562,C013,Cotton,Fibre,Tamil Nadu,2021,2,Feb,2021-02,7889.2,10337.7,69329.1,-58991.4,-0.85,Shortag e,7081,6117,8039,ESTIMATED_ MODEL
1563,C013,Cotton,Fibre,Tamil Nadu,2021,3,Mar,2021-03,8060.4,10500.4,69329.1,-58828.8,-0.85,Shortag e,7262,6444,8126,ESTIMATED_ MODEL
1564,C013,Cotton,Fibre,Tamil Nadu,2021,4,Apr,2021-04,8669.8,11079.3,69329.1,-58249.9,-0.84,Shortag e,7312,6284,8183,ESTIMATED_ MODEL
1565,C013,Cotton,Fibre,Tamil Nadu,2021,5,May,2021-05,7927.2,10373.8,69329.1,-58955.3,-0.85,Shortag e,7154,5838,8621,ESTIMATED_ MODEL
1566,C013,Cotton,Fibre,Tamil Nadu,2021,6,Jun,2021-06,0.0,2843.0,69329.1,-66486.2,-0.96,Shortag e,7385,5986,8684,ESTIMATED_ MODEL
1567,C013,Cotton,Fibre,Tamil Nadu,2021,7,Jul,2021-07,0.0,2843.0,69329.1,-66486.2,-0.96,Shortag e,7406,6618,8717,ESTIMATED_ MODEL
1568,C013,Cotton,Fibre,Tamil Nadu,2021,8,Aug,2021-08,0.0,2843.0,69329.1,-66486.2,-0.96,Shortag e,7458,6366,8645,ESTIMATED_ MODEL
1569,C013,Cotton,Fibre,Tamil Nadu,2021,9,Sep,2021-09,0.0,2843.0,69329.1,-66486.2,-0.96,Shortag e,7419,6301,8686,ESTIMATED_ MODEL
1570,C013,Cotton,Fibre,Tamil Nadu,2021,10,Oct,2021-10,0.0,2843.0,76262.1,-73419.1,-0.96,Shortag e,7286,6445,8924,ESTIMATED_ MODEL
1571,C013,Cotton,Fibre,Tamil Nadu,2021,11,Nov,2021-11,8515.7,10932.9,69329.1,-58396.2,-0.84,Shortag e,7137,5948,8378,ESTIMATED_ MODEL
1572,C013,Cotton,Fibre,Tamil Nadu,2021,12,Dec,2021-12,7899.6,10347.6,69329.1,-58981.5,-0.85,Shortag e,7210,5940,8790,ESTIMATED_ MODEL
1573,C014,Sugarcane,Commerc ial,Tamil Nadu,2021,1,Jan,2021-01,1570044.5,1687619.3,1612726.2,74893.0,0.05,Balance d,308,263,355,ESTIMATED_ MODEL
1574,C014,Sugarcane,Commerc ial,Tamil Nadu,2021,2,Feb,2021-02,1526364.3,1644303.1,1402370.6,241932.4,0.17,Surplus,300,269,347,ESTIMATED_ MODEL
1575,C014,Sugarcane,Commerc ial,Tamil Nadu,2021,3,Mar,2021-03,1551743.8,1669471.1,1402370.6,267100.4,0.19,Surplus,296,244,346,ESTIMATED_ MODEL
1576,C014,Sugarcane,Commerc ial,Tamil Nadu,2021,4,Apr,2021-04,1688313.4,1804902.7,1402370.6,402532.0,0.29,Surplus,300,246,362,ESTIMATED_ MODEL
1577,C014,Sugarcane,Commerc ial,Tamil Nadu,2021,5,May,2021-05,1564480.1,1682101.3,1402370.6,279730.6,0.2,Surplus,291,245,354,ESTIMATED_ MODEL
1578,C014,Sugarcane,Commerc ial,Tamil Nadu,2021,6,Jun,2021-06,1538290.1,1656129.6,1402370.6,253758.9,0.18,Surplus,298,255,336,ESTIMATED_ MODEL
1579,C014,Sugarcane,Commerc ial,Tamil Nadu,2021,7,Jul,2021-07,1594386.5,1711758.4,1402370.6,309387.8,0.22,Surplus,303,244,372,ESTIMATED_ MODEL
1580,C014,Sugarcane,Commerc ial,Tamil Nadu,2021,8,Aug,2021-08,1564862.3,1682480.3,1402370.6,280109.6,0.2,Surplus,294,261,339,ESTIMATED_ MODEL
1581,C014,Sugarcane,Commerc ial,Tamil Nadu,2021,9,Sep,2021-09,0.0,130658.5,1402370.6,-1271712.1,-0.91,Shortag e,355,295,439,ESTIMATED_ MODEL
1582,C014,Sugarcane,Commerc ial,Tamil Nadu,2021,10,Oct,2021-10,0.0,130658.5,1472489.2,-1341830.7,-0.91,Shortag e,344,281,404,ESTIMATED_ MODEL
1583,C014,Sugarcane,Commerc ial,Tamil Nadu,2021,11,Nov,2021-11,1512588.5,1630642.1,1402370.6,228271.4,0.16,Surplus,294,241,365,ESTIMATED_ MODEL
1584,C014,Sugarcane,Commerc ial,Tamil Nadu,2021,12,Dec,2021-12,1567949.1,1685541.3,1402370.6,283170.7,0.2,Surplus,308,258,382,ESTIMATED_ MODEL
1585,C015,Ladies Finger/Okra,Vegetabl e,Tamil Nadu,2021,1,Jan,2021-01,24211.2,25359.2,23778.7,1580.5,0.07,Balance d,2704,2244,3036,ESTIMATED_ MODEL
1586,C015,Ladies Finger/Okra,Vegetabl e,Tamil Nadu,2021,2,Feb,2021-02,25503.9,26646.5,23778.7,2867.8,0.12,Surplus,2645,2215,3209,ESTIMATED_ MODEL
1587,C015,Ladies Finger/Okra,Vegetabl e,Tamil Nadu,2021,3,Mar,2021-03,25373.9,26517.1,23778.7,2738.4,0.12,Surplus,2689,2172,2965,ESTIMATED_ MODEL
1588,C015,Ladies Finger/Okra,Vegetabl e,Tamil Nadu,2021,4,Apr,2021-04,26360.6,27499.6,23778.7,3721.0,0.16,Surplus,2600,2187,3224,ESTIMATED_ MODEL
1589,C015,Ladies Finger/Okra,Vegetabl e,Tamil Nadu,2021,5,May,2021-05,24197.1,25345.2,23778.7,1566.5,0.07,Balance d,2725,2398,3188,ESTIMATED_ MODEL
1590,C015,Ladies Finger/Okra,Vegetabl e,Tamil Nadu,2021,6,Jun,2021-06,25413.2,26556.2,23778.7,2777.6,0.12,Surplus,2659,2156,3274,ESTIMATED_ MODEL
1591,C015,Ladies Finger/Okra,Vegetabl e,Tamil Nadu,2021,7,Jul,2021-07,23560.6,24711.4,23778.7,932.7,0.04,Balance d,2760,2254,3248,ESTIMATED_ MODEL
1592,C015,Ladies Finger/Okra,Vegetabl e,Tamil Nadu,2021,8,Aug,2021-08,23744.8,24894.7,23778.7,1116.0,0.05,Balance d,2708,2336,3364,ESTIMATED_ MODEL
1593,C015,Ladies Finger/Okra,Vegetabl e,Tamil Nadu,2021,9,Sep,2021-09,23416.9,24568.2,23778.7,789.5,0.03,Balance d,2729,2331,3023,ESTIMATED_ MODEL
1594,C015,Ladies Finger/Okra,Vegetabl e,Tamil Nadu,2021,10,Oct,2021-10,26391.5,27530.4,23778.7,3751.7,0.16,Surplus,2593,2123,2865,ESTIMATED_ MODEL
1595,C015,Ladies Finger/Okra,Vegetabl e,Tamil Nadu,2021,11,Nov,2021-11,25802.3,26943.7,23778.7,3165.0,0.13,Surplus,2715,2368,3042,ESTIMATED_ MODEL
1596,C015,Ladies Finger/Okra,Vegetabl e,Tamil Nadu,2021,12,Dec,2021-12,25755.8,26897.4,23778.7,3118.7,0.13,Surplus,2731,2227,3127,ESTIMATED_ MODEL
1597,C016,Tomato,Vegetabl e,Tamil Nadu,2021,1,Jan,2021-01,92301.3,96546.8,93995.4,2551.4,0.03,Balance d,1815,1554,2043,ESTIMATED_ MODEL
1598,C016,Tomato,Vegetabl e,Tamil Nadu,2021,2,Feb,2021-02,90977.9,95229.0,93995.4,1233.6,0.01,Balance d,1783,1483,2120,ESTIMATED_ MODEL
1599,C016,Tomato,Vegetabl e,Tamil Nadu,2021,3,Mar,2021-03,93613.3,97853.4,93995.4,3858.0,0.04,Balance d,1777,1442,2213,ESTIMATED_ MODEL
1600,C016,Tomato,Vegetabl e,Tamil Nadu,2021,4,Apr,2021-04,92696.1,96940.0,93995.4,2944.6,0.03,Balance d,1759,1548,2143,ESTIMATED_ MODEL
1601,C016,Tomato,Vegetabl e,Tamil Nadu,2021,5,May,2021-05,99210.8,103427.6,93995.4,9432.2,0.1,Surplus,1770,1440,1986,ESTIMATED_ MODEL
1602,C016,Tomato,Vegetabl e,Tamil Nadu,2021,6,Jun,2021-06,88742.4,93002.8,93995.4,-992.6,-0.01,Balance d,1844,1594,2245,ESTIMATED_ MODEL
1603,C016,Tomato,Vegetabl e,Tamil Nadu,2021,7,Jul,2021-07,89712.7,93969.0,93995.4,-26.4,-0.0,Balance d,1867,1623,2098,ESTIMATED_ MODEL
1604,C016,Tomato,Vegetabl e,Tamil Nadu,2021,8,Aug,2021-08,88707.6,92968.1,93995.4,-1027.3,-0.01,Balance d,1794,1587,2030,ESTIMATED_ MODEL
1605,C016,Tomato,Vegetabl e,Tamil Nadu,2021,9,Sep,2021-09,95153.1,99386.8,93995.4,5391.4,0.06,Balance d,1757,1529,2039,ESTIMATED_ MODEL
1606,C016,Tomato,Vegetabl e,Tamil Nadu,2021,10,Oct,2021-10,88726.5,92987.0,93995.4,-1008.4,-0.01,Balance d,1868,1616,2081,ESTIMATED_ MODEL
1607,C016,Tomato,Vegetabl e,Tamil Nadu,2021,11,Nov,2021-11,97522.1,101745.9,93995.4,7750.5,0.08,Balance d,1846,1524,2124,ESTIMATED_ MODEL
1608,C016,Tomato,Vegetabl e,Tamil Nadu,2021,12,Dec,2021-12,93871.9,98110.9,93995.4,4115.5,0.04,Balance d,1797,1447,2110,ESTIMATED_ MODEL
1609,C017,Brinjal,Vegetabl e,Tamil Nadu,2021,1,Jan,2021-01,38310.6,40078.5,37026.6,3052.0,0.08,Balance d,2193,1892,2452,ESTIMATED_ MODEL
1610,C017,Brinjal,Vegetabl e,Tamil Nadu,2021,2,Feb,2021-02,38076.7,39845.7,37026.6,2819.1,0.08,Balance d,2315,2033,2682,ESTIMATED_ MODEL
1611,C017,Brinjal,Vegetabl e,Tamil Nadu,2021,3,Mar,2021-03,40040.7,41801.5,37026.6,4774.9,0.13,Surplus,2241,1997,2652,ESTIMATED_ MODEL
1612,C017,Brinjal,Vegetabl e,Tamil Nadu,2021,4,Apr,2021-04,40181.8,41942.0,37026.6,4915.4,0.13,Surplus,2185,1830,2680,ESTIMATED_ MODEL
1613,C017,Brinjal,Vegetabl e,Tamil Nadu,2021,5,May,2021-05,37158.8,38931.6,37026.6,1905.0,0.05,Balance d,2277,1969,2800,ESTIMATED_ MODEL
1614,C017,Brinjal,Vegetabl e,Tamil Nadu,2021,6,Jun,2021-06,38150.4,39919.1,37026.6,2892.5,0.08,Balance d,2302,2053,2565,ESTIMATED_ MODEL
1615,C017,Brinjal,Vegetabl e,Tamil Nadu,2021,7,Jul,2021-07,38182.1,39950.6,37026.6,2924.0,0.08,Balance d,2254,1970,2735,ESTIMATED_ MODEL
1616,C017,Brinjal,Vegetabl e,Tamil Nadu,2021,8,Aug,2021-08,37149.5,38922.3,37026.6,1895.7,0.05,Balance d,2272,1855,2771,ESTIMATED_ MODEL
1617,C017,Brinjal,Vegetabl e,Tamil Nadu,2021,9,Sep,2021-09,40159.9,41920.2,37026.6,4893.6,0.13,Surplus,2259,1827,2643,ESTIMATED_ MODEL
1618,C017,Brinjal,Vegetabl e,Tamil Nadu,2021,10,Oct,2021-10,39735.4,41497.5,37026.6,4470.9,0.12,Surplus,2189,1825,2414,ESTIMATED_ MODEL
1619,C017,Brinjal,Vegetabl e,Tamil Nadu,2021,11,Nov,2021-11,37330.8,39102.9,37026.6,2076.3,0.06,Balance d,2242,1917,2674,ESTIMATED_ MODEL
1620,C017,Brinjal,Vegetabl e,Tamil Nadu,2021,12,Dec,2021-12,38151.2,39919.9,37026.6,2893.3,0.08,Balance d,2270,2006,2571,ESTIMATED_ MODEL
1621,C018,Green Chilli,Vegetabl e,Tamil Nadu,2021,1,Jan,2021-01,13472.3,14661.6,12345.2,2316.4,0.19,Surplus,3548,3048,4250,ESTIMATED_ MODEL
1622,C018,Green Chilli,Vegetabl e,Tamil Nadu,2021,2,Feb,2021-02,12394.3,13592.6,12345.2,1247.4,0.1,Surplus,3531,2953,4331,ESTIMATED_ MODEL
1623,C018,Green Chilli,Vegetabl e,Tamil Nadu,2021,3,Mar,2021-03,13663.4,14851.2,12345.2,2505.9,0.2,Surplus,3462,3056,4101,ESTIMATED_ MODEL
1624,C018,Green Chilli,Vegetabl e,Tamil Nadu,2021,4,Apr,2021-04,13458.3,14647.8,12345.2,2302.5,0.19,Surplus,3595,3132,4066,ESTIMATED_ MODEL
1625,C018,Green Chilli,Vegetabl e,Tamil Nadu,2021,5,May,2021-05,12928.3,14122.2,12345.2,1777.0,0.14,Surplus,3576,3171,4165,ESTIMATED_ MODEL
1626,C018,Green Chilli,Vegetabl e,Tamil Nadu,2021,6,Jun,2021-06,13673.8,14861.4,12345.2,2516.2,0.2,Surplus,3630,3068,4071,ESTIMATED_ MODEL
1627,C018,Green Chilli,Vegetabl e,Tamil Nadu,2021,7,Jul,2021-07,12302.4,13501.5,12345.2,1156.3,0.09,Balance d,3564,3191,4092,ESTIMATED_ MODEL
1628,C018,Green Chilli,Vegetabl e,Tamil Nadu,2021,8,Aug,2021-08,12621.5,13817.9,12345.2,1472.7,0.12,Surplus,3655,3246,4212,ESTIMATED_ MODEL
1629,C018,Green Chilli,Vegetabl e,Tamil Nadu,2021,9,Sep,2021-09,13141.4,14333.5,12345.2,1988.2,0.16,Surplus,3461,3019,3968,ESTIMATED_ MODEL
1630,C018,Green Chilli,Vegetabl e,Tamil Nadu,2021,10,Oct,2021-10,12694.3,13890.1,12345.2,1544.9,0.13,Surplus,3633,3067,4261,ESTIMATED_ MODEL
1631,C018,Green Chilli,Vegetabl e,Tamil Nadu,2021,11,Nov,2021-11,13591.5,14779.8,12345.2,2434.6,0.2,Surplus,3593,3011,4191,ESTIMATED_ MODEL
1632,C018,Green Chilli,Vegetabl e,Tamil Nadu,2021,12,Dec,2021-12,12253.1,13452.7,12345.2,1107.4,0.09,Balance d,3563,2982,4201,ESTIMATED_ MODEL
1633,C019,French Beans,Vegetabl e,Tamil Nadu,2021,1,Jan,2021-01,7967.3,8339.8,7737.2,602.7,0.08,Balance d,4058,3392,4513,ESTIMATED_ MODEL
1634,C019,French Beans,Vegetabl e,Tamil Nadu,2021,2,Feb,2021-02,8125.3,8497.1,7737.2,760.0,0.1,Balance d,3959,3543,4597,ESTIMATED_ MODEL
1635,C019,French Beans,Vegetabl e,Tamil Nadu,2021,3,Mar,2021-03,8267.7,8638.9,7737.2,901.8,0.12,Surplus,4015,3233,4439,ESTIMATED_ MODEL
1636,C019,French Beans,Vegetabl e,Tamil Nadu,2021,4,Apr,2021-04,7877.6,8250.4,7737.2,513.3,0.07,Balance d,4107,3507,4831,ESTIMATED_ MODEL
1637,C019,French Beans,Vegetabl e,Tamil Nadu,2021,5,May,2021-05,7885.4,8258.2,7737.2,521.1,0.07,Balance d,3990,3489,4490,ESTIMATED_ MODEL
1638,C019,French Beans,Vegetabl e,Tamil Nadu,2021,6,Jun,2021-06,8523.1,8893.3,7737.2,1156.1,0.15,Surplus,3927,3322,4488,ESTIMATED_ MODEL
1639,C019,French Beans,Vegetabl e,Tamil Nadu,2021,7,Jul,2021-07,8319.1,8690.1,7737.2,952.9,0.12,Surplus,3957,3421,4739,ESTIMATED_ MODEL
1640,C019,French Beans,Vegetabl e,Tamil Nadu,2021,8,Aug,2021-08,8176.8,8548.4,7737.2,811.2,0.1,Surplus,4110,3459,4566,ESTIMATED_ MODEL
1641,C019,French Beans,Vegetabl e,Tamil Nadu,2021,9,Sep,2021-09,8245.3,8616.7,7737.2,879.5,0.11,Surplus,3969,3564,4721,ESTIMATED_ MODEL
1642,C019,French Beans,Vegetabl e,Tamil Nadu,2021,10,Oct,2021-10,7644.1,8017.9,7737.2,280.8,0.04,Balance d,4124,3302,4857,ESTIMATED_ MODEL
1643,C019,French Beans,Vegetabl e,Tamil Nadu,2021,11,Nov,2021-11,8216.6,8588.0,7737.2,850.8,0.11,Surplus,3913,3353,4845,ESTIMATED_ MODEL
1644,C019,French Beans,Vegetabl e,Tamil Nadu,2021,12,Dec,2021-12,8111.0,8482.8,7737.2,745.7,0.1,Balance d,4150,3545,4851,ESTIMATED_ MODEL
1645,C020,Cluster Beans,Vegetabl e,Tamil Nadu,2021,1,Jan,2021-01,4899.7,5118.0,4583.8,534.3,0.12,Surplus,3541,3164,4379,ESTIMATED_ MODEL
1646,C020,Cluster Beans,Vegetabl e,Tamil Nadu,2021,2,Feb,2021-02,4549.1,4768.9,4583.8,185.1,0.04,Balance d,3554,2857,4305,ESTIMATED_ MODEL
1647,C020,Cluster Beans,Vegetabl e,Tamil Nadu,2021,3,Mar,2021-03,4780.0,4998.8,4583.8,415.0,0.09,Balance d,3662,3284,4517,ESTIMATED_ MODEL
1648,C020,Cluster Beans,Vegetabl e,Tamil Nadu,2021,4,Apr,2021-04,4650.1,4869.5,4583.8,285.7,0.06,Balance d,3627,3094,4005,ESTIMATED_ MODEL
1649,C020,Cluster Beans,Vegetabl e,Tamil Nadu,2021,5,May,2021-05,4782.4,5001.1,4583.8,417.4,0.09,Balance d,3534,2990,4221,ESTIMATED_ MODEL
1650,C020,Cluster Beans,Vegetabl e,Tamil Nadu,2021,6,Jun,2021-06,4774.1,4992.9,4583.8,409.2,0.09,Balance d,3603,3150,4115,ESTIMATED_ MODEL
1651,C020,Cluster Beans,Vegetabl e,Tamil Nadu,2021,7,Jul,2021-07,4847.1,5065.6,4583.8,481.8,0.11,Surplus,3596,2909,4179,ESTIMATED_ MODEL
1652,C020,Cluster Beans,Vegetabl e,Tamil Nadu,2021,8,Aug,2021-08,4717.2,4936.3,4583.8,352.6,0.08,Balance d,3652,3175,4560,ESTIMATED_ MODEL
1653,C020,Cluster Beans,Vegetabl e,Tamil Nadu,2021,9,Sep,2021-09,4606.4,4825.9,4583.8,242.1,0.05,Balance d,3562,3027,4095,ESTIMATED_ MODEL
1654,C020,Cluster Beans,Vegetabl e,Tamil Nadu,2021,10,Oct,2021-10,4801.9,5020.6,4583.8,436.8,0.1,Balance d,3574,3166,4299,ESTIMATED_ MODEL
1655,C020,Cluster Beans,Vegetabl e,Tamil Nadu,2021,11,Nov,2021-11,4989.9,5207.9,4583.8,624.1,0.14,Surplus,3649,2993,4492,ESTIMATED_ MODEL
1656,C020,Cluster Beans,Vegetabl e,Tamil Nadu,2021,12,Dec,2021-12,4894.2,5112.5,4583.8,528.8,0.12,Surplus,3480,3094,4000,ESTIMATED_ MODEL
1657,C021,Cucumber,Vegetabl e,Tamil Nadu,2021,1,Jan,2021-01,7636.2,7986.8,7282.0,704.8,0.1,Balance d,1846,1563,2047,ESTIMATED_ MODEL
1658,C021,Cucumber,Vegetabl e,Tamil Nadu,2021,2,Feb,2021-02,8028.4,8377.3,7282.0,1095.3,0.15,Surplus,1752,1478,1969,ESTIMATED_ MODEL
1659,C021,Cucumber,Vegetabl e,Tamil Nadu,2021,3,Mar,2021-03,7211.4,7563.7,7282.0,281.7,0.04,Balance d,1858,1629,2118,ESTIMATED_ MODEL
1660,C021,Cucumber,Vegetabl e,Tamil Nadu,2021,4,Apr,2021-04,7489.9,7841.1,8738.4,-897.3,-0.1,Shortag e,1857,1620,2306,ESTIMATED_ MODEL
1661,C021,Cucumber,Vegetabl e,Tamil Nadu,2021,5,May,2021-05,7951.4,8300.7,8738.4,-437.7,-0.05,Balance d,1875,1596,2280,ESTIMATED_ MODEL
1662,C021,Cucumber,Vegetabl e,Tamil Nadu,2021,6,Jun,2021-06,7530.0,7881.1,7282.0,599.0,0.08,Balance d,1804,1543,2015,ESTIMATED_ MODEL
1663,C021,Cucumber,Vegetabl e,Tamil Nadu,2021,7,Jul,2021-07,7349.9,7701.6,7282.0,419.6,0.06,Balance d,1763,1504,2010,ESTIMATED_ MODEL
1664,C021,Cucumber,Vegetabl e,Tamil Nadu,2021,8,Aug,2021-08,7556.3,7907.2,7282.0,625.2,0.09,Balance d,1744,1521,1927,ESTIMATED_ MODEL
1665,C021,Cucumber,Vegetabl e,Tamil Nadu,2021,9,Sep,2021-09,7520.4,7871.5,7282.0,589.5,0.08,Balance d,1808,1544,2251,ESTIMATED_ MODEL
1666,C021,Cucumber,Vegetabl e,Tamil Nadu,2021,10,Oct,2021-10,8005.3,8354.3,7282.0,1072.3,0.15,Surplus,1778,1433,2103,ESTIMATED_ MODEL
1667,C021,Cucumber,Vegetabl e,Tamil Nadu,2021,11,Nov,2021-11,7864.8,8214.4,7282.0,932.4,0.13,Surplus,1822,1639,2122,ESTIMATED_ MODEL
1668,C021,Cucumber,Vegetabl e,Tamil Nadu,2021,12,Dec,2021-12,7629.8,7980.4,7282.0,698.4,0.1,Balance d,1774,1580,2002,ESTIMATED_ MODEL
1669,C022,Bitter Gourd,Vegetabl e,Tamil Nadu,2021,1,Jan,2021-01,5707.4,5970.5,5513.0,457.5,0.08,Balance d,3196,2767,3910,ESTIMATED_ MODEL
1670,C022,Bitter Gourd,Vegetabl e,Tamil Nadu,2021,2,Feb,2021-02,5454.8,5718.9,5513.0,206.0,0.04,Balance d,3195,2865,3857,ESTIMATED_ MODEL
1671,C022,Bitter Gourd,Vegetabl e,Tamil Nadu,2021,3,Mar,2021-03,5666.9,5930.2,5513.0,417.2,0.08,Balance d,3229,2751,3609,ESTIMATED_ MODEL
1672,C022,Bitter Gourd,Vegetabl e,Tamil Nadu,2021,4,Apr,2021-04,5610.1,5873.5,5513.0,360.6,0.07,Balance d,3159,2567,3755,ESTIMATED_ MODEL
1673,C022,Bitter Gourd,Vegetabl e,Tamil Nadu,2021,5,May,2021-05,5901.6,6163.9,5513.0,650.9,0.12,Surplus,3125,2694,3442,ESTIMATED_ MODEL
1674,C022,Bitter Gourd,Vegetabl e,Tamil Nadu,2021,6,Jun,2021-06,6083.6,6345.1,5513.0,832.1,0.15,Surplus,3054,2593,3795,ESTIMATED_ MODEL
1675,C022,Bitter Gourd,Vegetabl e,Tamil Nadu,2021,7,Jul,2021-07,5612.1,5875.5,5513.0,362.5,0.07,Balance d,3131,2637,3780,ESTIMATED_ MODEL
1676,C022,Bitter Gourd,Vegetabl e,Tamil Nadu,2021,8,Aug,2021-08,5988.5,6250.4,5513.0,737.4,0.13,Surplus,3140,2606,3648,ESTIMATED_ MODEL
1677,C022,Bitter Gourd,Vegetabl e,Tamil Nadu,2021,9,Sep,2021-09,5464.7,5728.8,5513.0,215.8,0.04,Balance d,3112,2790,3484,ESTIMATED_ MODEL
1678,C022,Bitter Gourd,Vegetabl e,Tamil Nadu,2021,10,Oct,2021-10,5799.1,6061.8,5513.0,548.8,0.1,Balance d,3112,2498,3527,ESTIMATED_ MODEL
1679,C022,Bitter Gourd,Vegetabl e,Tamil Nadu,2021,11,Nov,2021-11,5475.2,5739.3,5513.0,226.3,0.04,Balance d,3218,2639,3579,ESTIMATED_ MODEL
1680,C022,Bitter Gourd,Vegetabl e,Tamil Nadu,2021,12,Dec,2021-12,6073.4,6334.9,5513.0,822.0,0.15,Surplus,3108,2490,3459,ESTIMATED_ MODEL
1681,C023,Bottle Gourd,Vegetabl e,Tamil Nadu,2021,1,Jan,2021-01,20916.4,21862.5,19345.0,2517.6,0.13,Surplus,1653,1348,1874,ESTIMATED_ MODEL
1682,C023,Bottle Gourd,Vegetabl e,Tamil Nadu,2021,2,Feb,2021-02,21265.6,22210.3,19345.0,2865.3,0.15,Surplus,1573,1383,1774,ESTIMATED_ MODEL
1683,C023,Bottle Gourd,Vegetabl e,Tamil Nadu,2021,3,Mar,2021-03,21118.3,22063.6,19345.0,2718.6,0.14,Surplus,1560,1404,1722,ESTIMATED_ MODEL
1684,C023,Bottle Gourd,Vegetabl e,Tamil Nadu,2021,4,Apr,2021-04,20701.8,21648.8,19345.0,2303.8,0.12,Surplus,1641,1373,2013,ESTIMATED_ MODEL
1685,C023,Bottle Gourd,Vegetabl e,Tamil Nadu,2021,5,May,2021-05,19168.4,20121.7,19345.0,776.8,0.04,Balance d,1633,1454,2023,ESTIMATED_ MODEL
1686,C023,Bottle Gourd,Vegetabl e,Tamil Nadu,2021,6,Jun,2021-06,20944.1,21890.1,19345.0,2545.1,0.13,Surplus,1557,1257,1771,ESTIMATED_ MODEL
1687,C023,Bottle Gourd,Vegetabl e,Tamil Nadu,2021,7,Jul,2021-07,21096.4,22041.8,19345.0,2696.8,0.14,Surplus,1620,1440,1894,ESTIMATED_ MODEL
1688,C023,Bottle Gourd,Vegetabl e,Tamil Nadu,2021,8,Aug,2021-08,20983.5,21929.4,19345.0,2584.4,0.13,Surplus,1615,1323,1972,ESTIMATED_ MODEL
1689,C023,Bottle Gourd,Vegetabl e,Tamil Nadu,2021,9,Sep,2021-09,20277.1,21225.9,19345.0,1880.9,0.1,Balance d,1660,1372,1949,ESTIMATED_ MODEL
1690,C023,Bottle Gourd,Vegetabl e,Tamil Nadu,2021,10,Oct,2021-10,19607.3,20558.8,19345.0,1213.9,0.06,Balance d,1581,1353,1859,ESTIMATED_ MODEL
1691,C023,Bottle Gourd,Vegetabl e,Tamil Nadu,2021,11,Nov,2021-11,21096.0,22041.3,19345.0,2696.3,0.14,Surplus,1568,1324,1804,ESTIMATED_ MODEL
1692,C023,Bottle Gourd,Vegetabl e,Tamil Nadu,2021,12,Dec,2021-12,20808.7,21755.3,19345.0,2410.3,0.12,Surplus,1609,1381,1772,ESTIMATED_ MODEL
1693,C024,Ridge Gourd,Vegetabl e,Tamil Nadu,2021,1,Jan,2021-01,8345.6,8715.2,7771.4,943.8,0.12,Surplus,2690,2256,3128,ESTIMATED_ MODEL
1694,C024,Ridge Gourd,Vegetabl e,Tamil Nadu,2021,2,Feb,2021-02,8007.0,8378.0,7771.4,606.6,0.08,Balance d,2708,2168,3010,ESTIMATED_ MODEL
1695,C024,Ridge Gourd,Vegetabl e,Tamil Nadu,2021,3,Mar,2021-03,7701.0,8073.3,7771.4,301.9,0.04,Balance d,2776,2242,3348,ESTIMATED_ MODEL
1696,C024,Ridge Gourd,Vegetabl e,Tamil Nadu,2021,4,Apr,2021-04,8386.5,8755.9,7771.4,984.5,0.13,Surplus,2746,2271,3174,ESTIMATED_ MODEL
1697,C024,Ridge Gourd,Vegetabl e,Tamil Nadu,2021,5,May,2021-05,8582.1,8950.6,7771.4,1179.3,0.15,Surplus,2679,2379,3325,ESTIMATED_ MODEL
1698,C024,Ridge Gourd,Vegetabl e,Tamil Nadu,2021,6,Jun,2021-06,7883.8,8255.3,7771.4,483.9,0.06,Balance d,2743,2218,3293,ESTIMATED_ MODEL
1699,C024,Ridge Gourd,Vegetabl e,Tamil Nadu,2021,7,Jul,2021-07,7965.2,8336.4,7771.4,565.0,0.07,Balance d,2685,2274,2973,ESTIMATED_ MODEL
1700,C024,Ridge Gourd,Vegetabl e,Tamil Nadu,2021,8,Aug,2021-08,7828.8,8200.5,7771.4,429.1,0.06,Balance d,2656,2335,3103,ESTIMATED_ MODEL
1701,C024,Ridge Gourd,Vegetabl e,Tamil Nadu,2021,9,Sep,2021-09,8212.7,8582.8,7771.4,811.4,0.1,Surplus,2654,2225,3260,ESTIMATED_ MODEL
1702,C024,Ridge Gourd,Vegetabl e,Tamil Nadu,2021,10,Oct,2021-10,7800.5,8172.4,7771.4,401.0,0.05,Balance d,2749,2274,3073,ESTIMATED_ MODEL
1703,C024,Ridge Gourd,Vegetabl e,Tamil Nadu,2021,11,Nov,2021-11,7997.2,8368.2,7771.4,596.8,0.08,Balance d,2657,2371,3155,ESTIMATED_ MODEL
1704,C024,Ridge Gourd,Vegetabl e,Tamil Nadu,2021,12,Dec,2021-12,8330.0,8699.6,7771.4,928.2,0.12,Surplus,2686,2309,3102,ESTIMATED_ MODEL
1705,C025,Ash Gourd,Vegetabl e,Tamil Nadu,2021,1,Jan,2021-01,5850.5,6502.0,4643.0,1858.9,0.4,Surplus,1250,1091,1412,ESTIMATED_ MODEL
1706,C025,Ash Gourd,Vegetabl e,Tamil Nadu,2021,2,Feb,2021-02,5565.8,6220.9,4643.0,1577.9,0.34,Surplus,1284,1092,1553,ESTIMATED_ MODEL
1707,C025,Ash Gourd,Vegetabl e,Tamil Nadu,2021,3,Mar,2021-03,5574.5,6229.4,4643.0,1586.4,0.34,Surplus,1263,1062,1481,ESTIMATED_ MODEL
1708,C025,Ash Gourd,Vegetabl e,Tamil Nadu,2021,4,Apr,2021-04,5860.0,6511.3,4643.0,1868.3,0.4,Surplus,1285,1134,1447,ESTIMATED_ MODEL
1709,C025,Ash Gourd,Vegetabl e,Tamil Nadu,2021,5,May,2021-05,0.0,724.6,4643.0,-3918.4,-0.84,Shortag e,1563,1358,1849,ESTIMATED_ MODEL
1710,C025,Ash Gourd,Vegetabl e,Tamil Nadu,2021,6,Jun,2021-06,0.0,724.6,4643.0,-3918.4,-0.84,Shortag e,1554,1307,1741,ESTIMATED_ MODEL
1711,C025,Ash Gourd,Vegetabl e,Tamil Nadu,2021,7,Jul,2021-07,6139.8,6787.7,4643.0,2144.7,0.46,Surplus,1284,1094,1535,ESTIMATED_ MODEL
1712,C025,Ash Gourd,Vegetabl e,Tamil Nadu,2021,8,Aug,2021-08,5700.0,6353.4,4643.0,1710.3,0.37,Surplus,1276,1136,1516,ESTIMATED_ MODEL
1713,C025,Ash Gourd,Vegetabl e,Tamil Nadu,2021,9,Sep,2021-09,6092.9,6741.3,4643.0,2098.3,0.45,Surplus,1238,1046,1502,ESTIMATED_ MODEL
1714,C025,Ash Gourd,Vegetabl e,Tamil Nadu,2021,10,Oct,2021-10,6019.1,6668.4,6035.9,632.5,0.1,Surplus,1367,1161,1687,ESTIMATED_ MODEL
1715,C025,Ash Gourd,Vegetabl e,Tamil Nadu,2021,11,Nov,2021-11,5657.6,6311.5,4643.0,1668.5,0.36,Surplus,1272,1070,1571,ESTIMATED_ MODEL
1716,C025,Ash Gourd,Vegetabl e,Tamil Nadu,2021,12,Dec,2021-12,5509.6,6165.3,4643.0,1522.3,0.33,Surplus,1330,1155,1634,ESTIMATED_ MODEL
1717,C026,Pumpkin,Vegetabl e,Tamil Nadu,2021,1,Jan,2021-01,13530.4,15855.5,12379.3,3476.2,0.28,Surplus,1327,1180,1611,ESTIMATED_ MODEL
1718,C026,Pumpkin,Vegetabl e,Tamil Nadu,2021,2,Feb,2021-02,12683.6,15022.9,12379.3,2643.6,0.21,Surplus,1307,1143,1468,ESTIMATED_ MODEL
1719,C026,Pumpkin,Vegetabl e,Tamil Nadu,2021,3,Mar,2021-03,12462.3,14805.2,12379.3,2425.9,0.2,Surplus,1294,1080,1580,ESTIMATED_ MODEL
1720,C026,Pumpkin,Vegetabl e,Tamil Nadu,2021,4,Apr,2021-04,12557.2,14898.6,12379.3,2519.3,0.2,Surplus,1302,1050,1458,ESTIMATED_ MODEL
1721,C026,Pumpkin,Vegetabl e,Tamil Nadu,2021,5,May,2021-05,12835.0,15171.8,12379.3,2792.5,0.23,Surplus,1348,1164,1534,ESTIMATED_ MODEL
1722,C026,Pumpkin,Vegetabl e,Tamil Nadu,2021,6,Jun,2021-06,12575.6,14916.7,12379.3,2537.4,0.2,Surplus,1327,1132,1590,ESTIMATED_ MODEL
1723,C026,Pumpkin,Vegetabl e,Tamil Nadu,2021,7,Jul,2021-07,12683.5,15022.8,12379.3,2643.5,0.21,Surplus,1299,1151,1489,ESTIMATED_ MODEL
1724,C026,Pumpkin,Vegetabl e,Tamil Nadu,2021,8,Aug,2021-08,12394.8,14738.9,12379.3,2359.6,0.19,Surplus,1341,1075,1551,ESTIMATED_ MODEL
1725,C026,Pumpkin,Vegetabl e,Tamil Nadu,2021,9,Sep,2021-09,12645.6,14985.5,12379.3,2606.2,0.21,Surplus,1309,1118,1455,ESTIMATED_ MODEL
1726,C026,Pumpkin,Vegetabl e,Tamil Nadu,2021,10,Oct,2021-10,13075.1,15407.8,14855.2,552.6,0.04,Balance d,1381,1134,1659,ESTIMATED_ MODEL
1727,C026,Pumpkin,Vegetabl e,Tamil Nadu,2021,11,Nov,2021-11,12872.2,15208.3,12379.3,2829.0,0.23,Surplus,1343,1149,1626,ESTIMATED_ MODEL
1728,C026,Pumpkin,Vegetabl e,Tamil Nadu,2021,12,Dec,2021-12,12724.2,15062.8,12379.3,2683.5,0.22,Surplus,1333,1114,1629,ESTIMATED_ MODEL
1729,C027,Cabbage,Vegetabl e,Tamil Nadu,2021,1,Jan,2021-01,17119.7,18685.4,12968.6,5716.8,0.44,Surplus,1291,1139,1587,ESTIMATED_ MODEL
1730,C027,Cabbage,Vegetabl e,Tamil Nadu,2021,2,Feb,2021-02,17474.5,19037.3,12968.6,6068.7,0.47,Surplus,1262,1021,1471,ESTIMATED_ MODEL
1731,C027,Cabbage,Vegetabl e,Tamil Nadu,2021,3,Mar,2021-03,16728.1,18297.1,12968.6,5328.5,0.41,Surplus,1258,1043,1530,ESTIMATED_ MODEL
1732,C027,Cabbage,Vegetabl e,Tamil Nadu,2021,4,Apr,2021-04,16572.9,18143.2,12968.6,5174.6,0.4,Surplus,1248,1102,1453,ESTIMATED_ MODEL
1733,C027,Cabbage,Vegetabl e,Tamil Nadu,2021,5,May,2021-05,16891.8,18459.5,12968.6,5490.9,0.42,Surplus,1286,1040,1479,ESTIMATED_ MODEL
1734,C027,Cabbage,Vegetabl e,Tamil Nadu,2021,6,Jun,2021-06,17622.3,19183.9,12968.6,6215.3,0.48,Surplus,1233,1105,1505,ESTIMATED_ MODEL
1735,C027,Cabbage,Vegetabl e,Tamil Nadu,2021,7,Jul,2021-07,17850.3,19410.0,12968.6,6441.4,0.5,Surplus,1259,1036,1562,ESTIMATED_ MODEL
1736,C027,Cabbage,Vegetabl e,Tamil Nadu,2021,8,Aug,2021-08,17066.4,18632.7,12968.6,5664.0,0.44,Surplus,1262,1030,1495,ESTIMATED_ MODEL
1737,C027,Cabbage,Vegetabl e,Tamil Nadu,2021,9,Sep,2021-09,17303.5,18867.7,12968.6,5899.1,0.45,Surplus,1308,1047,1485,ESTIMATED_ MODEL
1738,C027,Cabbage,Vegetabl e,Tamil Nadu,2021,10,Oct,2021-10,17796.1,19356.2,12968.6,6387.6,0.49,Surplus,1300,1062,1452,ESTIMATED_ MODEL
1739,C027,Cabbage,Vegetabl e,Tamil Nadu,2021,11,Nov,2021-11,16156.9,17730.7,12968.6,4762.1,0.37,Surplus,1295,1148,1517,ESTIMATED_ MODEL
1740,C027,Cabbage,Vegetabl e,Tamil Nadu,2021,12,Dec,2021-12,16428.9,18000.4,12968.6,5031.8,0.39,Surplus,1326,1150,1473,ESTIMATED_ MODEL
1741,C028,Cauliflower,Vegetabl e,Tamil Nadu,2021,1,Jan,2021-01,4725.4,4942.4,4563.2,379.2,0.08,Balance d,1936,1580,2212,ESTIMATED_ MODEL
1742,C028,Cauliflower,Vegetabl e,Tamil Nadu,2021,2,Feb,2021-02,4656.3,4873.6,4563.2,310.4,0.07,Balance d,2016,1796,2513,ESTIMATED_ MODEL
1743,C028,Cauliflower,Vegetabl e,Tamil Nadu,2021,3,Mar,2021-03,4811.4,5028.1,4563.2,464.9,0.1,Surplus,1939,1722,2228,ESTIMATED_ MODEL
1744,C028,Cauliflower,Vegetabl e,Tamil Nadu,2021,4,Apr,2021-04,4666.0,4883.3,4563.2,320.1,0.07,Balance d,1934,1715,2312,ESTIMATED_ MODEL
1745,C028,Cauliflower,Vegetabl e,Tamil Nadu,2021,5,May,2021-05,4541.1,4758.9,4563.2,195.7,0.04,Balance d,1948,1642,2227,ESTIMATED_ MODEL
1746,C028,Cauliflower,Vegetabl e,Tamil Nadu,2021,6,Jun,2021-06,4492.4,4710.3,4563.2,147.1,0.03,Balance d,2020,1708,2522,ESTIMATED_ MODEL
1747,C028,Cauliflower,Vegetabl e,Tamil Nadu,2021,7,Jul,2021-07,4749.3,4966.2,4563.2,403.0,0.09,Balance d,1921,1605,2253,ESTIMATED_ MODEL
1748,C028,Cauliflower,Vegetabl e,Tamil Nadu,2021,8,Aug,2021-08,4971.4,5187.4,4563.2,624.2,0.14,Surplus,1961,1631,2371,ESTIMATED_ MODEL
1749,C028,Cauliflower,Vegetabl e,Tamil Nadu,2021,9,Sep,2021-09,4819.7,5036.3,4563.2,473.1,0.1,Surplus,2015,1801,2460,ESTIMATED_ MODEL
1750,C028,Cauliflower,Vegetabl e,Tamil Nadu,2021,10,Oct,2021-10,5064.5,5280.1,4563.2,716.8,0.16,Surplus,1996,1707,2444,ESTIMATED_ MODEL
1751,C028,Cauliflower,Vegetabl e,Tamil Nadu,2021,11,Nov,2021-11,4656.0,4873.3,4563.2,310.1,0.07,Balance d,1957,1644,2246,ESTIMATED_ MODEL
1752,C028,Cauliflower,Vegetabl e,Tamil Nadu,2021,12,Dec,2021-12,4652.3,4869.6,4563.2,306.4,0.07,Balance d,1977,1638,2461,ESTIMATED_ MODEL
1753,C029,Carrot,Root vegetable,Tamil Nadu,2021,1,Jan,2021-01,20162.4,24000.8,16184.8,7816.0,0.48,Surplus,3006,2420,3313,ESTIMATED_ MODEL
1754,C029,Carrot,Root vegetable,Tamil Nadu,2021,2,Feb,2021-02,21252.4,25072.6,16184.8,8887.8,0.55,Surplus,2979,2525,3335,ESTIMATED_ MODEL
1755,C029,Carrot,Root vegetable,Tamil Nadu,2021,3,Mar,2021-03,20058.3,23898.4,16184.8,7713.6,0.48,Surplus,2906,2596,3572,ESTIMATED_ MODEL
1756,C029,Carrot,Root vegetable,Tamil Nadu,2021,4,Apr,2021-04,20194.2,24032.0,16184.8,7847.2,0.48,Surplus,2993,2539,3526,ESTIMATED_ MODEL
1757,C029,Carrot,Root vegetable,Tamil Nadu,2021,5,May,2021-05,20470.9,24304.1,16184.8,8119.3,0.5,Surplus,3036,2722,3437,ESTIMATED_ MODEL
1758,C029,Carrot,Root vegetable,Tamil Nadu,2021,6,Jun,2021-06,21093.6,24916.4,16184.8,8731.7,0.54,Surplus,2986,2448,3381,ESTIMATED_ MODEL
1759,C029,Carrot,Root vegetable,Tamil Nadu,2021,7,Jul,2021-07,21014.6,24838.7,16184.8,8653.9,0.53,Surplus,2963,2490,3673,ESTIMATED_ MODEL
1760,C029,Carrot,Root vegetable,Tamil Nadu,2021,8,Aug,2021-08,21946.1,25754.7,16184.8,9569.9,0.59,Surplus,2823,2403,3495,ESTIMATED_ MODEL
1761,C029,Carrot,Root vegetable,Tamil Nadu,2021,9,Sep,2021-09,21793.0,25604.2,16184.8,9419.4,0.58,Surplus,2984,2434,3446,ESTIMATED_ MODEL
1762,C029,Carrot,Root vegetable,Tamil Nadu,2021,10,Oct,2021-10,20996.9,24821.4,16184.8,8636.6,0.53,Surplus,2952,2409,3676,ESTIMATED_ MODEL
1763,C029,Carrot,Root vegetable,Tamil Nadu,2021,11,Nov,2021-11,20761.5,24589.8,16184.8,8405.1,0.52,Surplus,3016,2463,3372,ESTIMATED_ MODEL
1764,C029,Carrot,Root vegetable,Tamil Nadu,2021,12,Dec,2021-12,20717.7,24546.8,16184.8,8362.0,0.52,Surplus,2858,2547,3227,ESTIMATED_ MODEL
1765,C030,Radish,Root vegetable,Tamil Nadu,2021,1,Jan,2021-01,7510.1,7857.1,7216.5,640.7,0.09,Balance d,1629,1315,2014,ESTIMATED_ MODEL
1766,C030,Radish,Root vegetable,Tamil Nadu,2021,2,Feb,2021-02,7646.3,7992.7,7216.5,776.3,0.11,Surplus,1656,1338,1954,ESTIMATED_ MODEL
1767,C030,Radish,Root vegetable,Tamil Nadu,2021,3,Mar,2021-03,7168.2,7516.6,7216.5,300.1,0.04,Balance d,1608,1349,1812,ESTIMATED_ MODEL
1768,C030,Radish,Root vegetable,Tamil Nadu,2021,4,Apr,2021-04,7308.7,7656.6,7216.5,440.1,0.06,Balance d,1630,1460,1916,ESTIMATED_ MODEL
1769,C030,Radish,Root vegetable,Tamil Nadu,2021,5,May,2021-05,7947.8,8293.0,7216.5,1076.5,0.15,Surplus,1560,1345,1796,ESTIMATED_ MODEL
1770,C030,Radish,Root vegetable,Tamil Nadu,2021,6,Jun,2021-06,7926.8,8272.1,7216.5,1055.7,0.15,Surplus,1637,1380,1848,ESTIMATED_ MODEL
1771,C030,Radish,Root vegetable,Tamil Nadu,2021,7,Jul,2021-07,7811.6,8157.3,7216.5,940.9,0.13,Surplus,1575,1381,1795,ESTIMATED_ MODEL
1772,C030,Radish,Root vegetable,Tamil Nadu,2021,8,Aug,2021-08,7120.7,7469.3,7216.5,252.9,0.04,Balance d,1655,1358,1901,ESTIMATED_ MODEL
1773,C030,Radish,Root vegetable,Tamil Nadu,2021,9,Sep,2021-09,7399.6,7747.1,7216.5,530.6,0.07,Balance d,1616,1445,2004,ESTIMATED_ MODEL
1774,C030,Radish,Root vegetable,Tamil Nadu,2021,10,Oct,2021-10,7672.5,8018.9,7216.5,802.4,0.11,Surplus,1581,1322,1775,ESTIMATED_ MODEL
1775,C030,Radish,Root vegetable,Tamil Nadu,2021,11,Nov,2021-11,7352.7,7700.3,7216.5,483.9,0.07,Balance d,1622,1372,2003,ESTIMATED_ MODEL
1776,C030,Radish,Root vegetable,Tamil Nadu,2021,12,Dec,2021-12,7927.9,8273.2,7216.5,1056.7,0.15,Surplus,1644,1378,1929,ESTIMATED_ MODEL
1777,C031,Beetroot,Root vegetable,Tamil Nadu,2021,1,Jan,2021-01,4999.2,5645.5,4604.7,1040.8,0.23,Surplus,2695,2286,3132,ESTIMATED_ MODEL
1778,C031,Beetroot,Root vegetable,Tamil Nadu,2021,2,Feb,2021-02,4534.5,5186.7,4604.7,582.0,0.13,Surplus,2756,2260,3121,ESTIMATED_ MODEL
1779,C031,Beetroot,Root vegetable,Tamil Nadu,2021,3,Mar,2021-03,4717.6,5367.5,4604.7,762.8,0.17,Surplus,2628,2147,3040,ESTIMATED_ MODEL
1780,C031,Beetroot,Root vegetable,Tamil Nadu,2021,4,Apr,2021-04,4776.4,5425.6,4604.7,820.9,0.18,Surplus,2724,2347,3165,ESTIMATED_ MODEL
1781,C031,Beetroot,Root vegetable,Tamil Nadu,2021,5,May,2021-05,4665.3,5315.9,4604.7,711.1,0.15,Surplus,2737,2203,3098,ESTIMATED_ MODEL
1782,C031,Beetroot,Root vegetable,Tamil Nadu,2021,6,Jun,2021-06,4647.9,5298.6,4604.7,693.9,0.15,Surplus,2679,2308,2962,ESTIMATED_ MODEL
1783,C031,Beetroot,Root vegetable,Tamil Nadu,2021,7,Jul,2021-07,4554.3,5206.2,4604.7,601.5,0.13,Surplus,2660,2301,3205,ESTIMATED_ MODEL
1784,C031,Beetroot,Root vegetable,Tamil Nadu,2021,8,Aug,2021-08,4904.6,5552.2,4604.7,947.5,0.21,Surplus,2668,2220,2972,ESTIMATED_ MODEL
1785,C031,Beetroot,Root vegetable,Tamil Nadu,2021,9,Sep,2021-09,4684.3,5334.6,4604.7,729.9,0.16,Surplus,2653,2156,3295,ESTIMATED_ MODEL
1786,C031,Beetroot,Root vegetable,Tamil Nadu,2021,10,Oct,2021-10,4562.7,5214.5,4604.7,609.8,0.13,Surplus,2671,2222,3245,ESTIMATED_ MODEL
1787,C031,Beetroot,Root vegetable,Tamil Nadu,2021,11,Nov,2021-11,4666.0,5316.6,4604.7,711.9,0.15,Surplus,2666,2215,3257,ESTIMATED_ MODEL
1788,C031,Beetroot,Root vegetable,Tamil Nadu,2021,12,Dec,2021-12,4996.4,5642.8,4604.7,1038.1,0.23,Surplus,2697,2339,2986,ESTIMATED_ MODEL
1789,C032,Onion,Bulb vegetable,Tamil Nadu,2021,1,Jan,2021-01,82035.0,117470.7,94930.0,22540.7,0.24,Surplus,2609,2228,3135,ESTIMATED_ MODEL
1790,C032,Onion,Bulb vegetable,Tamil Nadu,2021,2,Feb,2021-02,76053.7,111788.4,94930.0,16858.5,0.18,Surplus,2690,2409,3173,ESTIMATED_ MODEL
1791,C032,Onion,Bulb vegetable,Tamil Nadu,2021,3,Mar,2021-03,76933.3,112624.0,94930.0,17694.0,0.19,Surplus,2637,2361,3154,ESTIMATED_ MODEL
1792,C032,Onion,Bulb vegetable,Tamil Nadu,2021,4,Apr,2021-04,83172.5,118551.3,94930.0,23621.3,0.25,Surplus,2595,2108,3182,ESTIMATED_ MODEL
1793,C032,Onion,Bulb vegetable,Tamil Nadu,2021,5,May,2021-05,74943.1,110733.4,94930.0,15803.4,0.17,Surplus,2639,2285,3089,ESTIMATED_ MODEL
1794,C032,Onion,Bulb vegetable,Tamil Nadu,2021,6,Jun,2021-06,0.0,39537.4,94930.0,-55392.6,-0.58,Shortag e,2919,2511,3238,ESTIMATED_ MODEL
1795,C032,Onion,Bulb vegetable,Tamil Nadu,2021,7,Jul,2021-07,0.0,39537.4,94930.0,-55392.6,-0.58,Shortag e,2954,2525,3443,ESTIMATED_ MODEL
1796,C032,Onion,Bulb vegetable,Tamil Nadu,2021,8,Aug,2021-08,81934.2,117374.9,94930.0,22444.9,0.24,Surplus,2673,2360,3250,ESTIMATED_ MODEL
1797,C032,Onion,Bulb vegetable,Tamil Nadu,2021,9,Sep,2021-09,79272.2,114846.0,94930.0,19916.0,0.21,Surplus,2568,2104,3032,ESTIMATED_ MODEL
1798,C032,Onion,Bulb vegetable,Tamil Nadu,2021,10,Oct,2021-10,79014.5,114601.2,109169.4,5431.8,0.05,Balance d,2780,2456,3410,ESTIMATED_ MODEL
1799,C032,Onion,Bulb vegetable,Tamil Nadu,2021,11,Nov,2021-11,74818.8,110615.3,94930.0,15685.3,0.17,Surplus,2630,2217,3078,ESTIMATED_ MODEL
1800,C032,Onion,Bulb vegetable,Tamil Nadu,2021,12,Dec,2021-12,82570.4,117979.3,94930.0,23049.3,0.24,Surplus,2574,2067,3197,ESTIMATED_ MODEL
1801,C033,Potato,Tuber crop,Tamil Nadu,2021,1,Jan,2021-01,14320.2,19260.4,42349.0,-23088.6,-0.55,Shortag e,2418,2135,2938,ESTIMATED_ MODEL
1802,C033,Potato,Tuber crop,Tamil Nadu,2021,2,Feb,2021-02,14042.5,18994.3,42349.0,-23354.8,-0.55,Shortag e,2442,2046,2882,ESTIMATED_ MODEL
1803,C033,Potato,Tuber crop,Tamil Nadu,2021,3,Mar,2021-03,15541.6,20430.9,42349.0,-21918.1,-0.52,Shortag e,2383,1964,2696,ESTIMATED_ MODEL
1804,C033,Potato,Tuber crop,Tamil Nadu,2021,4,Apr,2021-04,14923.0,19838.0,42349.0,-22511.0,-0.53,Shortag e,2422,2133,2766,ESTIMATED_ MODEL
1805,C033,Potato,Tuber crop,Tamil Nadu,2021,5,May,2021-05,15077.8,19986.4,42349.0,-22362.6,-0.53,Shortag e,2413,2052,2967,ESTIMATED_ MODEL
1806,C033,Potato,Tuber crop,Tamil Nadu,2021,6,Jun,2021-06,15511.6,20402.1,42349.0,-21946.9,-0.52,Shortag e,2416,1952,2787,ESTIMATED_ MODEL
1807,C033,Potato,Tuber crop,Tamil Nadu,2021,7,Jul,2021-07,0.0,5536.9,42349.0,-36812.2,-0.87,Shortag e,2605,2227,3185,ESTIMATED_ MODEL
1808,C033,Potato,Tuber crop,Tamil Nadu,2021,8,Aug,2021-08,0.0,5536.9,42349.0,-36812.2,-0.87,Shortag e,2634,2316,3136,ESTIMATED_ MODEL
1809,C033,Potato,Tuber crop,Tamil Nadu,2021,9,Sep,2021-09,14507.7,19440.1,42349.0,-22909.0,-0.54,Shortag e,2458,1976,3067,ESTIMATED_ MODEL
1810,C033,Potato,Tuber crop,Tamil Nadu,2021,10,Oct,2021-10,14997.0,19909.0,42349.0,-22440.0,-0.53,Shortag e,2439,1989,2927,ESTIMATED_ MODEL
1811,C033,Potato,Tuber crop,Tamil Nadu,2021,11,Nov,2021-11,13963.4,18918.5,42349.0,-23430.5,-0.55,Shortag e,2434,2090,2892,ESTIMATED_ MODEL
1812,C033,Potato,Tuber crop,Tamil Nadu,2021,12,Dec,2021-12,0.0,5536.9,42349.0,-36812.2,-0.87,Shortag e,2564,2265,2922,ESTIMATED_ MODEL
1813,C034,Sweet Potato,Tuber crop,Tamil Nadu,2021,1,Jan,2021-01,7568.8,8897.6,5276.8,3620.8,0.69,Surplus,2486,1994,2811,ESTIMATED_ MODEL
1814,C034,Sweet Potato,Tuber crop,Tamil Nadu,2021,2,Feb,2021-02,7682.6,9008.6,4797.1,4211.5,0.88,Surplus,2368,2102,2792,ESTIMATED_ MODEL
1815,C034,Sweet Potato,Tuber crop,Tamil Nadu,2021,3,Mar,2021-03,7791.4,9114.7,4797.1,4317.6,0.9,Surplus,2431,2063,2853,ESTIMATED_ MODEL
1816,C034,Sweet Potato,Tuber crop,Tamil Nadu,2021,4,Apr,2021-04,7439.6,8771.6,4797.1,3974.6,0.83,Surplus,2328,2049,2647,ESTIMATED_ MODEL
1817,C034,Sweet Potato,Tuber crop,Tamil Nadu,2021,5,May,2021-05,0.0,1518.1,4797.1,-3279.0,-0.68,Shortag e,3075,2740,3818,ESTIMATED_ MODEL
1818,C034,Sweet Potato,Tuber crop,Tamil Nadu,2021,6,Jun,2021-06,0.0,1518.1,4797.1,-3279.0,-0.68,Shortag e,3013,2614,3666,ESTIMATED_ MODEL
1819,C034,Sweet Potato,Tuber crop,Tamil Nadu,2021,7,Jul,2021-07,0.0,1518.1,4797.1,-3279.0,-0.68,Shortag e,2949,2536,3259,ESTIMATED_ MODEL
1820,C034,Sweet Potato,Tuber crop,Tamil Nadu,2021,8,Aug,2021-08,0.0,1518.1,4797.1,-3279.0,-0.68,Shortag e,3009,2454,3393,ESTIMATED_ MODEL
1821,C034,Sweet Potato,Tuber crop,Tamil Nadu,2021,9,Sep,2021-09,7666.7,8993.1,4797.1,4196.0,0.87,Surplus,2349,1981,2804,ESTIMATED_ MODEL
1822,C034,Sweet Potato,Tuber crop,Tamil Nadu,2021,10,Oct,2021-10,7218.8,8556.4,4797.1,3759.3,0.78,Surplus,2339,1989,2637,ESTIMATED_ MODEL
1823,C034,Sweet Potato,Tuber crop,Tamil Nadu,2021,11,Nov,2021-11,7925.9,9245.8,4797.1,4448.7,0.93,Surplus,2362,2040,2795,ESTIMATED_ MODEL
1824,C034,Sweet Potato,Tuber crop,Tamil Nadu,2021,12,Dec,2021-12,7428.9,8761.3,4797.1,3964.2,0.83,Surplus,2430,2026,2952,ESTIMATED_ MODEL
1825,C035,Tapioca/Cassava,Tuber crop,Tamil Nadu,2021,1,Jan,2021-01,251035.4,344771.8,180146.0,164625.8,0.91,Surplus,994,830,1182,ESTIMATED_ MODEL
1826,C035,Tapioca/Cassava,Tuber crop,Tamil Nadu,2021,2,Feb,2021-02,255982.7,349513.0,180146.0,169367.0,0.94,Surplus,1039,836,1180,ESTIMATED_ MODEL
1827,C035,Tapioca/Cassava,Tuber crop,Tamil Nadu,2021,3,Mar,2021-03,236976.1,331298.3,180146.0,151152.3,0.84,Surplus,1061,850,1200,ESTIMATED_ MODEL
1828,C035,Tapioca/Cassava,Tuber crop,Tamil Nadu,2021,4,Apr,2021-04,256160.5,349683.4,180146.0,169537.4,0.94,Surplus,1048,903,1194,ESTIMATED_ MODEL
1829,C035,Tapioca/Cassava,Tuber crop,Tamil Nadu,2021,5,May,2021-05,255091.8,348659.2,180146.0,168513.2,0.94,Surplus,986,791,1121,ESTIMATED_ MODEL
1830,C035,Tapioca/Cassava,Tuber crop,Tamil Nadu,2021,6,Jun,2021-06,0.0,104196.2,180146.0,-75949.8,-0.42,Shortag e,1284,1081,1552,ESTIMATED_ MODEL
1831,C035,Tapioca/Cassava,Tuber crop,Tamil Nadu,2021,7,Jul,2021-07,0.0,104196.2,180146.0,-75949.8,-0.42,Shortag e,1287,1082,1453,ESTIMATED_ MODEL
1832,C035,Tapioca/Cassava,Tuber crop,Tamil Nadu,2021,8,Aug,2021-08,245773.6,339729.3,180146.0,159583.3,0.89,Surplus,1027,914,1253,ESTIMATED_ MODEL
1833,C035,Tapioca/Cassava,Tuber crop,Tamil Nadu,2021,9,Sep,2021-09,239011.4,333248.8,180146.0,153102.8,0.85,Surplus,1001,870,1187,ESTIMATED_ MODEL
1834,C035,Tapioca/Cassava,Tuber crop,Tamil Nadu,2021,10,Oct,2021-10,239166.5,333397.5,180146.0,153251.5,0.85,Surplus,1060,861,1252,ESTIMATED_ MODEL
1835,C035,Tapioca/Cassava,Tuber crop,Tamil Nadu,2021,11,Nov,2021-11,264286.3,357470.6,180146.0,177324.6,0.98,Surplus,1035,870,1213,ESTIMATED_ MODEL
1836,C035,Tapioca/Cassava,Tuber crop,Tamil Nadu,2021,12,Dec,2021-12,257225.5,350704.0,180146.0,170558.0,0.95,Surplus,984,814,1130,ESTIMATED_ MODEL
1837,C036,Elephant Foot Yam,Tuber crop,Tamil Nadu,2021,1,Jan,2021-01,10517.7,13695.1,6875.6,6819.6,0.99,Surplus,2743,2229,3406,ESTIMATED_ MODEL
1838,C036,Elephant Foot Yam,Tuber crop,Tamil Nadu,2021,2,Feb,2021-02,10748.6,13916.5,6875.6,7040.9,1.02,Surplus,2625,2303,2992,ESTIMATED_ MODEL
1839,C036,Elephant Foot Yam,Tuber crop,Tamil Nadu,2021,3,Mar,2021-03,11021.3,14177.8,6875.6,7302.2,1.06,Surplus,2760,2407,3348,ESTIMATED_ MODEL
1840,C036,Elephant Foot Yam,Tuber crop,Tamil Nadu,2021,4,Apr,2021-04,10361.5,13545.5,6875.6,6669.9,0.97,Surplus,2667,2252,3181,ESTIMATED_ MODEL
1841,C036,Elephant Foot Yam,Tuber crop,Tamil Nadu,2021,5,May,2021-05,0.0,3615.7,6875.6,-3259.9,-0.47,Shortag e,3463,2806,4309,ESTIMATED_ MODEL
1842,C036,Elephant Foot Yam,Tuber crop,Tamil Nadu,2021,6,Jun,2021-06,0.0,3615.7,6875.6,-3259.9,-0.47,Shortag e,3486,2883,4264,ESTIMATED_ MODEL
1843,C036,Elephant Foot Yam,Tuber crop,Tamil Nadu,2021,7,Jul,2021-07,0.0,3615.7,6875.6,-3259.9,-0.47,Shortag e,3415,2889,3917,ESTIMATED_ MODEL
1844,C036,Elephant Foot Yam,Tuber crop,Tamil Nadu,2021,8,Aug,2021-08,0.0,3615.7,6875.6,-3259.9,-0.47,Shortag e,3426,2991,3980,ESTIMATED_ MODEL
1845,C036,Elephant Foot Yam,Tuber crop,Tamil Nadu,2021,9,Sep,2021-09,10781.7,13948.2,6875.6,7072.6,1.03,Surplus,2718,2364,3280,ESTIMATED_ MODEL
1846,C036,Elephant Foot Yam,Tuber crop,Tamil Nadu,2021,10,Oct,2021-10,11108.4,14261.3,6875.6,7385.7,1.07,Surplus,2586,2291,3022,ESTIMATED_ MODEL
1847,C036,Elephant Foot Yam,Tuber crop,Tamil Nadu,2021,11,Nov,2021-11,11274.7,14420.7,6875.6,7545.1,1.1,Surplus,2615,2155,3066,ESTIMATED_ MODEL
1848,C036,Elephant Foot Yam,Tuber crop,Tamil Nadu,2021,12,Dec,2021-12,10962.9,14121.9,6875.6,7246.3,1.05,Surplus,2755,2308,3340,ESTIMATED_ MODEL
1849,C037,Watermelon,Fruit,Tamil Nadu,2021,1,Jan,2021-01,32290.9,33241.9,20617.8,12624.1,0.61,Surplus,1261,1038,1562,ESTIMATED_ MODEL
1850,C037,Watermelon,Fruit,Tamil Nadu,2021,2,Feb,2021-02,34294.7,35237.3,20617.8,14619.5,0.71,Surplus,1227,1028,1442,ESTIMATED_ MODEL
1851,C037,Watermelon,Fruit,Tamil Nadu,2021,3,Mar,2021-03,33434.9,34381.1,20617.8,13763.3,0.67,Surplus,1236,1058,1450,ESTIMATED_ MODEL
1852,C037,Watermelon,Fruit,Tamil Nadu,2021,4,Apr,2021-04,31259.0,32214.3,26803.1,5411.2,0.2,Surplus,1324,1082,1617,ESTIMATED_ MODEL
1853,C037,Watermelon,Fruit,Tamil Nadu,2021,5,May,2021-05,32389.5,33340.1,26803.1,6537.0,0.24,Surplus,1318,1072,1601,ESTIMATED_ MODEL
1854,C037,Watermelon,Fruit,Tamil Nadu,2021,6,Jun,2021-06,31348.8,32303.7,20617.8,11685.9,0.57,Surplus,1284,1149,1483,ESTIMATED_ MODEL
1855,C037,Watermelon,Fruit,Tamil Nadu,2021,7,Jul,2021-07,32032.5,32984.5,20617.8,12366.8,0.6,Surplus,1212,1032,1354,ESTIMATED_ MODEL
1856,C037,Watermelon,Fruit,Tamil Nadu,2021,8,Aug,2021-08,0.0,1085.5,20617.8,-19532.3,-0.95,Shortag e,1594,1304,1814,ESTIMATED_ MODEL
1857,C037,Watermelon,Fruit,Tamil Nadu,2021,9,Sep,2021-09,0.0,1085.5,20617.8,-19532.3,-0.95,Shortag e,1551,1300,1891,ESTIMATED_ MODEL
1858,C037,Watermelon,Fruit,Tamil Nadu,2021,10,Oct,2021-10,0.0,1085.5,20617.8,-19532.3,-0.95,Shortag e,1555,1270,1773,ESTIMATED_ MODEL
1859,C037,Watermelon,Fruit,Tamil Nadu,2021,11,Nov,2021-11,0.0,1085.5,20617.8,-19532.3,-0.95,Shortag e,1559,1270,1858,ESTIMATED_ MODEL
1860,C037,Watermelon,Fruit,Tamil Nadu,2021,12,Dec,2021-12,33472.4,34418.4,20617.8,13800.6,0.67,Surplus,1233,1074,1530,ESTIMATED_ MODEL
1861,C038,Muskmelon,Fruit,Tamil Nadu,2021,1,Jan,2021-01,7608.3,7819.0,4597.8,3221.2,0.7,Surplus,2097,1766,2309,ESTIMATED_ MODEL
1862,C038,Muskmelon,Fruit,Tamil Nadu,2021,2,Feb,2021-02,7000.5,7213.7,4597.8,2615.9,0.57,Surplus,2072,1667,2449,ESTIMATED_ MODEL
1863,C038,Muskmelon,Fruit,Tamil Nadu,2021,3,Mar,2021-03,6902.4,7116.1,4597.8,2518.2,0.55,Surplus,2066,1750,2462,ESTIMATED_ MODEL
1864,C038,Muskmelon,Fruit,Tamil Nadu,2021,4,Apr,2021-04,7050.4,7263.4,5517.4,1746.0,0.32,Surplus,2217,1920,2583,ESTIMATED_ MODEL
1865,C038,Muskmelon,Fruit,Tamil Nadu,2021,5,May,2021-05,7564.1,7775.0,5517.4,2257.6,0.41,Surplus,2178,1940,2436,ESTIMATED_ MODEL
1866,C038,Muskmelon,Fruit,Tamil Nadu,2021,6,Jun,2021-06,7630.8,7841.4,4597.8,3243.6,0.71,Surplus,2038,1688,2256,ESTIMATED_ MODEL
1867,C038,Muskmelon,Fruit,Tamil Nadu,2021,7,Jul,2021-07,7533.1,7744.1,4597.8,3146.3,0.68,Surplus,2064,1829,2321,ESTIMATED_ MODEL
1868,C038,Muskmelon,Fruit,Tamil Nadu,2021,8,Aug,2021-08,0.0,242.4,4597.8,-4355.4,-0.95,Shortag e,2640,2338,3267,ESTIMATED_ MODEL
1869,C038,Muskmelon,Fruit,Tamil Nadu,2021,9,Sep,2021-09,0.0,242.4,4597.8,-4355.4,-0.95,Shortag e,2566,2284,2946,ESTIMATED_ MODEL
1870,C038,Muskmelon,Fruit,Tamil Nadu,2021,10,Oct,2021-10,0.0,242.4,4597.8,-4355.4,-0.95,Shortag e,2605,2097,2883,ESTIMATED_ MODEL
1871,C038,Muskmelon,Fruit,Tamil Nadu,2021,11,Nov,2021-11,0.0,242.4,4597.8,-4355.4,-0.95,Shortag e,2628,2219,2992,ESTIMATED_ MODEL
1872,C038,Muskmelon,Fruit,Tamil Nadu,2021,12,Dec,2021-12,6883.8,7097.5,4597.8,2499.6,0.54,Surplus,2047,1774,2252,ESTIMATED_ MODEL
1873,C039,Papaya,Fruit,Tamil Nadu,2021,1,Jan,2021-01,23084.2,24192.1,23217.7,974.4,0.04,Balance d,1764,1545,2101,ESTIMATED_ MODEL
1874,C039,Papaya,Fruit,Tamil Nadu,2021,2,Feb,2021-02,23411.7,24518.2,23217.7,1300.5,0.06,Balance d,1812,1459,2031,ESTIMATED_ MODEL
1875,C039,Papaya,Fruit,Tamil Nadu,2021,3,Mar,2021-03,23979.8,25084.0,23217.7,1866.3,0.08,Balance d,1811,1486,2129,ESTIMATED_ MODEL
1876,C039,Papaya,Fruit,Tamil Nadu,2021,4,Apr,2021-04,24267.6,25370.5,23217.7,2152.8,0.09,Balance d,1799,1490,2235,ESTIMATED_ MODEL
1877,C039,Papaya,Fruit,Tamil Nadu,2021,5,May,2021-05,23888.7,24993.2,23217.7,1775.5,0.08,Balance d,1836,1601,2041,ESTIMATED_ MODEL
1878,C039,Papaya,Fruit,Tamil Nadu,2021,6,Jun,2021-06,23788.7,24893.6,23217.7,1675.9,0.07,Balance d,1757,1492,1975,ESTIMATED_ MODEL
1879,C039,Papaya,Fruit,Tamil Nadu,2021,7,Jul,2021-07,25665.2,26762.3,23217.7,3544.6,0.15,Surplus,1830,1493,2147,ESTIMATED_ MODEL
1880,C039,Papaya,Fruit,Tamil Nadu,2021,8,Aug,2021-08,24724.8,25825.8,23217.7,2608.1,0.11,Surplus,1774,1533,1986,ESTIMATED_ MODEL
1881,C039,Papaya,Fruit,Tamil Nadu,2021,9,Sep,2021-09,22921.4,24030.0,23217.7,812.3,0.04,Balance d,1802,1491,2223,ESTIMATED_ MODEL
1882,C039,Papaya,Fruit,Tamil Nadu,2021,10,Oct,2021-10,24108.0,25211.7,23217.7,1993.9,0.09,Balance d,1746,1556,2139,ESTIMATED_ MODEL
1883,C039,Papaya,Fruit,Tamil Nadu,2021,11,Nov,2021-11,25405.8,26504.0,23217.7,3286.3,0.14,Surplus,1759,1546,1943,ESTIMATED_ MODEL
1884,C039,Papaya,Fruit,Tamil Nadu,2021,12,Dec,2021-12,23732.5,24837.7,23217.7,1620.0,0.07,Balance d,1851,1579,2121,ESTIMATED_ MODEL
1885,C040,Banana,Fruit,Tamil Nadu,2021,1,Jan,2021-01,303902.7,347886.8,303095.2,44791.6,0.15,Surplus,2622,2291,2959,ESTIMATED_ MODEL
1886,C040,Banana,Fruit,Tamil Nadu,2021,2,Feb,2021-02,339408.3,382948.6,275541.1,107407.5,0.39,Surplus,2582,2121,3174,ESTIMATED_ MODEL
1887,C040,Banana,Fruit,Tamil Nadu,2021,3,Mar,2021-03,302859.6,346856.8,275541.1,71315.7,0.26,Surplus,2696,2296,3108,ESTIMATED_ MODEL
1888,C040,Banana,Fruit,Tamil Nadu,2021,4,Apr,2021-04,326542.3,370243.5,275541.1,94702.3,0.34,Surplus,2545,2049,2902,ESTIMATED_ MODEL
1889,C040,Banana,Fruit,Tamil Nadu,2021,5,May,2021-05,318380.1,362183.3,275541.1,86642.1,0.31,Surplus,2626,2241,3261,ESTIMATED_ MODEL
1890,C040,Banana,Fruit,Tamil Nadu,2021,6,Jun,2021-06,337852.8,381412.6,275541.1,105871.5,0.38,Surplus,2555,2221,2998,ESTIMATED_ MODEL
1891,C040,Banana,Fruit,Tamil Nadu,2021,7,Jul,2021-07,310811.7,354709.4,275541.1,79168.3,0.29,Surplus,2614,2161,3054,ESTIMATED_ MODEL
1892,C040,Banana,Fruit,Tamil Nadu,2021,8,Aug,2021-08,321817.4,365577.6,275541.1,90036.5,0.33,Surplus,2591,2256,3216,ESTIMATED_ MODEL
1893,C040,Banana,Fruit,Tamil Nadu,2021,9,Sep,2021-09,319904.3,363688.4,275541.1,88147.3,0.32,Surplus,2571,2067,3019,ESTIMATED_ MODEL
1894,C040,Banana,Fruit,Tamil Nadu,2021,10,Oct,2021-10,328387.3,372065.4,303095.2,68970.2,0.23,Surplus,2644,2159,3210,ESTIMATED_ MODEL
1895,C040,Banana,Fruit,Tamil Nadu,2021,11,Nov,2021-11,303964.4,347947.8,275541.1,72406.7,0.26,Surplus,2701,2416,3051,ESTIMATED_ MODEL
1896,C040,Banana,Fruit,Tamil Nadu,2021,12,Dec,2021-12,308803.1,352726.0,275541.1,77184.9,0.28,Surplus,2676,2329,3126,ESTIMATED_ MODEL
1897,C041,Guava,Fruit,Tamil Nadu,2021,1,Jan,2021-01,16437.3,17877.8,15065.6,2812.2,0.19,Surplus,3015,2571,3499,ESTIMATED_ MODEL
1898,C041,Guava,Fruit,Tamil Nadu,2021,2,Feb,2021-02,15737.9,17184.2,15065.6,2118.6,0.14,Surplus,3134,2535,3650,ESTIMATED_ MODEL
1899,C041,Guava,Fruit,Tamil Nadu,2021,3,Mar,2021-03,15535.4,16983.5,15065.6,1917.9,0.13,Surplus,3062,2751,3625,ESTIMATED_ MODEL
1900,C041,Guava,Fruit,Tamil Nadu,2021,4,Apr,2021-04,15762.7,17208.8,15065.6,2143.3,0.14,Surplus,3152,2624,3512,ESTIMATED_ MODEL
1901,C041,Guava,Fruit,Tamil Nadu,2021,5,May,2021-05,15925.3,17370.1,15065.6,2304.5,0.15,Surplus,3202,2653,3726,ESTIMATED_ MODEL
1902,C041,Guava,Fruit,Tamil Nadu,2021,6,Jun,2021-06,15186.9,16637.8,15065.6,1572.3,0.1,Surplus,3163,2538,3864,ESTIMATED_ MODEL
1903,C041,Guava,Fruit,Tamil Nadu,2021,7,Jul,2021-07,16534.4,17974.1,15065.6,2908.6,0.19,Surplus,3099,2566,3438,ESTIMATED_ MODEL
1904,C041,Guava,Fruit,Tamil Nadu,2021,8,Aug,2021-08,16105.2,17548.5,15065.6,2482.9,0.16,Surplus,3041,2705,3658,ESTIMATED_ MODEL
1905,C041,Guava,Fruit,Tamil Nadu,2021,9,Sep,2021-09,16027.7,17471.7,15065.6,2406.1,0.16,Surplus,3060,2468,3684,ESTIMATED_ MODEL
1906,C041,Guava,Fruit,Tamil Nadu,2021,10,Oct,2021-10,15017.3,16469.6,15065.6,1404.1,0.09,Balance d,3154,2651,3641,ESTIMATED_ MODEL
1907,C041,Guava,Fruit,Tamil Nadu,2021,11,Nov,2021-11,15972.7,17417.1,15065.6,2351.5,0.16,Surplus,3056,2649,3806,ESTIMATED_ MODEL
1908,C041,Guava,Fruit,Tamil Nadu,2021,12,Dec,2021-12,15057.9,16509.9,15065.6,1444.4,0.1,Balance d,3077,2645,3580,ESTIMATED_ MODEL
1909,C042,Mango,Fruit,Tamil Nadu,2021,1,Jan,2021-01,0.0,6229.1,53976.5,-47747.4,-0.88,Shortag e,5040,4392,5693,ESTIMATED_ MODEL
1910,C042,Mango,Fruit,Tamil Nadu,2021,2,Feb,2021-02,121894.3,127107.5,53976.5,73131.0,1.35,Surplus,3677,3085,4274,ESTIMATED_ MODEL
1911,C042,Mango,Fruit,Tamil Nadu,2021,3,Mar,2021-03,130500.2,135641.7,53976.5,81665.2,1.51,Surplus,3508,2936,3912,ESTIMATED_ MODEL
1912,C042,Mango,Fruit,Tamil Nadu,2021,4,Apr,2021-04,125377.5,130561.8,53976.5,76585.3,1.42,Surplus,3529,3057,4235,ESTIMATED_ MODEL
1913,C042,Mango,Fruit,Tamil Nadu,2021,5,May,2021-05,126254.0,131430.9,53976.5,77454.4,1.44,Surplus,3512,2971,3965,ESTIMATED_ MODEL
1914,C042,Mango,Fruit,Tamil Nadu,2021,6,Jun,2021-06,122657.1,127864.0,53976.5,73887.5,1.37,Surplus,3536,2837,4366,ESTIMATED_ MODEL
1915,C042,Mango,Fruit,Tamil Nadu,2021,7,Jul,2021-07,120804.0,126026.3,53976.5,72049.8,1.33,Surplus,3559,2928,4065,ESTIMATED_ MODEL
1916,C042,Mango,Fruit,Tamil Nadu,2021,8,Aug,2021-08,0.0,6229.1,53976.5,-47747.4,-0.88,Shortag e,5052,4364,5614,ESTIMATED_ MODEL
1917,C042,Mango,Fruit,Tamil Nadu,2021,9,Sep,2021-09,0.0,6229.1,53976.5,-47747.4,-0.88,Shortag e,5053,4368,5816,ESTIMATED_ MODEL
1918,C042,Mango,Fruit,Tamil Nadu,2021,10,Oct,2021-10,0.0,6229.1,53976.5,-47747.4,-0.88,Shortag e,5210,4458,5931,ESTIMATED_ MODEL
1919,C042,Mango,Fruit,Tamil Nadu,2021,11,Nov,2021-11,0.0,6229.1,53976.5,-47747.4,-0.88,Shortag e,5194,4216,6132,ESTIMATED_ MODEL
1920,C042,Mango,Fruit,Tamil Nadu,2021,12,Dec,2021-12,0.0,6229.1,53976.5,-47747.4,-0.88,Shortag e,5136,4246,6115,ESTIMATED_ MODEL
1921,C043,Pomegranate,Fruit,Tamil Nadu,2021,1,Jan,2021-01,5549.1,6984.5,5000.0,1984.4,0.4,Surplus,7776,6698,8943,ESTIMATED_ MODEL
1922,C043,Pomegranate,Fruit,Tamil Nadu,2021,2,Feb,2021-02,5303.3,6744.8,5000.0,1744.8,0.35,Surplus,7917,6364,9743,ESTIMATED_ MODEL
1923,C043,Pomegranate,Fruit,Tamil Nadu,2021,3,Mar,2021-03,5175.8,6620.5,5000.0,1620.4,0.32,Surplus,7798,6549,9159,ESTIMATED_ MODEL
1924,C043,Pomegranate,Fruit,Tamil Nadu,2021,4,Apr,2021-04,5063.0,6510.5,5000.0,1510.5,0.3,Surplus,7901,6331,9724,ESTIMATED_ MODEL
1925,C043,Pomegranate,Fruit,Tamil Nadu,2021,5,May,2021-05,5083.0,6530.0,5000.0,1530.0,0.31,Surplus,7787,6497,8728,ESTIMATED_ MODEL
1926,C043,Pomegranate,Fruit,Tamil Nadu,2021,6,Jun,2021-06,5222.7,6666.3,5000.0,1666.2,0.33,Surplus,7750,6585,8995,ESTIMATED_ MODEL
1927,C043,Pomegranate,Fruit,Tamil Nadu,2021,7,Jul,2021-07,5152.3,6597.5,5000.0,1597.5,0.32,Surplus,7885,6640,9810,ESTIMATED_ MODEL
1928,C043,Pomegranate,Fruit,Tamil Nadu,2021,8,Aug,2021-08,5495.6,6932.3,5000.0,1932.3,0.39,Surplus,7764,6838,8667,ESTIMATED_ MODEL
1929,C043,Pomegranate,Fruit,Tamil Nadu,2021,9,Sep,2021-09,5152.9,6598.2,5000.0,1598.1,0.32,Surplus,7746,6458,9183,ESTIMATED_ MODEL
1930,C043,Pomegranate,Fruit,Tamil Nadu,2021,10,Oct,2021-10,5156.1,6601.3,5000.0,1601.3,0.32,Surplus,7974,6441,8858,ESTIMATED_ MODEL
1931,C043,Pomegranate,Fruit,Tamil Nadu,2021,11,Nov,2021-11,5162.5,6607.5,5000.0,1607.5,0.32,Surplus,7967,6543,9563,ESTIMATED_ MODEL
1932,C043,Pomegranate,Fruit,Tamil Nadu,2021,12,Dec,2021-12,5447.1,6885.0,5000.0,1885.0,0.38,Surplus,7747,6843,8668,ESTIMATED_ MODEL
1933,C044,Sapota/Chikoo,Fruit,Tamil Nadu,2021,1,Jan,2021-01,11270.6,12309.3,10690.6,1618.8,0.15,Surplus,3071,2530,3741,ESTIMATED_ MODEL
1934,C044,Sapota/Chikoo,Fruit,Tamil Nadu,2021,2,Feb,2021-02,11793.9,12828.3,10690.6,2137.7,0.2,Surplus,3004,2514,3533,ESTIMATED_ MODEL
1935,C044,Sapota/Chikoo,Fruit,Tamil Nadu,2021,3,Mar,2021-03,11080.1,12120.4,10690.6,1429.9,0.13,Surplus,3132,2734,3612,ESTIMATED_ MODEL
1936,C044,Sapota/Chikoo,Fruit,Tamil Nadu,2021,4,Apr,2021-04,10961.8,12003.1,10690.6,1312.6,0.12,Surplus,3147,2702,3721,ESTIMATED_ MODEL
1937,C044,Sapota/Chikoo,Fruit,Tamil Nadu,2021,5,May,2021-05,11337.6,12375.8,10690.6,1685.2,0.16,Surplus,3136,2590,3490,ESTIMATED_ MODEL
1938,C044,Sapota/Chikoo,Fruit,Tamil Nadu,2021,6,Jun,2021-06,11772.5,12807.1,10690.6,2116.5,0.2,Surplus,3017,2481,3545,ESTIMATED_ MODEL
1939,C044,Sapota/Chikoo,Fruit,Tamil Nadu,2021,7,Jul,2021-07,11646.9,12682.5,10690.6,1991.9,0.19,Surplus,3161,2750,3851,ESTIMATED_ MODEL
1940,C044,Sapota/Chikoo,Fruit,Tamil Nadu,2021,8,Aug,2021-08,11859.9,12893.7,10690.6,2203.1,0.21,Surplus,3058,2570,3544,ESTIMATED_ MODEL
1941,C044,Sapota/Chikoo,Fruit,Tamil Nadu,2021,9,Sep,2021-09,10553.0,11597.7,10690.6,907.1,0.08,Balance d,3085,2487,3667,ESTIMATED_ MODEL
1942,C044,Sapota/Chikoo,Fruit,Tamil Nadu,2021,10,Oct,2021-10,10674.2,11717.9,10690.6,1027.4,0.1,Balance d,3232,2639,3578,ESTIMATED_ MODEL
1943,C044,Sapota/Chikoo,Fruit,Tamil Nadu,2021,11,Nov,2021-11,11341.3,12379.5,10690.6,1688.9,0.16,Surplus,3162,2610,3872,ESTIMATED_ MODEL
1944,C044,Sapota/Chikoo,Fruit,Tamil Nadu,2021,12,Dec,2021-12,11624.9,12660.7,10690.6,1970.1,0.18,Surplus,3135,2805,3641,ESTIMATED_ MODEL
1945,C045,Turmeric,Spice,Tamil Nadu,2021,1,Jan,2021-01,15419.9,21628.4,8626.6,13001.8,1.51,Surplus,8605,7455,9612,ESTIMATED_ MODEL
1946,C045,Turmeric,Spice,Tamil Nadu,2021,2,Feb,2021-02,15727.9,21915.8,8626.6,13289.2,1.54,Surplus,8541,7260,10540,ESTIMATED_ MODEL
1947,C045,Turmeric,Spice,Tamil Nadu,2021,3,Mar,2021-03,15391.6,21601.9,8626.6,12975.3,1.5,Surplus,8731,7033,10679,ESTIMATED_ MODEL
1948,C045,Turmeric,Spice,Tamil Nadu,2021,4,Apr,2021-04,14906.6,21149.3,8626.6,12522.7,1.45,Surplus,8239,6893,9733,ESTIMATED_ MODEL
1949,C045,Turmeric,Spice,Tamil Nadu,2021,5,May,2021-05,15499.9,21703.0,8626.6,13076.4,1.52,Surplus,8206,7177,9037,ESTIMATED_ MODEL
1950,C045,Turmeric,Spice,Tamil Nadu,2021,6,Jun,2021-06,15538.3,21738.9,8626.6,13112.3,1.52,Surplus,8213,7047,9914,ESTIMATED_ MODEL
1951,C045,Turmeric,Spice,Tamil Nadu,2021,7,Jul,2021-07,0.0,7236.4,8626.6,-1390.1,-0.16,Shortag e,11456,9973,13757,ESTIMATED_ MODEL
1952,C045,Turmeric,Spice,Tamil Nadu,2021,8,Aug,2021-08,0.0,7236.4,8626.6,-1390.1,-0.16,Shortag e,11114,8893,12426,ESTIMATED_ MODEL
1953,C045,Turmeric,Spice,Tamil Nadu,2021,9,Sep,2021-09,0.0,7236.4,8626.6,-1390.1,-0.16,Shortag e,11206,9721,13028,ESTIMATED_ MODEL
1954,C045,Turmeric,Spice,Tamil Nadu,2021,10,Oct,2021-10,0.0,7236.4,8626.6,-1390.1,-0.16,Shortag e,11335,9659,12594,ESTIMATED_ MODEL
1955,C045,Turmeric,Spice,Tamil Nadu,2021,11,Nov,2021-11,0.0,7236.4,8626.6,-1390.1,-0.16,Shortag e,10982,9708,13274,ESTIMATED_ MODEL
1956,C045,Turmeric,Spice,Tamil Nadu,2021,12,Dec,2021-12,16062.4,22228.0,8626.6,13601.4,1.58,Surplus,8596,6977,10732,ESTIMATED_ MODEL
1957,C046,Ginger,Spice,Tamil Nadu,2021,1,Jan,2021-01,13283.0,16599.4,8983.1,7616.2,0.85,Surplus,4821,3947,5755,ESTIMATED_ MODEL
1958,C046,Ginger,Spice,Tamil Nadu,2021,2,Feb,2021-02,14951.8,18212.6,8983.1,9229.5,1.03,Surplus,4564,3748,5235,ESTIMATED_ MODEL
1959,C046,Ginger,Spice,Tamil Nadu,2021,3,Mar,2021-03,13738.9,17040.1,8983.1,8057.0,0.9,Surplus,4620,4112,5357,ESTIMATED_ MODEL
1960,C046,Ginger,Spice,Tamil Nadu,2021,4,Apr,2021-04,14394.1,17673.4,8983.1,8690.3,0.97,Surplus,4584,3872,5263,ESTIMATED_ MODEL
1961,C046,Ginger,Spice,Tamil Nadu,2021,5,May,2021-05,0.0,3759.1,8983.1,-5224.0,-0.58,Shortag e,6016,5397,7013,ESTIMATED_ MODEL
1962,C046,Ginger,Spice,Tamil Nadu,2021,6,Jun,2021-06,0.0,3759.1,8983.1,-5224.0,-0.58,Shortag e,6054,5186,6802,ESTIMATED_ MODEL
1963,C046,Ginger,Spice,Tamil Nadu,2021,7,Jul,2021-07,0.0,3759.1,8983.1,-5224.0,-0.58,Shortag e,5998,5106,7184,ESTIMATED_ MODEL
1964,C046,Ginger,Spice,Tamil Nadu,2021,8,Aug,2021-08,0.0,3759.1,8983.1,-5224.0,-0.58,Shortag e,6063,5118,7490,ESTIMATED_ MODEL
1965,C046,Ginger,Spice,Tamil Nadu,2021,9,Sep,2021-09,13562.2,16869.3,8983.1,7886.1,0.88,Surplus,4823,4094,5741,ESTIMATED_ MODEL
1966,C046,Ginger,Spice,Tamil Nadu,2021,10,Oct,2021-10,14245.4,17529.7,8983.1,8546.6,0.95,Surplus,4623,4153,5548,ESTIMATED_ MODEL
1967,C046,Ginger,Spice,Tamil Nadu,2021,11,Nov,2021-11,14793.7,18059.7,8983.1,9076.6,1.01,Surplus,4483,3732,5350,ESTIMATED_ MODEL
1968,C046,Ginger,Spice,Tamil Nadu,2021,12,Dec,2021-12,13805.1,17104.1,8983.1,8121.0,0.9,Surplus,4574,3670,5340,ESTIMATED_ MODEL
1969,C047,Coriander,Herb/spic e,Tamil Nadu,2021,1,Jan,2021-01,6716.9,7021.5,6462.5,559.0,0.09,Balance d,2735,2394,3303,ESTIMATED_ MODEL
1970,C047,Coriander,Herb/spic e,Tamil Nadu,2021,2,Feb,2021-02,6574.3,6879.5,6462.5,417.0,0.06,Balance d,2731,2315,3267,ESTIMATED_ MODEL
1971,C047,Coriander,Herb/spic e,Tamil Nadu,2021,3,Mar,2021-03,6494.8,6800.3,6462.5,337.7,0.05,Balance d,2632,2270,3203,ESTIMATED_ MODEL
1972,C047,Coriander,Herb/spic e,Tamil Nadu,2021,4,Apr,2021-04,6920.6,7224.4,6462.5,761.8,0.12,Surplus,2681,2241,3061,ESTIMATED_ MODEL
1973,C047,Coriander,Herb/spic e,Tamil Nadu,2021,5,May,2021-05,6778.9,7083.2,6462.5,620.7,0.1,Balance d,2714,2359,3340,ESTIMATED_ MODEL
1974,C047,Coriander,Herb/spic e,Tamil Nadu,2021,6,Jun,2021-06,6523.6,6828.9,6462.5,366.4,0.06,Balance d,2680,2351,3174,ESTIMATED_ MODEL
1975,C047,Coriander,Herb/spic e,Tamil Nadu,2021,7,Jul,2021-07,6620.6,6925.5,6462.5,463.0,0.07,Balance d,2763,2356,3254,ESTIMATED_ MODEL
1976,C047,Coriander,Herb/spic e,Tamil Nadu,2021,8,Aug,2021-08,6841.6,7145.7,6462.5,683.1,0.11,Surplus,2699,2361,3360,ESTIMATED_ MODEL
1977,C047,Coriander,Herb/spic e,Tamil Nadu,2021,9,Sep,2021-09,6419.7,6725.5,6462.5,263.0,0.04,Balance d,2643,2128,3279,ESTIMATED_ MODEL
1978,C047,Coriander,Herb/spic e,Tamil Nadu,2021,10,Oct,2021-10,6480.8,6786.3,6462.5,323.8,0.05,Balance d,2714,2338,3182,ESTIMATED_ MODEL
1979,C047,Coriander,Herb/spic e,Tamil Nadu,2021,11,Nov,2021-11,6420.5,6726.3,6462.5,263.8,0.04,Balance d,2646,2320,3208,ESTIMATED_ MODEL
1980,C047,Coriander,Herb/spic e,Tamil Nadu,2021,12,Dec,2021-12,7020.7,7324.0,6462.5,861.4,0.13,Surplus,2644,2196,3241,ESTIMATED_ MODEL
1981,C048,Curry Leaf,Leaf crop,Tamil Nadu,2021,1,Jan,2021-01,3167.4,3307.9,2892.6,415.3,0.14,Surplus,3088,2486,3412,ESTIMATED_ MODEL
1982,C048,Curry Leaf,Leaf crop,Tamil Nadu,2021,2,Feb,2021-02,2940.5,3081.9,2892.6,189.3,0.07,Balance d,3164,2772,3735,ESTIMATED_ MODEL
1983,C048,Curry Leaf,Leaf crop,Tamil Nadu,2021,3,Mar,2021-03,3062.7,3203.6,2892.6,311.0,0.11,Surplus,3198,2569,3694,ESTIMATED_ MODEL
1984,C048,Curry Leaf,Leaf crop,Tamil Nadu,2021,4,Apr,2021-04,3187.4,3327.8,2892.6,435.2,0.15,Surplus,3062,2587,3402,ESTIMATED_ MODEL
1985,C048,Curry Leaf,Leaf crop,Tamil Nadu,2021,5,May,2021-05,3093.7,3234.4,2892.6,341.8,0.12,Surplus,3215,2644,3981,ESTIMATED_ MODEL
1986,C048,Curry Leaf,Leaf crop,Tamil Nadu,2021,6,Jun,2021-06,2997.8,3139.0,2892.6,246.4,0.09,Balance d,3130,2812,3703,ESTIMATED_ MODEL
1987,C048,Curry Leaf,Leaf crop,Tamil Nadu,2021,7,Jul,2021-07,3097.8,3238.6,2892.6,345.9,0.12,Surplus,3210,2569,3891,ESTIMATED_ MODEL
1988,C048,Curry Leaf,Leaf crop,Tamil Nadu,2021,8,Aug,2021-08,2972.2,3113.5,2892.6,220.9,0.08,Balance d,3225,2625,3594,ESTIMATED_ MODEL
1989,C048,Curry Leaf,Leaf crop,Tamil Nadu,2021,9,Sep,2021-09,2948.0,3089.3,2892.6,196.7,0.07,Balance d,3138,2803,3707,ESTIMATED_ MODEL
1990,C048,Curry Leaf,Leaf crop,Tamil Nadu,2021,10,Oct,2021-10,3209.5,3349.7,2892.6,457.1,0.16,Surplus,3114,2535,3426,ESTIMATED_ MODEL
1991,C048,Curry Leaf,Leaf crop,Tamil Nadu,2021,11,Nov,2021-11,3120.1,3260.7,2892.6,368.1,0.13,Surplus,3183,2574,3804,ESTIMATED_ MODEL
1992,C048,Curry Leaf,Leaf crop,Tamil Nadu,2021,12,Dec,2021-12,3081.5,3222.3,2892.6,329.7,0.11,Surplus,3209,2634,3851,ESTIMATED_ MODEL
1993,C049,Moringa/Drumstick,Vegetabl e/tree,Tamil Nadu,2021,1,Jan,2021-01,26271.0,27453.6,23541.3,3912.4,0.17,Surplus,3901,3287,4436,ESTIMATED_ MODEL
1994,C049,Moringa/Drumstick,Vegetabl e/tree,Tamil Nadu,2021,2,Feb,2021-02,24901.5,26089.8,23541.3,2548.6,0.11,Surplus,4089,3378,5039,ESTIMATED_ MODEL
1995,C049,Moringa/Drumstick,Vegetabl e/tree,Tamil Nadu,2021,3,Mar,2021-03,26682.6,27863.6,23541.3,4322.3,0.18,Surplus,4078,3342,4861,ESTIMATED_ MODEL
1996,C049,Moringa/Drumstick,Vegetabl e/tree,Tamil Nadu,2021,4,Apr,2021-04,25329.0,26515.6,23541.3,2974.3,0.13,Surplus,3916,3286,4726,ESTIMATED_ MODEL
1997,C049,Moringa/Drumstick,Vegetabl e/tree,Tamil Nadu,2021,5,May,2021-05,25833.9,27018.4,23541.3,3477.1,0.15,Surplus,4043,3487,4619,ESTIMATED_ MODEL
1998,C049,Moringa/Drumstick,Vegetabl e/tree,Tamil Nadu,2021,6,Jun,2021-06,26257.5,27440.2,23541.3,3899.0,0.17,Surplus,3963,3211,4787,ESTIMATED_ MODEL
1999,C049,Moringa/Drumstick,Vegetabl e/tree,Tamil Nadu,2021,7,Jul,2021-07,24924.4,26112.6,23541.3,2571.3,0.11,Surplus,4028,3508,4582,ESTIMATED_ MODEL
2000,C049,Moringa/Drumstick,Vegetabl e/tree,Tamil Nadu,2021,8,Aug,2021-08,26700.3,27881.2,23541.3,4339.9,0.18,Surplus,3938,3282,4347,ESTIMATED_ MODEL
2001,C049,Moringa/Drumstick,Vegetabl e/tree,Tamil Nadu,2021,9,Sep,2021-09,25333.4,26519.9,23541.3,2978.7,0.13,Surplus,3978,3502,4911,ESTIMATED_ MODEL
2002,C049,Moringa/Drumstick,Vegetabl e/tree,Tamil Nadu,2021,10,Oct,2021-10,26453.5,27635.4,23541.3,4094.1,0.17,Surplus,3992,3375,4410,ESTIMATED_ MODEL
2003,C049,Moringa/Drumstick,Vegetabl e/tree,Tamil Nadu,2021,11,Nov,2021-11,24883.9,26072.3,23541.3,2531.1,0.11,Surplus,4122,3303,5118,ESTIMATED_ MODEL
2004,C049,Moringa/Drumstick,Vegetabl e/tree,Tamil Nadu,2021,12,Dec,2021-12,26533.7,27715.2,23541.3,4174.0,0.18,Surplus,3983,3322,4934,ESTIMATED_ MODEL
2005,C050,Jasmine,Flower,Tamil Nadu,2021,1,Jan,2021-01,5265.0,5265.0,5975.3,-710.3,-0.12,Shortag e,13584,12207,15585,ESTIMATED_ MODEL
2006,C050,Jasmine,Flower,Tamil Nadu,2021,2,Feb,2021-02,5244.6,5244.6,4979.4,265.2,0.05,Balance d,13225,10722,15975,ESTIMATED_ MODEL
2007,C050,Jasmine,Flower,Tamil Nadu,2021,3,Mar,2021-03,5038.4,5038.4,4979.4,59.0,0.01,Balance d,13916,11490,15351,ESTIMATED_ MODEL
2008,C050,Jasmine,Flower,Tamil Nadu,2021,4,Apr,2021-04,5169.5,5169.5,4979.4,190.1,0.04,Balance d,13345,10751,14886,ESTIMATED_ MODEL
2009,C050,Jasmine,Flower,Tamil Nadu,2021,5,May,2021-05,5309.3,5309.3,4979.4,329.9,0.07,Balance d,13458,11076,15845,ESTIMATED_ MODEL
2010,C050,Jasmine,Flower,Tamil Nadu,2021,6,Jun,2021-06,5356.1,5356.1,4979.4,376.7,0.08,Balance d,13293,11884,16428,ESTIMATED_ MODEL
2011,C050,Jasmine,Flower,Tamil Nadu,2021,7,Jul,2021-07,4901.6,4901.6,4979.4,-77.8,-0.02,Balance d,13736,11476,15895,ESTIMATED_ MODEL
2012,C050,Jasmine,Flower,Tamil Nadu,2021,8,Aug,2021-08,5487.4,5487.4,4979.4,508.0,0.1,Surplus,13368,11667,15611,ESTIMATED_ MODEL
2013,C050,Jasmine,Flower,Tamil Nadu,2021,9,Sep,2021-09,5004.1,5004.1,5726.3,-722.2,-0.13,Shortag e,14200,12700,16336,ESTIMATED_ MODEL
2014,C050,Jasmine,Flower,Tamil Nadu,2021,10,Oct,2021-10,5047.3,5047.3,6224.2,-1176.9,-0.19,Shortag e,14086,11403,15919,ESTIMATED_ MODEL
2015,C050,Jasmine,Flower,Tamil Nadu,2021,11,Nov,2021-11,5066.0,5066.0,4979.4,86.6,0.02,Balance d,13543,11114,16678,ESTIMATED_ MODEL
2016,C050,Jasmine,Flower,Tamil Nadu,2021,12,Dec,2021-12,4924.8,4924.8,4979.4,-54.5,-0.01,Balance d,13392,11324,15948,ESTIMATED_ MODEL
2017,C051,Marigold,Flower,Tamil Nadu,2021,1,Jan,2021-01,12111.8,12111.8,12904.5,-792.7,-0.06,Balance d,3630,3157,4423,ESTIMATED_ MODEL
2018,C051,Marigold,Flower,Tamil Nadu,2021,2,Feb,2021-02,12828.2,12828.2,11731.4,1096.9,0.09,Balance d,3544,3011,4122,ESTIMATED_ MODEL
2019,C051,Marigold,Flower,Tamil Nadu,2021,3,Mar,2021-03,12384.9,12384.9,11731.4,653.5,0.06,Balance d,3590,2955,4022,ESTIMATED_ MODEL
2020,C051,Marigold,Flower,Tamil Nadu,2021,4,Apr,2021-04,12195.0,12195.0,11731.4,463.6,0.04,Balance d,3552,2861,4012,ESTIMATED_ MODEL
2021,C051,Marigold,Flower,Tamil Nadu,2021,5,May,2021-05,11646.2,11646.2,11731.4,-85.1,-0.01,Balance d,3536,3051,4058,ESTIMATED_ MODEL
2022,C051,Marigold,Flower,Tamil Nadu,2021,6,Jun,2021-06,12232.1,12232.1,11731.4,500.7,0.04,Balance d,3720,3048,4285,ESTIMATED_ MODEL
2023,C051,Marigold,Flower,Tamil Nadu,2021,7,Jul,2021-07,12756.9,12756.9,11731.4,1025.6,0.09,Balance d,3561,2851,4365,ESTIMATED_ MODEL
2024,C051,Marigold,Flower,Tamil Nadu,2021,8,Aug,2021-08,12453.0,12453.0,11731.4,721.6,0.06,Balance d,3504,3132,4323,ESTIMATED_ MODEL
2025,C051,Marigold,Flower,Tamil Nadu,2021,9,Sep,2021-09,12773.8,12773.8,13491.1,-717.3,-0.05,Balance d,3676,3141,4405,ESTIMATED_ MODEL
2026,C051,Marigold,Flower,Tamil Nadu,2021,10,Oct,2021-10,12275.3,12275.3,14664.2,-2388.9,-0.16,Shortag e,3704,3203,4099,ESTIMATED_ MODEL
2027,C051,Marigold,Flower,Tamil Nadu,2021,11,Nov,2021-11,11721.7,11721.7,11731.4,-9.6,-0.0,Balance d,3543,2996,4189,ESTIMATED_ MODEL
2028,C051,Marigold,Flower,Tamil Nadu,2021,12,Dec,2021-12,11567.2,11567.2,11731.4,-164.2,-0.01,Balance d,3732,3024,4566,ESTIMATED_ MODEL
2029,C052,Rose,Flower,Tamil Nadu,2021,1,Jan,2021-01,1688.4,1688.4,1796.5,-108.1,-0.06,Balance d,7513,6444,8514,ESTIMATED_ MODEL
2030,C052,Rose,Flower,Tamil Nadu,2021,2,Feb,2021-02,1672.5,1672.5,2123.2,-450.6,-0.21,Shortag e,7410,6523,8201,ESTIMATED_ MODEL
2031,C052,Rose,Flower,Tamil Nadu,2021,3,Mar,2021-03,1689.7,1689.7,1633.2,56.5,0.03,Balance d,7457,6062,9093,ESTIMATED_ MODEL
2032,C052,Rose,Flower,Tamil Nadu,2021,4,Apr,2021-04,1638.4,1638.4,1633.2,5.2,0.0,Balance d,7230,6140,8908,ESTIMATED_ MODEL
2033,C052,Rose,Flower,Tamil Nadu,2021,5,May,2021-05,1710.9,1710.9,1633.2,77.7,0.05,Balance d,7190,6138,7962,ESTIMATED_ MODEL
2034,C052,Rose,Flower,Tamil Nadu,2021,6,Jun,2021-06,1772.1,1772.1,1633.2,138.9,0.09,Balance d,6969,5746,8378,ESTIMATED_ MODEL
2035,C052,Rose,Flower,Tamil Nadu,2021,7,Jul,2021-07,1698.2,1698.2,1633.2,65.0,0.04,Balance d,7071,5737,8214,ESTIMATED_ MODEL
2036,C052,Rose,Flower,Tamil Nadu,2021,8,Aug,2021-08,1708.2,1708.2,1633.2,75.0,0.05,Balance d,7294,6354,8219,ESTIMATED_ MODEL
2037,C052,Rose,Flower,Tamil Nadu,2021,9,Sep,2021-09,1781.7,1781.7,1633.2,148.5,0.09,Balance d,6997,6255,7970,ESTIMATED_ MODEL
2038,C052,Rose,Flower,Tamil Nadu,2021,10,Oct,2021-10,1752.4,1752.4,1959.8,-207.4,-0.11,Shortag e,7549,6691,9179,ESTIMATED_ MODEL
2039,C052,Rose,Flower,Tamil Nadu,2021,11,Nov,2021-11,1708.2,1708.2,1633.2,75.0,0.05,Balance d,7085,6250,8611,ESTIMATED_ MODEL
2040,C052,Rose,Flower,Tamil Nadu,2021,12,Dec,2021-12,1660.4,1660.4,1633.2,27.2,0.02,Balance d,7304,6089,8322,ESTIMATED_ MODEL
2041,C053,Tuberose,Flower,Tamil Nadu,2021,1,Jan,2021-01,2588.1,2588.1,2715.6,-127.5,-0.05,Balance d,7519,6225,9343,ESTIMATED_ MODEL
2042,C053,Tuberose,Flower,Tamil Nadu,2021,2,Feb,2021-02,2611.5,2611.5,2468.7,142.8,0.06,Balance d,7026,6044,7788,ESTIMATED_ MODEL
2043,C053,Tuberose,Flower,Tamil Nadu,2021,3,Mar,2021-03,2541.4,2541.4,2468.7,72.7,0.03,Balance d,7419,6328,8906,ESTIMATED_ MODEL
2044,C053,Tuberose,Flower,Tamil Nadu,2021,4,Apr,2021-04,2577.4,2577.4,2468.7,108.7,0.04,Balance d,7376,6012,8157,ESTIMATED_ MODEL
2045,C053,Tuberose,Flower,Tamil Nadu,2021,5,May,2021-05,2542.7,2542.7,2468.7,74.0,0.03,Balance d,7412,6163,8297,ESTIMATED_ MODEL
2046,C053,Tuberose,Flower,Tamil Nadu,2021,6,Jun,2021-06,2628.8,2628.8,2468.7,160.1,0.06,Balance d,7195,6186,7948,ESTIMATED_ MODEL
2047,C053,Tuberose,Flower,Tamil Nadu,2021,7,Jul,2021-07,2709.5,2709.5,2468.7,240.8,0.1,Balance d,7075,5683,8228,ESTIMATED_ MODEL
2048,C053,Tuberose,Flower,Tamil Nadu,2021,8,Aug,2021-08,2480.8,2480.8,2468.7,12.1,0.0,Balance d,7447,6689,8903,ESTIMATED_ MODEL
2049,C053,Tuberose,Flower,Tamil Nadu,2021,9,Sep,2021-09,2548.3,2548.3,2468.7,79.5,0.03,Balance d,7097,6320,8356,ESTIMATED_ MODEL
2050,C053,Tuberose,Flower,Tamil Nadu,2021,10,Oct,2021-10,2473.7,2473.7,2962.5,-488.8,-0.17,Shortag e,7308,6520,8870,ESTIMATED_ MODEL
2051,C053,Tuberose,Flower,Tamil Nadu,2021,11,Nov,2021-11,2623.8,2623.8,2468.7,155.1,0.06,Balance d,7312,6368,8263,ESTIMATED_ MODEL
2052,C053,Tuberose,Flower,Tamil Nadu,2021,12,Dec,2021-12,2656.1,2656.1,2468.7,187.3,0.08,Balance d,7070,6143,8011,ESTIMATED_ MODEL
2053,C054,Chrysanthemum,Flower,Tamil Nadu,2021,1,Jan,2021-01,1732.6,1732.6,1760.5,-27.9,-0.02,Balance d,8187,7293,9134,ESTIMATED_ MODEL
2054,C054,Chrysanthemum,Flower,Tamil Nadu,2021,2,Feb,2021-02,1733.0,1733.0,1600.5,132.5,0.08,Balance d,8196,7120,9133,ESTIMATED_ MODEL
2055,C054,Chrysanthemum,Flower,Tamil Nadu,2021,3,Mar,2021-03,1666.5,1666.5,1600.5,66.0,0.04,Balance d,8346,7152,9637,ESTIMATED_ MODEL
2056,C054,Chrysanthemum,Flower,Tamil Nadu,2021,4,Apr,2021-04,1734.6,1734.6,1600.5,134.2,0.08,Balance d,8213,6781,9888,ESTIMATED_ MODEL
2057,C054,Chrysanthemum,Flower,Tamil Nadu,2021,5,May,2021-05,1744.0,1744.0,1600.5,143.5,0.09,Balance d,7853,6942,9166,ESTIMATED_ MODEL
2058,C054,Chrysanthemum,Flower,Tamil Nadu,2021,6,Jun,2021-06,1707.0,1707.0,1600.5,106.5,0.07,Balance d,8175,6721,9823,ESTIMATED_ MODEL
2059,C054,Chrysanthemum,Flower,Tamil Nadu,2021,7,Jul,2021-07,1621.3,1621.3,1600.5,20.8,0.01,Balance d,8307,7039,9908,ESTIMATED_ MODEL
2060,C054,Chrysanthemum,Flower,Tamil Nadu,2021,8,Aug,2021-08,1630.4,1630.4,1600.5,30.0,0.02,Balance d,8145,7244,9568,ESTIMATED_ MODEL
2061,C054,Chrysanthemum,Flower,Tamil Nadu,2021,9,Sep,2021-09,1638.6,1638.6,1600.5,38.2,0.02,Balance d,8328,7330,9674,ESTIMATED_ MODEL
2062,C054,Chrysanthemum,Flower,Tamil Nadu,2021,10,Oct,2021-10,1598.8,1598.8,2000.6,-401.8,-0.2,Shortag e,8304,6980,10163,ESTIMATED_ MODEL
2063,C054,Chrysanthemum,Flower,Tamil Nadu,2021,11,Nov,2021-11,1630.2,1630.2,1600.5,29.8,0.02,Balance d,8033,6847,9807,ESTIMATED_ MODEL
2064,C054,Chrysanthemum,Flower,Tamil Nadu,2021,12,Dec,2021-12,1617.4,1617.4,1600.5,17.0,0.01,Balance d,8104,7004,9214,ESTIMATED_ MODEL
2065,C055,Coconut,Plantatio n,Tamil Nadu,2021,1,Jan,2021-01,205415.5,332158.1,239690.0,92468.0,0.39,Surplus,4777,3837,5879,ESTIMATED_ MODEL
2066,C055,Coconut,Plantatio n,Tamil Nadu,2021,2,Feb,2021-02,188858.5,316566.9,217900.0,98666.8,0.45,Surplus,4556,3703,5132,ESTIMATED_ MODEL
2067,C055,Coconut,Plantatio n,Tamil Nadu,2021,3,Mar,2021-03,192963.5,320432.4,217900.0,102532.3,0.47,Surplus,4789,4163,5844,ESTIMATED_ MODEL
2068,C055,Coconut,Plantatio n,Tamil Nadu,2021,4,Apr,2021-04,206861.3,333519.5,217900.0,115619.5,0.53,Surplus,4575,3814,5194,ESTIMATED_ MODEL
2069,C055,Coconut,Plantatio n,Tamil Nadu,2021,5,May,2021-05,194751.2,322115.8,217900.0,104215.8,0.48,Surplus,4640,3968,5543,ESTIMATED_ MODEL
2070,C055,Coconut,Plantatio n,Tamil Nadu,2021,6,Jun,2021-06,209669.2,336163.6,217900.0,118263.6,0.54,Surplus,4524,4048,5092,ESTIMATED_ MODEL
2071,C055,Coconut,Plantatio n,Tamil Nadu,2021,7,Jul,2021-07,209828.5,336313.6,217900.0,118413.6,0.54,Surplus,4736,3796,5552,ESTIMATED_ MODEL
2072,C055,Coconut,Plantatio n,Tamil Nadu,2021,8,Aug,2021-08,192889.5,320362.7,217900.0,102462.7,0.47,Surplus,4601,3888,5456,ESTIMATED_ MODEL
2073,C055,Coconut,Plantatio n,Tamil Nadu,2021,9,Sep,2021-09,187477.8,315266.7,239690.0,75576.7,0.32,Surplus,4748,3996,5745,ESTIMATED_ MODEL
2074,C055,Coconut,Plantatio n,Tamil Nadu,2021,10,Oct,2021-10,203288.9,330155.5,239690.0,90465.4,0.38,Surplus,4777,4220,5434,ESTIMATED_ MODEL
2075,C055,Coconut,Plantatio n,Tamil Nadu,2021,11,Nov,2021-11,197239.6,324459.1,217900.0,106559.1,0.49,Surplus,4670,4009,5396,ESTIMATED_ MODEL
2076,C055,Coconut,Plantatio n,Tamil Nadu,2021,12,Dec,2021-12,188901.0,316606.9,217900.0,98706.8,0.45,Surplus,4660,3874,5225,ESTIMATED_ MODEL
2077,C056,Arecanut,Plantatio n,Tamil Nadu,2021,1,Jan,2021-01,814.3,1453.9,816.3,637.6,0.78,Surplus,37148,30027,41927,ESTIMATED_ MODEL
2078,C056,Arecanut,Plantatio n,Tamil Nadu,2021,2,Feb,2021-02,873.6,1509.2,816.3,692.9,0.85,Surplus,35590,30553,43507,ESTIMATED_ MODEL
2079,C056,Arecanut,Plantatio n,Tamil Nadu,2021,3,Mar,2021-03,871.3,1507.1,816.3,690.7,0.85,Surplus,36952,30998,40910,ESTIMATED_ MODEL
2080,C056,Arecanut,Plantatio n,Tamil Nadu,2021,4,Apr,2021-04,901.0,1534.8,816.3,718.5,0.88,Surplus,36283,31219,40992,ESTIMATED_ MODEL
2081,C056,Arecanut,Plantatio n,Tamil Nadu,2021,5,May,2021-05,878.4,1513.7,816.3,697.3,0.85,Surplus,35690,31201,43383,ESTIMATED_ MODEL
2082,C056,Arecanut,Plantatio n,Tamil Nadu,2021,6,Jun,2021-06,808.8,1448.8,816.3,632.5,0.77,Surplus,36190,30056,45095,ESTIMATED_ MODEL
2083,C056,Arecanut,Plantatio n,Tamil Nadu,2021,7,Jul,2021-07,894.2,1528.5,816.3,712.1,0.87,Surplus,35992,30263,41106,ESTIMATED_ MODEL
2084,C056,Arecanut,Plantatio n,Tamil Nadu,2021,8,Aug,2021-08,892.0,1526.4,816.3,710.1,0.87,Surplus,36174,29816,40724,ESTIMATED_ MODEL
2085,C056,Arecanut,Plantatio n,Tamil Nadu,2021,9,Sep,2021-09,849.0,1486.2,816.3,669.9,0.82,Surplus,35982,29829,42975,ESTIMATED_ MODEL
2086,C056,Arecanut,Plantatio n,Tamil Nadu,2021,10,Oct,2021-10,863.6,1499.9,816.3,683.6,0.84,Surplus,34867,30177,39836,ESTIMATED_ MODEL
2087,C056,Arecanut,Plantatio n,Tamil Nadu,2021,11,Nov,2021-11,903.6,1537.3,816.3,720.9,0.88,Surplus,34297,27873,42530,ESTIMATED_ MODEL
2088,C056,Arecanut,Plantatio n,Tamil Nadu,2021,12,Dec,2021-12,858.1,1494.8,816.3,678.4,0.83,Surplus,36747,30256,44712,ESTIMATED_ MODEL
2089,C057,Cashew,Plantatio n,Tamil Nadu,2021,1,Jan,2021-01,0.0,1979.8,3782.7,-1802.9,-0.48,Shortag e,12004,10250,13723,ESTIMATED_ MODEL
2090,C057,Cashew,Plantatio n,Tamil Nadu,2021,2,Feb,2021-02,6277.1,7838.4,3782.7,4055.7,1.07,Surplus,8914,7759,10668,ESTIMATED_ MODEL
2091,C057,Cashew,Plantatio n,Tamil Nadu,2021,3,Mar,2021-03,5851.3,7441.0,3782.7,3658.3,0.97,Surplus,9253,8282,10209,ESTIMATED_ MODEL
2092,C057,Cashew,Plantatio n,Tamil Nadu,2021,4,Apr,2021-04,6070.7,7645.8,3782.7,3863.1,1.02,Surplus,9118,8134,10469,ESTIMATED_ MODEL
2093,C057,Cashew,Plantatio n,Tamil Nadu,2021,5,May,2021-05,5630.2,7234.6,3782.7,3451.9,0.91,Surplus,9262,7905,11333,ESTIMATED_ MODEL
2094,C057,Cashew,Plantatio n,Tamil Nadu,2021,6,Jun,2021-06,5867.4,7456.0,3782.7,3673.3,0.97,Surplus,9069,8110,11057,ESTIMATED_ MODEL
2095,C057,Cashew,Plantatio n,Tamil Nadu,2021,7,Jul,2021-07,0.0,1979.8,3782.7,-1802.9,-0.48,Shortag e,11491,10011,13304,ESTIMATED_ MODEL
2096,C057,Cashew,Plantatio n,Tamil Nadu,2021,8,Aug,2021-08,0.0,1979.8,3782.7,-1802.9,-0.48,Shortag e,11636,10220,14480,ESTIMATED_ MODEL
2097,C057,Cashew,Plantatio n,Tamil Nadu,2021,9,Sep,2021-09,0.0,1979.8,3782.7,-1802.9,-0.48,Shortag e,11456,9646,13428,ESTIMATED_ MODEL
2098,C057,Cashew,Plantatio n,Tamil Nadu,2021,10,Oct,2021-10,0.0,1979.8,4350.1,-2370.3,-0.54,Shortag e,11731,9811,12996,ESTIMATED_ MODEL
2099,C057,Cashew,Plantatio n,Tamil Nadu,2021,11,Nov,2021-11,0.0,1979.8,4160.9,-2181.2,-0.52,Shortag e,11900,10039,13437,ESTIMATED_ MODEL
2100,C057,Cashew,Plantatio n,Tamil Nadu,2021,12,Dec,2021-12,0.0,1979.8,4160.9,-2181.2,-0.52,Shortag e,11985,10550,14058,ESTIMATED_ MODEL
2101,C058,Coffee,Plantatio n,Tamil Nadu,2021,1,Jan,2021-01,2587.5,3413.4,1215.4,2198.0,1.81,Surplus,18355,14965,20381,ESTIMATED_ MODEL
2102,C058,Coffee,Plantatio n,Tamil Nadu,2021,2,Feb,2021-02,2480.6,3313.6,1215.4,2098.2,1.73,Surplus,19867,16468,22299,ESTIMATED_ MODEL
2103,C058,Coffee,Plantatio n,Tamil Nadu,2021,3,Mar,2021-03,2464.7,3298.7,1215.4,2083.3,1.71,Surplus,18714,16723,22045,ESTIMATED_ MODEL
2104,C058,Coffee,Plantatio n,Tamil Nadu,2021,4,Apr,2021-04,2615.8,3439.7,1215.4,2224.3,1.83,Surplus,18903,16773,21913,ESTIMATED_ MODEL
2105,C058,Coffee,Plantatio n,Tamil Nadu,2021,5,May,2021-05,0.0,998.3,1215.4,-217.1,-0.18,Shortag e,25910,21265,29969,ESTIMATED_ MODEL
2106,C058,Coffee,Plantatio n,Tamil Nadu,2021,6,Jun,2021-06,0.0,998.3,1215.4,-217.1,-0.18,Shortag e,25882,22458,29594,ESTIMATED_ MODEL
2107,C058,Coffee,Plantatio n,Tamil Nadu,2021,7,Jul,2021-07,0.0,998.3,1215.4,-217.1,-0.18,Shortag e,26280,21197,29662,ESTIMATED_ MODEL
2108,C058,Coffee,Plantatio n,Tamil Nadu,2021,8,Aug,2021-08,0.0,998.3,1215.4,-217.1,-0.18,Shortag e,26021,23254,30095,ESTIMATED_ MODEL
2109,C058,Coffee,Plantatio n,Tamil Nadu,2021,9,Sep,2021-09,0.0,998.3,1215.4,-217.1,-0.18,Shortag e,26413,21804,29558,ESTIMATED_ MODEL
2110,C058,Coffee,Plantatio n,Tamil Nadu,2021,10,Oct,2021-10,0.0,998.3,1215.4,-217.1,-0.18,Shortag e,25487,21168,28639,ESTIMATED_ MODEL
2111,C058,Coffee,Plantatio n,Tamil Nadu,2021,11,Nov,2021-11,2404.9,3243.0,1215.4,2027.6,1.67,Surplus,18611,16305,20517,ESTIMATED_ MODEL
2112,C058,Coffee,Plantatio n,Tamil Nadu,2021,12,Dec,2021-12,2421.6,3258.5,1215.4,2043.1,1.68,Surplus,19198,16087,22576,ESTIMATED_ MODEL
2113,C059,Tea,Plantatio n,Tamil Nadu,2021,1,Jan,2021-01,60754.8,66424.4,53415.0,13009.4,0.24,Surplus,1756,1440,2050,ESTIMATED_ MODEL
2114,C059,Tea,Plantatio n,Tamil Nadu,2021,2,Feb,2021-02,60618.6,66289.4,53415.0,12874.4,0.24,Surplus,1786,1534,1991,ESTIMATED_ MODEL
2115,C059,Tea,Plantatio n,Tamil Nadu,2021,3,Mar,2021-03,63887.2,69530.7,53415.0,16115.8,0.3,Surplus,1742,1516,2124,ESTIMATED_ MODEL
2116,C059,Tea,Plantatio n,Tamil Nadu,2021,4,Apr,2021-04,64915.4,70550.4,53415.0,17135.4,0.32,Surplus,1746,1423,2107,ESTIMATED_ MODEL
2117,C059,Tea,Plantatio n,Tamil Nadu,2021,5,May,2021-05,59854.0,65531.1,53415.0,12116.2,0.23,Surplus,1777,1426,2064,ESTIMATED_ MODEL
2118,C059,Tea,Plantatio n,Tamil Nadu,2021,6,Jun,2021-06,59145.8,64828.8,53415.0,11413.9,0.21,Surplus,1743,1511,1974,ESTIMATED_ MODEL
2119,C059,Tea,Plantatio n,Tamil Nadu,2021,7,Jul,2021-07,65113.2,70746.5,53415.0,17331.5,0.32,Surplus,1741,1552,2123,ESTIMATED_ MODEL
2120,C059,Tea,Plantatio n,Tamil Nadu,2021,8,Aug,2021-08,61027.2,66694.5,53415.0,13279.6,0.25,Surplus,1798,1614,1980,ESTIMATED_ MODEL
2121,C059,Tea,Plantatio n,Tamil Nadu,2021,9,Sep,2021-09,62529.3,68184.1,53415.0,14769.2,0.28,Surplus,1757,1478,2160,ESTIMATED_ MODEL
2122,C059,Tea,Plantatio n,Tamil Nadu,2021,10,Oct,2021-10,61099.1,66765.9,53415.0,13350.9,0.25,Surplus,1724,1548,2055,ESTIMATED_ MODEL
2123,C059,Tea,Plantatio n,Tamil Nadu,2021,11,Nov,2021-11,59356.0,65037.3,53415.0,11622.3,0.22,Surplus,1792,1449,2021,ESTIMATED_ MODEL
2124,C059,Tea,Plantatio n,Tamil Nadu,2021,12,Dec,2021-12,62812.8,68465.3,53415.0,15050.3,0.28,Surplus,1771,1420,2165,ESTIMATED_ MODEL
2125,C001,Rice/Paddy,Cereal,Tamil Nadu,2022,1,Jan,2022-01,3844746.3,4378588.4,1026739.4,3351849.0,3.26,Surplus,1646,1373,1838,ESTIMATED_ MODEL
2126,C001,Rice/Paddy,Cereal,Tamil Nadu,2022,2,Feb,2022-02,3712508.1,4255717.1,933399.4,3322317.7,3.56,Surplus,1565,1344,1844,ESTIMATED_ MODEL
2127,C001,Rice/Paddy,Cereal,Tamil Nadu,2022,3,Mar,2022-03,0.0,806178.3,933399.4,-127221.1,-0.14,Shortag e,2237,1904,2603,ESTIMATED_ MODEL
2128,C001,Rice/Paddy,Cereal,Tamil Nadu,2022,4,Apr,2022-04,0.0,806178.3,933399.4,-127221.1,-0.14,Shortag e,2192,1760,2522,ESTIMATED_ MODEL
2129,C001,Rice/Paddy,Cereal,Tamil Nadu,2022,5,May,2022-05,0.0,806178.3,933399.4,-127221.1,-0.14,Shortag e,2267,2012,2606,ESTIMATED_ MODEL
2130,C001,Rice/Paddy,Cereal,Tamil Nadu,2022,6,Jun,2022-06,0.0,806178.3,933399.4,-127221.1,-0.14,Shortag e,2217,1961,2586,ESTIMATED_ MODEL
2131,C001,Rice/Paddy,Cereal,Tamil Nadu,2022,7,Jul,2022-07,0.0,806178.3,933399.4,-127221.1,-0.14,Shortag e,2143,1730,2522,ESTIMATED_ MODEL
2132,C001,Rice/Paddy,Cereal,Tamil Nadu,2022,8,Aug,2022-08,0.0,806178.3,933399.4,-127221.1,-0.14,Shortag e,2267,1970,2517,ESTIMATED_ MODEL
2133,C001,Rice/Paddy,Cereal,Tamil Nadu,2022,9,Sep,2022-09,0.0,806178.3,933399.4,-127221.1,-0.14,Shortag e,2165,1899,2655,ESTIMATED_ MODEL
2134,C001,Rice/Paddy,Cereal,Tamil Nadu,2022,10,Oct,2022-10,0.0,806178.3,980069.4,-173891.1,-0.18,Shortag e,2234,1931,2467,ESTIMATED_ MODEL
2135,C001,Rice/Paddy,Cereal,Tamil Nadu,2022,11,Nov,2022-11,0.0,806178.3,933399.4,-127221.1,-0.14,Shortag e,2248,1976,2561,ESTIMATED_ MODEL
2136,C001,Rice/Paddy,Cereal,Tamil Nadu,2022,12,Dec,2022-12,3824086.3,4359391.8,933399.4,3425992.4,3.67,Surplus,1648,1354,1823,ESTIMATED_ MODEL
2137,C002,Maize,Cereal,Tamil Nadu,2022,1,Jan,2022-01,281369.3,382299.9,217638.1,164661.8,0.76,Surplus,1820,1510,2239,ESTIMATED_ MODEL
2138,C002,Maize,Cereal,Tamil Nadu,2022,2,Feb,2022-02,286957.3,387608.5,217638.1,169970.4,0.78,Surplus,1856,1644,2179,ESTIMATED_ MODEL
2139,C002,Maize,Cereal,Tamil Nadu,2022,3,Mar,2022-03,289791.5,390300.9,217638.1,172662.9,0.79,Surplus,1776,1544,2008,ESTIMATED_ MODEL
2140,C002,Maize,Cereal,Tamil Nadu,2022,4,Apr,2022-04,292955.3,393306.6,217638.1,175668.5,0.81,Surplus,1810,1460,2215,ESTIMATED_ MODEL
2141,C002,Maize,Cereal,Tamil Nadu,2022,5,May,2022-05,0.0,114999.1,217638.1,-102639.0,-0.47,Shortag e,2167,1930,2665,ESTIMATED_ MODEL
2142,C002,Maize,Cereal,Tamil Nadu,2022,6,Jun,2022-06,0.0,114999.1,217638.1,-102639.0,-0.47,Shortag e,2209,1932,2636,ESTIMATED_ MODEL
2143,C002,Maize,Cereal,Tamil Nadu,2022,7,Jul,2022-07,0.0,114999.1,217638.1,-102639.0,-0.47,Shortag e,2251,1898,2742,ESTIMATED_ MODEL
2144,C002,Maize,Cereal,Tamil Nadu,2022,8,Aug,2022-08,291839.0,392246.1,217638.1,174608.1,0.8,Surplus,1814,1622,2128,ESTIMATED_ MODEL
2145,C002,Maize,Cereal,Tamil Nadu,2022,9,Sep,2022-09,284601.8,385370.8,217638.1,167732.7,0.77,Surplus,1824,1602,2231,ESTIMATED_ MODEL
2146,C002,Maize,Cereal,Tamil Nadu,2022,10,Oct,2022-10,276120.5,377313.5,217638.1,159675.5,0.73,Surplus,1847,1510,2161,ESTIMATED_ MODEL
2147,C002,Maize,Cereal,Tamil Nadu,2022,11,Nov,2022-11,296346.4,396528.2,217638.1,178890.1,0.82,Surplus,1871,1637,2285,ESTIMATED_ MODEL
2148,C002,Maize,Cereal,Tamil Nadu,2022,12,Dec,2022-12,0.0,114999.1,217638.1,-102639.0,-0.47,Shortag e,2156,1825,2581,ESTIMATED_ MODEL
2149,C003,Sorghum/Cholam,Millet,Tamil Nadu,2022,1,Jan,2022-01,59339.6,76025.9,26622.2,49403.7,1.86,Surplus,2216,1890,2455,ESTIMATED_ MODEL
2150,C003,Sorghum/Cholam,Millet,Tamil Nadu,2022,2,Feb,2022-02,65385.8,81669.0,25354.5,56314.5,2.22,Surplus,2194,1933,2457,ESTIMATED_ MODEL
2151,C003,Sorghum/Cholam,Millet,Tamil Nadu,2022,3,Mar,2022-03,63097.0,79532.8,25354.5,54178.3,2.14,Surplus,2207,1866,2599,ESTIMATED_ MODEL
2152,C003,Sorghum/Cholam,Millet,Tamil Nadu,2022,4,Apr,2022-04,0.0,20642.2,25354.5,-4712.2,-0.19,Shortag e,3139,2651,3825,ESTIMATED_ MODEL
2153,C003,Sorghum/Cholam,Millet,Tamil Nadu,2022,5,May,2022-05,0.0,20642.2,25354.5,-4712.2,-0.19,Shortag e,3113,2525,3497,ESTIMATED_ MODEL
2154,C003,Sorghum/Cholam,Millet,Tamil Nadu,2022,6,Jun,2022-06,0.0,20642.2,25354.5,-4712.2,-0.19,Shortag e,3080,2586,3732,ESTIMATED_ MODEL
2155,C003,Sorghum/Cholam,Millet,Tamil Nadu,2022,7,Jul,2022-07,0.0,20642.2,25354.5,-4712.2,-0.19,Shortag e,3106,2605,3496,ESTIMATED_ MODEL
2156,C003,Sorghum/Cholam,Millet,Tamil Nadu,2022,8,Aug,2022-08,0.0,20642.2,25354.5,-4712.2,-0.19,Shortag e,3042,2609,3540,ESTIMATED_ MODEL
2157,C003,Sorghum/Cholam,Millet,Tamil Nadu,2022,9,Sep,2022-09,60454.1,77066.0,25354.5,51711.6,2.04,Surplus,2258,1845,2709,ESTIMATED_ MODEL
2158,C003,Sorghum/Cholam,Millet,Tamil Nadu,2022,10,Oct,2022-10,61357.0,77908.8,25354.5,52554.3,2.07,Surplus,2319,1915,2722,ESTIMATED_ MODEL
2159,C003,Sorghum/Cholam,Millet,Tamil Nadu,2022,11,Nov,2022-11,0.0,20642.2,25354.5,-4712.2,-0.19,Shortag e,3177,2648,3779,ESTIMATED_ MODEL
2160,C003,Sorghum/Cholam,Millet,Tamil Nadu,2022,12,Dec,2022-12,0.0,20642.2,25354.5,-4712.2,-0.19,Shortag e,3017,2597,3360,ESTIMATED_ MODEL
2161,C004,Pearl Millet/Kambu,Millet,Tamil Nadu,2022,1,Jan,2022-01,29928.4,37832.1,11790.9,26041.2,2.21,Surplus,1885,1688,2215,ESTIMATED_ MODEL
2162,C004,Pearl Millet/Kambu,Millet,Tamil Nadu,2022,2,Feb,2022-02,30182.2,38069.0,11790.9,26278.0,2.23,Surplus,1896,1627,2239,ESTIMATED_ MODEL
2163,C004,Pearl Millet/Kambu,Millet,Tamil Nadu,2022,3,Mar,2022-03,29887.9,37794.3,11790.9,26003.4,2.21,Surplus,1826,1499,2009,ESTIMATED_ MODEL
2164,C004,Pearl Millet/Kambu,Millet,Tamil Nadu,2022,4,Apr,2022-04,0.0,9898.9,11790.9,-1892.0,-0.16,Shortag e,2464,2097,2851,ESTIMATED_ MODEL
2165,C004,Pearl Millet/Kambu,Millet,Tamil Nadu,2022,5,May,2022-05,0.0,9898.9,11790.9,-1892.0,-0.16,Shortag e,2495,2240,2875,ESTIMATED_ MODEL
2166,C004,Pearl Millet/Kambu,Millet,Tamil Nadu,2022,6,Jun,2022-06,0.0,9898.9,11790.9,-1892.0,-0.16,Shortag e,2495,2029,2763,ESTIMATED_ MODEL
2167,C004,Pearl Millet/Kambu,Millet,Tamil Nadu,2022,7,Jul,2022-07,0.0,9898.9,11790.9,-1892.0,-0.16,Shortag e,2543,2179,3087,ESTIMATED_ MODEL
2168,C004,Pearl Millet/Kambu,Millet,Tamil Nadu,2022,8,Aug,2022-08,0.0,9898.9,11790.9,-1892.0,-0.16,Shortag e,2451,2101,2789,ESTIMATED_ MODEL
2169,C004,Pearl Millet/Kambu,Millet,Tamil Nadu,2022,9,Sep,2022-09,29487.5,37420.6,11790.9,25629.7,2.17,Surplus,1793,1436,2007,ESTIMATED_ MODEL
2170,C004,Pearl Millet/Kambu,Millet,Tamil Nadu,2022,10,Oct,2022-10,28998.0,36963.8,11790.9,25172.9,2.13,Surplus,1805,1465,2252,ESTIMATED_ MODEL
2171,C004,Pearl Millet/Kambu,Millet,Tamil Nadu,2022,11,Nov,2022-11,0.0,9898.9,11790.9,-1892.0,-0.16,Shortag e,2474,2012,2796,ESTIMATED_ MODEL
2172,C004,Pearl Millet/Kambu,Millet,Tamil Nadu,2022,12,Dec,2022-12,0.0,9898.9,11790.9,-1892.0,-0.16,Shortag e,2515,2028,3092,ESTIMATED_ MODEL
2173,C005,Ragi,Millet,Tamil Nadu,2022,1,Jan,2022-01,47138.1,63069.8,23578.5,39491.3,1.67,Surplus,2891,2502,3361,ESTIMATED_ MODEL
2174,C005,Ragi,Millet,Tamil Nadu,2022,2,Feb,2022-02,48324.4,64177.0,23578.5,40598.5,1.72,Surplus,2885,2506,3418,ESTIMATED_ MODEL
2175,C005,Ragi,Millet,Tamil Nadu,2022,3,Mar,2022-03,45827.7,61846.8,23578.5,38268.3,1.62,Surplus,3071,2493,3741,ESTIMATED_ MODEL
2176,C005,Ragi,Millet,Tamil Nadu,2022,4,Apr,2022-04,0.0,19074.3,23578.5,-4504.3,-0.19,Shortag e,4102,3328,4940,ESTIMATED_ MODEL
2177,C005,Ragi,Millet,Tamil Nadu,2022,5,May,2022-05,0.0,19074.3,23578.5,-4504.3,-0.19,Shortag e,4047,3620,4537,ESTIMATED_ MODEL
2178,C005,Ragi,Millet,Tamil Nadu,2022,6,Jun,2022-06,0.0,19074.3,23578.5,-4504.3,-0.19,Shortag e,4094,3432,5092,ESTIMATED_ MODEL
2179,C005,Ragi,Millet,Tamil Nadu,2022,7,Jul,2022-07,0.0,19074.3,23578.5,-4504.3,-0.19,Shortag e,4020,3603,4966,ESTIMATED_ MODEL
2180,C005,Ragi,Millet,Tamil Nadu,2022,8,Aug,2022-08,0.0,19074.3,23578.5,-4504.3,-0.19,Shortag e,4006,3527,5005,ESTIMATED_ MODEL
2181,C005,Ragi,Millet,Tamil Nadu,2022,9,Sep,2022-09,49436.4,65214.9,23578.5,41636.4,1.77,Surplus,2902,2448,3419,ESTIMATED_ MODEL
2182,C005,Ragi,Millet,Tamil Nadu,2022,10,Oct,2022-10,48113.4,63980.1,23578.5,40401.5,1.71,Surplus,2912,2334,3299,ESTIMATED_ MODEL
2183,C005,Ragi,Millet,Tamil Nadu,2022,11,Nov,2022-11,0.0,19074.3,23578.5,-4504.3,-0.19,Shortag e,4009,3385,4513,ESTIMATED_ MODEL
2184,C005,Ragi,Millet,Tamil Nadu,2022,12,Dec,2022-12,47274.1,63196.7,23578.5,39618.2,1.68,Surplus,3049,2654,3393,ESTIMATED_ MODEL
2185,C006,Green Gram,Pulse,Tamil Nadu,2022,1,Jan,2022-01,6728.4,9100.1,7369.7,1730.4,0.23,Surplus,7170,6285,7986,ESTIMATED_ MODEL
2186,C006,Green Gram,Pulse,Tamil Nadu,2022,2,Feb,2022-02,0.0,2848.3,6408.4,-3560.1,-0.56,Shortag e,7949,6543,8960,ESTIMATED_ MODEL
2187,C006,Green Gram,Pulse,Tamil Nadu,2022,3,Mar,2022-03,6968.3,9323.0,6408.4,2914.6,0.45,Surplus,6968,5668,8155,ESTIMATED_ MODEL
2188,C006,Green Gram,Pulse,Tamil Nadu,2022,4,Apr,2022-04,6212.6,8620.9,6408.4,2212.4,0.35,Surplus,7145,5848,8907,ESTIMATED_ MODEL
2189,C006,Green Gram,Pulse,Tamil Nadu,2022,5,May,2022-05,0.0,2848.3,6408.4,-3560.1,-0.56,Shortag e,8160,6981,9184,ESTIMATED_ MODEL
2190,C006,Green Gram,Pulse,Tamil Nadu,2022,6,Jun,2022-06,0.0,2848.3,6408.4,-3560.1,-0.56,Shortag e,7862,6623,9013,ESTIMATED_ MODEL
2191,C006,Green Gram,Pulse,Tamil Nadu,2022,7,Jul,2022-07,0.0,2848.3,6408.4,-3560.1,-0.56,Shortag e,7846,7040,8811,ESTIMATED_ MODEL
2192,C006,Green Gram,Pulse,Tamil Nadu,2022,8,Aug,2022-08,0.0,2848.3,6408.4,-3560.1,-0.56,Shortag e,8045,6436,9569,ESTIMATED_ MODEL
2193,C006,Green Gram,Pulse,Tamil Nadu,2022,9,Sep,2022-09,6406.8,8801.3,6408.4,2392.8,0.37,Surplus,7104,5888,8012,ESTIMATED_ MODEL
2194,C006,Green Gram,Pulse,Tamil Nadu,2022,10,Oct,2022-10,6945.8,9302.1,6408.4,2893.6,0.45,Surplus,6902,6013,8304,ESTIMATED_ MODEL
2195,C006,Green Gram,Pulse,Tamil Nadu,2022,11,Nov,2022-11,0.0,2848.3,6408.4,-3560.1,-0.56,Shortag e,7863,6489,9777,ESTIMATED_ MODEL
2196,C006,Green Gram,Pulse,Tamil Nadu,2022,12,Dec,2022-12,6949.2,9305.3,6408.4,2896.8,0.45,Surplus,7021,5937,8614,ESTIMATED_ MODEL
2197,C007,Black Gram,Pulse,Tamil Nadu,2022,1,Jan,2022-01,21294.9,30312.7,34959.1,-4646.4,-0.13,Shortag e,7169,6191,8865,ESTIMATED_ MODEL
2198,C007,Black Gram,Pulse,Tamil Nadu,2022,2,Feb,2022-02,0.0,10526.2,30399.2,-19873.0,-0.65,Shortag e,7436,6363,9058,ESTIMATED_ MODEL
2199,C007,Black Gram,Pulse,Tamil Nadu,2022,3,Mar,2022-03,20604.7,29671.5,30399.2,-727.7,-0.02,Balance d,6998,5825,7841,ESTIMATED_ MODEL
2200,C007,Black Gram,Pulse,Tamil Nadu,2022,4,Apr,2022-04,21300.1,30317.6,30399.2,-81.6,-0.0,Balance d,7120,6031,8770,ESTIMATED_ MODEL
2201,C007,Black Gram,Pulse,Tamil Nadu,2022,5,May,2022-05,21586.4,30583.6,30399.2,184.4,0.01,Balance d,6985,6059,8526,ESTIMATED_ MODEL
2202,C007,Black Gram,Pulse,Tamil Nadu,2022,6,Jun,2022-06,0.0,10526.2,30399.2,-19873.0,-0.65,Shortag e,7704,6470,9068,ESTIMATED_ MODEL
2203,C007,Black Gram,Pulse,Tamil Nadu,2022,7,Jul,2022-07,0.0,10526.2,30399.2,-19873.0,-0.65,Shortag e,7764,6501,8993,ESTIMATED_ MODEL
2204,C007,Black Gram,Pulse,Tamil Nadu,2022,8,Aug,2022-08,0.0,10526.2,30399.2,-19873.0,-0.65,Shortag e,7469,6658,8318,ESTIMATED_ MODEL
2205,C007,Black Gram,Pulse,Tamil Nadu,2022,9,Sep,2022-09,20258.5,29349.8,30399.2,-1049.4,-0.03,Balance d,7053,5934,8188,ESTIMATED_ MODEL
2206,C007,Black Gram,Pulse,Tamil Nadu,2022,10,Oct,2022-10,21345.7,30360.0,30399.2,-39.2,-0.0,Balance d,7032,5673,8361,ESTIMATED_ MODEL
2207,C007,Black Gram,Pulse,Tamil Nadu,2022,11,Nov,2022-11,0.0,10526.2,30399.2,-19873.0,-0.65,Shortag e,7751,6843,8725,ESTIMATED_ MODEL
2208,C007,Black Gram,Pulse,Tamil Nadu,2022,12,Dec,2022-12,22215.4,31168.1,30399.2,768.9,0.03,Balance d,7095,6141,8743,ESTIMATED_ MODEL
2209,C008,Red Gram/Pigeon Pea,Pulse,Tamil Nadu,2022,1,Jan,2022-01,17603.8,21440.0,22653.3,-1213.3,-0.05,Balance d,7011,5884,8120,ESTIMATED_ MODEL
2210,C008,Red Gram/Pigeon Pea,Pulse,Tamil Nadu,2022,2,Feb,2022-02,18396.2,22176.3,22653.3,-477.0,-0.02,Balance d,6982,5773,8582,ESTIMATED_ MODEL
2211,C008,Red Gram/Pigeon Pea,Pulse,Tamil Nadu,2022,3,Mar,2022-03,18356.0,22139.0,22653.3,-514.4,-0.02,Balance d,6892,5980,7759,ESTIMATED_ MODEL
2212,C008,Red Gram/Pigeon Pea,Pulse,Tamil Nadu,2022,4,Apr,2022-04,0.0,5083.2,22653.3,-17570.1,-0.78,Shortag e,7804,6291,8900,ESTIMATED_ MODEL
2213,C008,Red Gram/Pigeon Pea,Pulse,Tamil Nadu,2022,5,May,2022-05,0.0,5083.2,22653.3,-17570.1,-0.78,Shortag e,7983,7093,9047,ESTIMATED_ MODEL
2214,C008,Red Gram/Pigeon Pea,Pulse,Tamil Nadu,2022,6,Jun,2022-06,0.0,5083.2,22653.3,-17570.1,-0.78,Shortag e,7854,6653,9669,ESTIMATED_ MODEL
2215,C008,Red Gram/Pigeon Pea,Pulse,Tamil Nadu,2022,7,Jul,2022-07,0.0,5083.2,22653.3,-17570.1,-0.78,Shortag e,7981,6794,9582,ESTIMATED_ MODEL
2216,C008,Red Gram/Pigeon Pea,Pulse,Tamil Nadu,2022,8,Aug,2022-08,0.0,5083.2,22653.3,-17570.1,-0.78,Shortag e,8017,6421,9303,ESTIMATED_ MODEL
2217,C008,Red Gram/Pigeon Pea,Pulse,Tamil Nadu,2022,9,Sep,2022-09,0.0,5083.2,22653.3,-17570.1,-0.78,Shortag e,8042,7029,9501,ESTIMATED_ MODEL
2218,C008,Red Gram/Pigeon Pea,Pulse,Tamil Nadu,2022,10,Oct,2022-10,0.0,5083.2,22653.3,-17570.1,-0.78,Shortag e,7882,6580,9286,ESTIMATED_ MODEL
2219,C008,Red Gram/Pigeon Pea,Pulse,Tamil Nadu,2022,11,Nov,2022-11,0.0,5083.2,22653.3,-17570.1,-0.78,Shortag e,7935,6680,9579,ESTIMATED_ MODEL
2220,C008,Red Gram/Pigeon Pea,Pulse,Tamil Nadu,2022,12,Dec,2022-12,17406.5,21256.7,22653.3,-1396.6,-0.06,Balance d,7267,5926,8487,ESTIMATED_ MODEL
2221,C009,Bengal Gram/Chickpea,Pulse,Tamil Nadu,2022,1,Jan,2022-01,1028.1,1169.6,1950.7,-781.1,-0.4,Shortag e,5902,4969,7299,ESTIMATED_ MODEL
2222,C009,Bengal Gram/Chickpea,Pulse,Tamil Nadu,2022,2,Feb,2022-02,975.3,1120.6,1950.7,-830.1,-0.43,Shortag e,5961,4832,6765,ESTIMATED_ MODEL
2223,C009,Bengal Gram/Chickpea,Pulse,Tamil Nadu,2022,3,Mar,2022-03,1022.4,1164.4,1950.7,-786.4,-0.4,Shortag e,5928,5311,6608,ESTIMATED_ MODEL
2224,C009,Bengal Gram/Chickpea,Pulse,Tamil Nadu,2022,4,Apr,2022-04,0.0,214.3,1950.7,-1736.4,-0.89,Shortag e,6021,4914,7523,ESTIMATED_ MODEL
2225,C009,Bengal Gram/Chickpea,Pulse,Tamil Nadu,2022,5,May,2022-05,0.0,214.3,1950.7,-1736.4,-0.89,Shortag e,6075,5165,7455,ESTIMATED_ MODEL
2226,C009,Bengal Gram/Chickpea,Pulse,Tamil Nadu,2022,6,Jun,2022-06,0.0,214.3,1950.7,-1736.4,-0.89,Shortag e,6023,5182,6875,ESTIMATED_ MODEL
2227,C009,Bengal Gram/Chickpea,Pulse,Tamil Nadu,2022,7,Jul,2022-07,0.0,214.3,1950.7,-1736.4,-0.89,Shortag e,6298,5217,7577,ESTIMATED_ MODEL
2228,C009,Bengal Gram/Chickpea,Pulse,Tamil Nadu,2022,8,Aug,2022-08,0.0,214.3,1950.7,-1736.4,-0.89,Shortag e,6236,5127,6893,ESTIMATED_ MODEL
2229,C009,Bengal Gram/Chickpea,Pulse,Tamil Nadu,2022,9,Sep,2022-09,0.0,214.3,1950.7,-1736.4,-0.89,Shortag e,6150,5098,7511,ESTIMATED_ MODEL
2230,C009,Bengal Gram/Chickpea,Pulse,Tamil Nadu,2022,10,Oct,2022-10,0.0,214.3,2340.8,-2126.5,-0.91,Shortag e,6293,5322,7495,ESTIMATED_ MODEL
2231,C009,Bengal Gram/Chickpea,Pulse,Tamil Nadu,2022,11,Nov,2022-11,0.0,214.3,1950.7,-1736.4,-0.89,Shortag e,6214,5485,7231,ESTIMATED_ MODEL
2232,C009,Bengal Gram/Chickpea,Pulse,Tamil Nadu,2022,12,Dec,2022-12,0.0,214.3,1950.7,-1736.4,-0.89,Shortag e,6106,5047,7208,ESTIMATED_ MODEL
2233,C010,Groundnut,Oilseed,Tamil Nadu,2022,1,Jan,2022-01,120923.9,168533.6,65472.1,103061.6,1.57,Surplus,4698,3932,5484,ESTIMATED_ MODEL
2234,C010,Groundnut,Oilseed,Tamil Nadu,2022,2,Feb,2022-02,115823.2,163773.0,65472.1,98300.9,1.5,Surplus,4747,3894,5333,ESTIMATED_ MODEL
2235,C010,Groundnut,Oilseed,Tamil Nadu,2022,3,Mar,2022-03,0.0,55671.4,65472.1,-9800.7,-0.15,Shortag e,6386,5386,7420,ESTIMATED_ MODEL
2236,C010,Groundnut,Oilseed,Tamil Nadu,2022,4,Apr,2022-04,124994.2,172332.6,65472.1,106860.5,1.63,Surplus,4443,3776,5257,ESTIMATED_ MODEL
2237,C010,Groundnut,Oilseed,Tamil Nadu,2022,5,May,2022-05,117615.1,165445.4,65472.1,99973.3,1.53,Surplus,4732,4120,5331,ESTIMATED_ MODEL
2238,C010,Groundnut,Oilseed,Tamil Nadu,2022,6,Jun,2022-06,0.0,55671.4,65472.1,-9800.7,-0.15,Shortag e,6156,5424,7646,ESTIMATED_ MODEL
2239,C010,Groundnut,Oilseed,Tamil Nadu,2022,7,Jul,2022-07,0.0,55671.4,65472.1,-9800.7,-0.15,Shortag e,6113,5195,6921,ESTIMATED_ MODEL
2240,C010,Groundnut,Oilseed,Tamil Nadu,2022,8,Aug,2022-08,0.0,55671.4,65472.1,-9800.7,-0.15,Shortag e,6085,5066,6825,ESTIMATED_ MODEL
2241,C010,Groundnut,Oilseed,Tamil Nadu,2022,9,Sep,2022-09,0.0,55671.4,65472.1,-9800.7,-0.15,Shortag e,6324,5396,7093,ESTIMATED_ MODEL
2242,C010,Groundnut,Oilseed,Tamil Nadu,2022,10,Oct,2022-10,117369.8,165216.5,65472.1,99744.4,1.52,Surplus,4533,3993,5107,ESTIMATED_ MODEL
2243,C010,Groundnut,Oilseed,Tamil Nadu,2022,11,Nov,2022-11,120523.9,168160.4,65472.1,102688.3,1.57,Surplus,4711,3927,5596,ESTIMATED_ MODEL
2244,C010,Groundnut,Oilseed,Tamil Nadu,2022,12,Dec,2022-12,117820.3,165637.0,65472.1,100164.9,1.53,Surplus,4640,3752,5259,ESTIMATED_ MODEL
2245,C011,Sesame/Gingelly,Oilseed,Tamil Nadu,2022,1,Jan,2022-01,3606.8,5062.8,3211.5,1851.3,0.58,Surplus,8205,6951,9732,ESTIMATED_ MODEL
2246,C011,Sesame/Gingelly,Oilseed,Tamil Nadu,2022,2,Feb,2022-02,0.0,1696.4,2676.3,-979.9,-0.37,Shortag e,9649,8519,11082,ESTIMATED_ MODEL
2247,C011,Sesame/Gingelly,Oilseed,Tamil Nadu,2022,3,Mar,2022-03,3707.4,5156.6,2676.3,2480.4,0.93,Surplus,7547,6236,8873,ESTIMATED_ MODEL
2248,C011,Sesame/Gingelly,Oilseed,Tamil Nadu,2022,4,Apr,2022-04,3535.2,4995.9,2676.3,2319.6,0.87,Surplus,7899,6717,8770,ESTIMATED_ MODEL
2249,C011,Sesame/Gingelly,Oilseed,Tamil Nadu,2022,5,May,2022-05,3425.2,4893.3,2676.3,2217.0,0.83,Surplus,7940,6992,9078,ESTIMATED_ MODEL
2250,C011,Sesame/Gingelly,Oilseed,Tamil Nadu,2022,6,Jun,2022-06,0.0,1696.4,2676.3,-979.9,-0.37,Shortag e,9508,8012,11727,ESTIMATED_ MODEL
2251,C011,Sesame/Gingelly,Oilseed,Tamil Nadu,2022,7,Jul,2022-07,0.0,1696.4,2676.3,-979.9,-0.37,Shortag e,9605,8189,11562,ESTIMATED_ MODEL
2252,C011,Sesame/Gingelly,Oilseed,Tamil Nadu,2022,8,Aug,2022-08,0.0,1696.4,2676.3,-979.9,-0.37,Shortag e,9625,8177,11040,ESTIMATED_ MODEL
2253,C011,Sesame/Gingelly,Oilseed,Tamil Nadu,2022,9,Sep,2022-09,3646.5,5099.8,2676.3,2423.6,0.91,Surplus,7852,6455,9095,ESTIMATED_ MODEL
2254,C011,Sesame/Gingelly,Oilseed,Tamil Nadu,2022,10,Oct,2022-10,3684.4,5135.2,2676.3,2459.0,0.92,Surplus,7895,6888,9162,ESTIMATED_ MODEL
2255,C011,Sesame/Gingelly,Oilseed,Tamil Nadu,2022,11,Nov,2022-11,0.0,1696.4,2676.3,-979.9,-0.37,Shortag e,9267,7743,10589,ESTIMATED_ MODEL
2256,C011,Sesame/Gingelly,Oilseed,Tamil Nadu,2022,12,Dec,2022-12,3840.4,5280.7,2676.3,2604.5,0.97,Surplus,7452,6516,8479,ESTIMATED_ MODEL
2257,C012,Sunflower,Oilseed,Tamil Nadu,2022,1,Jan,2022-01,2119.3,2974.2,3647.5,-673.3,-0.18,Shortag e,6537,5512,7244,ESTIMATED_ MODEL
2258,C012,Sunflower,Oilseed,Tamil Nadu,2022,2,Feb,2022-02,2273.1,3117.7,3647.5,-529.8,-0.15,Shortag e,6537,5560,7338,ESTIMATED_ MODEL
2259,C012,Sunflower,Oilseed,Tamil Nadu,2022,3,Mar,2022-03,0.0,996.2,3647.5,-2651.3,-0.73,Shortag e,6936,5635,7735,ESTIMATED_ MODEL
2260,C012,Sunflower,Oilseed,Tamil Nadu,2022,4,Apr,2022-04,2120.7,2975.5,3647.5,-672.0,-0.18,Shortag e,6610,5418,7521,ESTIMATED_ MODEL
2261,C012,Sunflower,Oilseed,Tamil Nadu,2022,5,May,2022-05,2040.4,2900.6,3647.5,-746.9,-0.2,Shortag e,6463,5789,7937,ESTIMATED_ MODEL
2262,C012,Sunflower,Oilseed,Tamil Nadu,2022,6,Jun,2022-06,0.0,996.2,3647.5,-2651.3,-0.73,Shortag e,6985,5817,7904,ESTIMATED_ MODEL
2263,C012,Sunflower,Oilseed,Tamil Nadu,2022,7,Jul,2022-07,0.0,996.2,3647.5,-2651.3,-0.73,Shortag e,7085,5682,8507,ESTIMATED_ MODEL
2264,C012,Sunflower,Oilseed,Tamil Nadu,2022,8,Aug,2022-08,0.0,996.2,3647.5,-2651.3,-0.73,Shortag e,7097,6316,7982,ESTIMATED_ MODEL
2265,C012,Sunflower,Oilseed,Tamil Nadu,2022,9,Sep,2022-09,2043.0,2903.0,3647.5,-744.5,-0.2,Shortag e,6704,5894,7502,ESTIMATED_ MODEL
2266,C012,Sunflower,Oilseed,Tamil Nadu,2022,10,Oct,2022-10,2172.2,3023.5,3647.5,-624.0,-0.17,Shortag e,6517,5324,7417,ESTIMATED_ MODEL
2267,C012,Sunflower,Oilseed,Tamil Nadu,2022,11,Nov,2022-11,0.0,996.2,3647.5,-2651.3,-0.73,Shortag e,6998,5987,8129,ESTIMATED_ MODEL
2268,C012,Sunflower,Oilseed,Tamil Nadu,2022,12,Dec,2022-12,2174.4,3025.6,3647.5,-621.9,-0.17,Shortag e,6727,5466,8382,ESTIMATED_ MODEL
2269,C013,Cotton,Fibre,Tamil Nadu,2022,1,Jan,2022-01,8995.2,11601.6,73925.8,-62324.2,-0.84,Shortag e,7400,6287,8953,ESTIMATED_ MODEL
2270,C013,Cotton,Fibre,Tamil Nadu,2022,2,Feb,2022-02,8541.6,11170.7,73925.8,-62755.0,-0.85,Shortag e,7255,6288,8955,ESTIMATED_ MODEL
2271,C013,Cotton,Fibre,Tamil Nadu,2022,3,Mar,2022-03,8336.9,10976.2,73925.8,-62949.5,-0.85,Shortag e,7245,5898,8749,ESTIMATED_ MODEL
2272,C013,Cotton,Fibre,Tamil Nadu,2022,4,Apr,2022-04,9084.0,11686.0,73925.8,-62239.8,-0.84,Shortag e,7386,6207,8276,ESTIMATED_ MODEL
2273,C013,Cotton,Fibre,Tamil Nadu,2022,5,May,2022-05,8510.2,11140.8,73925.8,-62784.9,-0.85,Shortag e,7420,6030,8693,ESTIMATED_ MODEL
2274,C013,Cotton,Fibre,Tamil Nadu,2022,6,Jun,2022-06,0.0,3056.2,73925.8,-70869.6,-0.96,Shortag e,7630,6301,8943,ESTIMATED_ MODEL
2275,C013,Cotton,Fibre,Tamil Nadu,2022,7,Jul,2022-07,0.0,3056.2,73925.8,-70869.6,-0.96,Shortag e,7720,6706,9466,ESTIMATED_ MODEL
2276,C013,Cotton,Fibre,Tamil Nadu,2022,8,Aug,2022-08,0.0,3056.2,73925.8,-70869.6,-0.96,Shortag e,7492,6569,8287,ESTIMATED_ MODEL
2277,C013,Cotton,Fibre,Tamil Nadu,2022,9,Sep,2022-09,0.0,3056.2,73925.8,-70869.6,-0.96,Shortag e,7377,6051,8559,ESTIMATED_ MODEL
2278,C013,Cotton,Fibre,Tamil Nadu,2022,10,Oct,2022-10,0.0,3056.2,81318.3,-78262.2,-0.96,Shortag e,7666,6398,9185,ESTIMATED_ MODEL
2279,C013,Cotton,Fibre,Tamil Nadu,2022,11,Nov,2022-11,8876.0,11488.4,73925.8,-62437.4,-0.84,Shortag e,7496,6436,8647,ESTIMATED_ MODEL
2280,C013,Cotton,Fibre,Tamil Nadu,2022,12,Dec,2022-12,8779.4,11396.6,73925.8,-62529.2,-0.85,Shortag e,7445,6211,8283,ESTIMATED_ MODEL
2281,C014,Sugarcane,Commerc ial,Tamil Nadu,2022,1,Jan,2022-01,1483226.4,1598341.8,1587691.1,10650.8,0.01,Balance d,323,275,401,ESTIMATED_ MODEL
2282,C014,Sugarcane,Commerc ial,Tamil Nadu,2022,2,Feb,2022-02,1473009.5,1588210.1,1380600.9,207609.2,0.15,Surplus,303,258,360,ESTIMATED_ MODEL
2283,C014,Sugarcane,Commerc ial,Tamil Nadu,2022,3,Mar,2022-03,1623219.8,1737168.6,1380600.9,356567.7,0.26,Surplus,315,253,373,ESTIMATED_ MODEL
2284,C014,Sugarcane,Commerc ial,Tamil Nadu,2022,4,Apr,2022-04,1515768.1,1630612.4,1380600.9,250011.4,0.18,Surplus,317,261,391,ESTIMATED_ MODEL
2285,C014,Sugarcane,Commerc ial,Tamil Nadu,2022,5,May,2022-05,1580694.6,1694997.8,1380600.9,314396.9,0.23,Surplus,299,261,371,ESTIMATED_ MODEL
2286,C014,Sugarcane,Commerc ial,Tamil Nadu,2022,6,Jun,2022-06,1520830.7,1635632.8,1380600.9,255031.8,0.18,Surplus,313,264,347,ESTIMATED_ MODEL
2287,C014,Sugarcane,Commerc ial,Tamil Nadu,2022,7,Jul,2022-07,1532466.3,1647171.4,1380600.9,266570.5,0.19,Surplus,318,269,351,ESTIMATED_ MODEL
2288,C014,Sugarcane,Commerc ial,Tamil Nadu,2022,8,Aug,2022-08,1508367.0,1623273.0,1380600.9,242672.0,0.18,Surplus,314,267,352,ESTIMATED_ MODEL
2289,C014,Sugarcane,Commerc ial,Tamil Nadu,2022,9,Sep,2022-09,0.0,127475.7,1380600.9,-1253125.2,-0.91,Shortag e,357,288,424,ESTIMATED_ MODEL
2290,C014,Sugarcane,Commerc ial,Tamil Nadu,2022,10,Oct,2022-10,0.0,127475.7,1449631.0,-1322155.3,-0.91,Shortag e,365,311,447,ESTIMATED_ MODEL
2291,C014,Sugarcane,Commerc ial,Tamil Nadu,2022,11,Nov,2022-11,1523446.3,1638226.6,1380600.9,257625.7,0.19,Surplus,317,273,349,ESTIMATED_ MODEL
2292,C014,Sugarcane,Commerc ial,Tamil Nadu,2022,12,Dec,2022-12,1536052.3,1650727.5,1380600.9,270126.6,0.2,Surplus,313,264,371,ESTIMATED_ MODEL
2293,C015,Ladies Finger/Okra,Vegetabl e,Tamil Nadu,2022,1,Jan,2022-01,24331.1,25452.6,24033.1,1419.5,0.06,Balance d,2785,2237,3197,ESTIMATED_ MODEL
2294,C015,Ladies Finger/Okra,Vegetabl e,Tamil Nadu,2022,2,Feb,2022-02,26016.5,27131.0,24033.1,3097.9,0.13,Surplus,2818,2448,3406,ESTIMATED_ MODEL
2295,C015,Ladies Finger/Okra,Vegetabl e,Tamil Nadu,2022,3,Mar,2022-03,23688.1,24812.3,24033.1,779.2,0.03,Balance d,2839,2360,3166,ESTIMATED_ MODEL
2296,C015,Ladies Finger/Okra,Vegetabl e,Tamil Nadu,2022,4,Apr,2022-04,25286.3,26403.9,24033.1,2370.8,0.1,Balance d,2739,2419,3416,ESTIMATED_ MODEL
2297,C015,Ladies Finger/Okra,Vegetabl e,Tamil Nadu,2022,5,May,2022-05,23302.8,24428.6,24033.1,395.5,0.02,Balance d,2811,2252,3152,ESTIMATED_ MODEL
2298,C015,Ladies Finger/Okra,Vegetabl e,Tamil Nadu,2022,6,Jun,2022-06,26038.9,27153.3,24033.1,3120.3,0.13,Surplus,2734,2346,3039,ESTIMATED_ MODEL
2299,C015,Ladies Finger/Okra,Vegetabl e,Tamil Nadu,2022,7,Jul,2022-07,23624.3,24748.8,24033.1,715.7,0.03,Balance d,2882,2411,3565,ESTIMATED_ MODEL
2300,C015,Ladies Finger/Okra,Vegetabl e,Tamil Nadu,2022,8,Aug,2022-08,23571.9,24696.6,24033.1,663.5,0.03,Balance d,2855,2500,3401,ESTIMATED_ MODEL
2301,C015,Ladies Finger/Okra,Vegetabl e,Tamil Nadu,2022,9,Sep,2022-09,24279.9,25401.6,24033.1,1368.5,0.06,Balance d,2817,2433,3364,ESTIMATED_ MODEL
2302,C015,Ladies Finger/Okra,Vegetabl e,Tamil Nadu,2022,10,Oct,2022-10,24400.5,25521.7,24033.1,1488.6,0.06,Balance d,2802,2518,3391,ESTIMATED_ MODEL
2303,C015,Ladies Finger/Okra,Vegetabl e,Tamil Nadu,2022,11,Nov,2022-11,23926.9,25050.2,24033.1,1017.1,0.04,Balance d,2848,2527,3226,ESTIMATED_ MODEL
2304,C015,Ladies Finger/Okra,Vegetabl e,Tamil Nadu,2022,12,Dec,2022-12,25029.5,26148.1,24033.1,2115.0,0.09,Balance d,2712,2300,3192,ESTIMATED_ MODEL
2305,C016,Tomato,Vegetabl e,Tamil Nadu,2022,1,Jan,2022-01,89250.0,93354.6,91518.5,1836.1,0.02,Balance d,1862,1532,2096,ESTIMATED_ MODEL
2306,C016,Tomato,Vegetabl e,Tamil Nadu,2022,2,Feb,2022-02,90620.2,94719.0,91518.5,3200.5,0.04,Balance d,1889,1626,2260,ESTIMATED_ MODEL
2307,C016,Tomato,Vegetabl e,Tamil Nadu,2022,3,Mar,2022-03,90148.1,94248.9,91518.5,2730.4,0.03,Balance d,1825,1623,2114,ESTIMATED_ MODEL
2308,C016,Tomato,Vegetabl e,Tamil Nadu,2022,4,Apr,2022-04,84876.7,88999.5,91518.5,-2519.0,-0.03,Balance d,1866,1579,2162,ESTIMATED_ MODEL
2309,C016,Tomato,Vegetabl e,Tamil Nadu,2022,5,May,2022-05,91098.5,95195.4,91518.5,3676.9,0.04,Balance d,1909,1705,2187,ESTIMATED_ MODEL
2310,C016,Tomato,Vegetabl e,Tamil Nadu,2022,6,Jun,2022-06,93393.4,97480.7,91518.5,5962.2,0.07,Balance d,1902,1670,2358,ESTIMATED_ MODEL
2311,C016,Tomato,Vegetabl e,Tamil Nadu,2022,7,Jul,2022-07,86163.1,90280.5,91518.5,-1238.0,-0.01,Balance d,1855,1591,2117,ESTIMATED_ MODEL
2312,C016,Tomato,Vegetabl e,Tamil Nadu,2022,8,Aug,2022-08,90873.3,94971.2,91518.5,3452.6,0.04,Balance d,1905,1525,2257,ESTIMATED_ MODEL
2313,C016,Tomato,Vegetabl e,Tamil Nadu,2022,9,Sep,2022-09,90865.5,94963.4,91518.5,3444.9,0.04,Balance d,1851,1540,2215,ESTIMATED_ MODEL
2314,C016,Tomato,Vegetabl e,Tamil Nadu,2022,10,Oct,2022-10,86235.2,90352.3,91518.5,-1166.2,-0.01,Balance d,1923,1655,2361,ESTIMATED_ MODEL
2315,C016,Tomato,Vegetabl e,Tamil Nadu,2022,11,Nov,2022-11,85796.1,89915.1,91518.5,-1603.4,-0.02,Balance d,1858,1583,2169,ESTIMATED_ MODEL
2316,C016,Tomato,Vegetabl e,Tamil Nadu,2022,12,Dec,2022-12,95032.4,99112.9,91518.5,7594.4,0.08,Balance d,1801,1541,2160,ESTIMATED_ MODEL
2317,C017,Brinjal,Vegetabl e,Tamil Nadu,2022,1,Jan,2022-01,38350.6,40039.0,36174.4,3864.6,0.11,Surplus,2288,2003,2740,ESTIMATED_ MODEL
2318,C017,Brinjal,Vegetabl e,Tamil Nadu,2022,2,Feb,2022-02,37612.5,39304.0,36174.4,3129.6,0.09,Balance d,2338,2000,2576,ESTIMATED_ MODEL
2319,C017,Brinjal,Vegetabl e,Tamil Nadu,2022,3,Mar,2022-03,35354.3,37055.2,36174.4,880.8,0.02,Balance d,2369,1984,2941,ESTIMATED_ MODEL
2320,C017,Brinjal,Vegetabl e,Tamil Nadu,2022,4,Apr,2022-04,35576.7,37276.7,36174.4,1102.3,0.03,Balance d,2384,2047,2712,ESTIMATED_ MODEL
2321,C017,Brinjal,Vegetabl e,Tamil Nadu,2022,5,May,2022-05,37724.9,39416.0,36174.4,3241.6,0.09,Balance d,2276,1898,2667,ESTIMATED_ MODEL
2322,C017,Brinjal,Vegetabl e,Tamil Nadu,2022,6,Jun,2022-06,36286.2,37983.2,36174.4,1808.8,0.05,Balance d,2303,1961,2591,ESTIMATED_ MODEL
2323,C017,Brinjal,Vegetabl e,Tamil Nadu,2022,7,Jul,2022-07,35412.0,37112.7,36174.4,938.3,0.03,Balance d,2408,1952,2985,ESTIMATED_ MODEL
2324,C017,Brinjal,Vegetabl e,Tamil Nadu,2022,8,Aug,2022-08,36978.2,38672.3,36174.4,2497.9,0.07,Balance d,2383,2032,2881,ESTIMATED_ MODEL
2325,C017,Brinjal,Vegetabl e,Tamil Nadu,2022,9,Sep,2022-09,37536.3,39228.1,36174.4,3053.7,0.08,Balance d,2311,1994,2660,ESTIMATED_ MODEL
2326,C017,Brinjal,Vegetabl e,Tamil Nadu,2022,10,Oct,2022-10,36526.8,38222.8,36174.4,2048.4,0.06,Balance d,2302,1974,2704,ESTIMATED_ MODEL
2327,C017,Brinjal,Vegetabl e,Tamil Nadu,2022,11,Nov,2022-11,38279.7,39968.4,36174.4,3794.0,0.1,Surplus,2324,1926,2684,ESTIMATED_ MODEL
2328,C017,Brinjal,Vegetabl e,Tamil Nadu,2022,12,Dec,2022-12,37936.6,39626.8,36174.4,3452.4,0.1,Balance d,2257,1817,2569,ESTIMATED_ MODEL
2329,C018,Green Chilli,Vegetabl e,Tamil Nadu,2022,1,Jan,2022-01,12209.8,13378.8,12434.7,944.1,0.08,Balance d,3829,3226,4412,ESTIMATED_ MODEL
2330,C018,Green Chilli,Vegetabl e,Tamil Nadu,2022,2,Feb,2022-02,13300.7,14460.6,12434.7,2025.9,0.16,Surplus,3715,3107,4551,ESTIMATED_ MODEL
2331,C018,Green Chilli,Vegetabl e,Tamil Nadu,2022,3,Mar,2022-03,12110.0,13279.8,12434.7,845.1,0.07,Balance d,3711,3236,4142,ESTIMATED_ MODEL
2332,C018,Green Chilli,Vegetabl e,Tamil Nadu,2022,4,Apr,2022-04,13063.8,14225.7,12434.7,1791.0,0.14,Surplus,3756,3281,4251,ESTIMATED_ MODEL
2333,C018,Green Chilli,Vegetabl e,Tamil Nadu,2022,5,May,2022-05,12469.4,13636.3,12434.7,1201.5,0.1,Balance d,3625,3015,4518,ESTIMATED_ MODEL
2334,C018,Green Chilli,Vegetabl e,Tamil Nadu,2022,6,Jun,2022-06,13390.9,14550.0,12434.7,2115.3,0.17,Surplus,3609,3051,3986,ESTIMATED_ MODEL
2335,C018,Green Chilli,Vegetabl e,Tamil Nadu,2022,7,Jul,2022-07,12796.2,13960.3,12434.7,1525.6,0.12,Surplus,3667,3143,4558,ESTIMATED_ MODEL
2336,C018,Green Chilli,Vegetabl e,Tamil Nadu,2022,8,Aug,2022-08,12520.2,13686.6,12434.7,1251.9,0.1,Surplus,3706,3269,4381,ESTIMATED_ MODEL
2337,C018,Green Chilli,Vegetabl e,Tamil Nadu,2022,9,Sep,2022-09,12846.4,14010.1,12434.7,1575.4,0.13,Surplus,3584,2980,4252,ESTIMATED_ MODEL
2338,C018,Green Chilli,Vegetabl e,Tamil Nadu,2022,10,Oct,2022-10,12637.7,13803.2,12434.7,1368.4,0.11,Surplus,3799,3366,4309,ESTIMATED_ MODEL
2339,C018,Green Chilli,Vegetabl e,Tamil Nadu,2022,11,Nov,2022-11,12918.2,14081.3,12434.7,1646.6,0.13,Surplus,3622,2970,4485,ESTIMATED_ MODEL
2340,C018,Green Chilli,Vegetabl e,Tamil Nadu,2022,12,Dec,2022-12,12226.3,13395.2,12434.7,960.5,0.08,Balance d,3795,3330,4399,ESTIMATED_ MODEL
2341,C019,French Beans,Vegetabl e,Tamil Nadu,2022,1,Jan,2022-01,8295.5,8676.9,8081.2,595.7,0.07,Balance d,4250,3707,4805,ESTIMATED_ MODEL
2342,C019,French Beans,Vegetabl e,Tamil Nadu,2022,2,Feb,2022-02,8084.6,8466.9,8081.2,385.7,0.05,Balance d,4158,3522,4780,ESTIMATED_ MODEL
2343,C019,French Beans,Vegetabl e,Tamil Nadu,2022,3,Mar,2022-03,8336.2,8717.4,8081.2,636.2,0.08,Balance d,4244,3535,4757,ESTIMATED_ MODEL
2344,C019,French Beans,Vegetabl e,Tamil Nadu,2022,4,Apr,2022-04,7861.8,8245.0,8081.2,163.8,0.02,Balance d,4191,3763,4752,ESTIMATED_ MODEL
2345,C019,French Beans,Vegetabl e,Tamil Nadu,2022,5,May,2022-05,7963.1,8345.8,8081.2,264.6,0.03,Balance d,4237,3573,4706,ESTIMATED_ MODEL
2346,C019,French Beans,Vegetabl e,Tamil Nadu,2022,6,Jun,2022-06,8717.6,9097.3,8081.2,1016.1,0.13,Surplus,4147,3608,4881,ESTIMATED_ MODEL
2347,C019,French Beans,Vegetabl e,Tamil Nadu,2022,7,Jul,2022-07,8582.8,8963.0,8081.2,881.8,0.11,Surplus,4255,3527,4735,ESTIMATED_ MODEL
2348,C019,French Beans,Vegetabl e,Tamil Nadu,2022,8,Aug,2022-08,8254.0,8635.6,8081.2,554.4,0.07,Balance d,4297,3600,5098,ESTIMATED_ MODEL
2349,C019,French Beans,Vegetabl e,Tamil Nadu,2022,9,Sep,2022-09,8348.3,8729.5,8081.2,648.3,0.08,Balance d,4253,3540,5135,ESTIMATED_ MODEL
2350,C019,French Beans,Vegetabl e,Tamil Nadu,2022,10,Oct,2022-10,8201.2,8583.0,8081.2,501.8,0.06,Balance d,4098,3397,4596,ESTIMATED_ MODEL
2351,C019,French Beans,Vegetabl e,Tamil Nadu,2022,11,Nov,2022-11,8571.9,8952.1,8081.2,870.9,0.11,Surplus,4240,3486,5121,ESTIMATED_ MODEL
2352,C019,French Beans,Vegetabl e,Tamil Nadu,2022,12,Dec,2022-12,8615.3,8995.3,8081.2,914.1,0.11,Surplus,4270,3641,5043,ESTIMATED_ MODEL
2353,C020,Cluster Beans,Vegetabl e,Tamil Nadu,2022,1,Jan,2022-01,4907.0,5143.3,4861.3,281.9,0.06,Balance d,3708,3189,4473,ESTIMATED_ MODEL
2354,C020,Cluster Beans,Vegetabl e,Tamil Nadu,2022,2,Feb,2022-02,4997.0,5233.0,4861.3,371.6,0.08,Balance d,3818,3148,4627,ESTIMATED_ MODEL
2355,C020,Cluster Beans,Vegetabl e,Tamil Nadu,2022,3,Mar,2022-03,5073.5,5309.1,4861.3,447.8,0.09,Balance d,3712,3069,4516,ESTIMATED_ MODEL
2356,C020,Cluster Beans,Vegetabl e,Tamil Nadu,2022,4,Apr,2022-04,5304.0,5538.6,4861.3,677.3,0.14,Surplus,3693,3198,4241,ESTIMATED_ MODEL
2357,C020,Cluster Beans,Vegetabl e,Tamil Nadu,2022,5,May,2022-05,5275.0,5509.7,4861.3,648.4,0.13,Surplus,3680,3171,4272,ESTIMATED_ MODEL
2358,C020,Cluster Beans,Vegetabl e,Tamil Nadu,2022,6,Jun,2022-06,5229.5,5464.4,4861.3,603.1,0.12,Surplus,3621,3245,4262,ESTIMATED_ MODEL
2359,C020,Cluster Beans,Vegetabl e,Tamil Nadu,2022,7,Jul,2022-07,5245.7,5480.6,4861.3,619.3,0.13,Surplus,3740,3146,4314,ESTIMATED_ MODEL
2360,C020,Cluster Beans,Vegetabl e,Tamil Nadu,2022,8,Aug,2022-08,4992.4,5228.3,4861.3,366.9,0.08,Balance d,3696,3108,4367,ESTIMATED_ MODEL
2361,C020,Cluster Beans,Vegetabl e,Tamil Nadu,2022,9,Sep,2022-09,5106.4,5341.8,4861.3,480.5,0.1,Balance d,3714,3155,4160,ESTIMATED_ MODEL
2362,C020,Cluster Beans,Vegetabl e,Tamil Nadu,2022,10,Oct,2022-10,5249.3,5484.1,4861.3,622.8,0.13,Surplus,3686,3011,4125,ESTIMATED_ MODEL
2363,C020,Cluster Beans,Vegetabl e,Tamil Nadu,2022,11,Nov,2022-11,4947.3,5183.4,4861.3,322.1,0.07,Balance d,3820,3287,4580,ESTIMATED_ MODEL
2364,C020,Cluster Beans,Vegetabl e,Tamil Nadu,2022,12,Dec,2022-12,5289.4,5524.1,4861.3,662.8,0.14,Surplus,3660,3261,4377,ESTIMATED_ MODEL
2365,C021,Cucumber,Vegetabl e,Tamil Nadu,2022,1,Jan,2022-01,7262.5,7598.4,7157.5,440.9,0.06,Balance d,1828,1505,2230,ESTIMATED_ MODEL
2366,C021,Cucumber,Vegetabl e,Tamil Nadu,2022,2,Feb,2022-02,7786.2,8119.9,7157.5,962.4,0.13,Surplus,1849,1480,2153,ESTIMATED_ MODEL
2367,C021,Cucumber,Vegetabl e,Tamil Nadu,2022,3,Mar,2022-03,7662.6,7996.8,7157.5,839.3,0.12,Surplus,1836,1490,2206,ESTIMATED_ MODEL
2368,C021,Cucumber,Vegetabl e,Tamil Nadu,2022,4,Apr,2022-04,7692.3,8026.4,8589.0,-562.6,-0.07,Balance d,1921,1675,2323,ESTIMATED_ MODEL
2369,C021,Cucumber,Vegetabl e,Tamil Nadu,2022,5,May,2022-05,7088.6,7425.2,8589.0,-1163.8,-0.14,Shortag e,1861,1667,2275,ESTIMATED_ MODEL
2370,C021,Cucumber,Vegetabl e,Tamil Nadu,2022,6,Jun,2022-06,7176.1,7512.3,7157.5,354.8,0.05,Balance d,1911,1532,2370,ESTIMATED_ MODEL
2371,C021,Cucumber,Vegetabl e,Tamil Nadu,2022,7,Jul,2022-07,7189.1,7525.2,7157.5,367.7,0.05,Balance d,1900,1679,2117,ESTIMATED_ MODEL
2372,C021,Cucumber,Vegetabl e,Tamil Nadu,2022,8,Aug,2022-08,7176.0,7512.3,7157.5,354.8,0.05,Balance d,1892,1696,2274,ESTIMATED_ MODEL
2373,C021,Cucumber,Vegetabl e,Tamil Nadu,2022,9,Sep,2022-09,7693.6,8027.7,7157.5,870.2,0.12,Surplus,1853,1658,2162,ESTIMATED_ MODEL
2374,C021,Cucumber,Vegetabl e,Tamil Nadu,2022,10,Oct,2022-10,6964.4,7301.5,7157.5,144.0,0.02,Balance d,1885,1598,2337,ESTIMATED_ MODEL
2375,C021,Cucumber,Vegetabl e,Tamil Nadu,2022,11,Nov,2022-11,7003.5,7340.5,7157.5,183.0,0.03,Balance d,1824,1551,2195,ESTIMATED_ MODEL
2376,C021,Cucumber,Vegetabl e,Tamil Nadu,2022,12,Dec,2022-12,7178.7,7514.9,7157.5,357.4,0.05,Balance d,1898,1629,2347,ESTIMATED_ MODEL
2377,C022,Bitter Gourd,Vegetabl e,Tamil Nadu,2022,1,Jan,2022-01,5381.7,5639.6,5508.3,131.3,0.02,Balance d,3357,2996,3895,ESTIMATED_ MODEL
2378,C022,Bitter Gourd,Vegetabl e,Tamil Nadu,2022,2,Feb,2022-02,5612.1,5869.0,5508.3,360.8,0.07,Balance d,3334,2795,4036,ESTIMATED_ MODEL
2379,C022,Bitter Gourd,Vegetabl e,Tamil Nadu,2022,3,Mar,2022-03,5353.9,5611.9,5508.3,103.6,0.02,Balance d,3275,2660,4059,ESTIMATED_ MODEL
2380,C022,Bitter Gourd,Vegetabl e,Tamil Nadu,2022,4,Apr,2022-04,5562.4,5819.5,5508.3,311.2,0.06,Balance d,3253,2841,3757,ESTIMATED_ MODEL
2381,C022,Bitter Gourd,Vegetabl e,Tamil Nadu,2022,5,May,2022-05,5703.8,5960.3,5508.3,452.0,0.08,Balance d,3154,2555,3704,ESTIMATED_ MODEL
2382,C022,Bitter Gourd,Vegetabl e,Tamil Nadu,2022,6,Jun,2022-06,5958.6,6214.0,5508.3,705.8,0.13,Surplus,3264,2720,3931,ESTIMATED_ MODEL
2383,C022,Bitter Gourd,Vegetabl e,Tamil Nadu,2022,7,Jul,2022-07,5914.8,6170.4,5508.3,662.2,0.12,Surplus,3269,2846,3838,ESTIMATED_ MODEL
2384,C022,Bitter Gourd,Vegetabl e,Tamil Nadu,2022,8,Aug,2022-08,5424.8,5682.5,5508.3,174.2,0.03,Balance d,3356,2849,3918,ESTIMATED_ MODEL
2385,C022,Bitter Gourd,Vegetabl e,Tamil Nadu,2022,9,Sep,2022-09,5401.3,5659.1,5508.3,150.8,0.03,Balance d,3217,2672,3559,ESTIMATED_ MODEL
2386,C022,Bitter Gourd,Vegetabl e,Tamil Nadu,2022,10,Oct,2022-10,5739.5,5995.9,5508.3,487.6,0.09,Balance d,3272,2699,3749,ESTIMATED_ MODEL
2387,C022,Bitter Gourd,Vegetabl e,Tamil Nadu,2022,11,Nov,2022-11,5700.5,5957.1,5508.3,448.8,0.08,Balance d,3303,2750,3753,ESTIMATED_ MODEL
2388,C022,Bitter Gourd,Vegetabl e,Tamil Nadu,2022,12,Dec,2022-12,5519.4,5776.7,5508.3,268.5,0.05,Balance d,3200,2808,3582,ESTIMATED_ MODEL
2389,C023,Bottle Gourd,Vegetabl e,Tamil Nadu,2022,1,Jan,2022-01,20908.5,21857.5,20264.4,1593.1,0.08,Balance d,1659,1447,1909,ESTIMATED_ MODEL
2390,C023,Bottle Gourd,Vegetabl e,Tamil Nadu,2022,2,Feb,2022-02,21360.9,22308.0,20264.4,2043.6,0.1,Surplus,1645,1405,1815,ESTIMATED_ MODEL
2391,C023,Bottle Gourd,Vegetabl e,Tamil Nadu,2022,3,Mar,2022-03,21225.3,22172.9,20264.4,1908.5,0.09,Balance d,1625,1368,2017,ESTIMATED_ MODEL
2392,C023,Bottle Gourd,Vegetabl e,Tamil Nadu,2022,4,Apr,2022-04,21670.1,22615.9,20264.4,2351.5,0.12,Surplus,1685,1362,2067,ESTIMATED_ MODEL
2393,C023,Bottle Gourd,Vegetabl e,Tamil Nadu,2022,5,May,2022-05,19749.9,20703.7,20264.4,439.3,0.02,Balance d,1710,1472,2091,ESTIMATED_ MODEL
2394,C023,Bottle Gourd,Vegetabl e,Tamil Nadu,2022,6,Jun,2022-06,20380.8,21332.0,20264.4,1067.6,0.05,Balance d,1668,1372,1963,ESTIMATED_ MODEL
2395,C023,Bottle Gourd,Vegetabl e,Tamil Nadu,2022,7,Jul,2022-07,20340.0,21291.3,20264.4,1026.9,0.05,Balance d,1684,1437,1995,ESTIMATED_ MODEL
2396,C023,Bottle Gourd,Vegetabl e,Tamil Nadu,2022,8,Aug,2022-08,20003.7,20956.5,20264.4,692.1,0.03,Balance d,1728,1539,2128,ESTIMATED_ MODEL
2397,C023,Bottle Gourd,Vegetabl e,Tamil Nadu,2022,9,Sep,2022-09,20362.6,21313.9,20264.4,1049.5,0.05,Balance d,1709,1528,1905,ESTIMATED_ MODEL
2398,C023,Bottle Gourd,Vegetabl e,Tamil Nadu,2022,10,Oct,2022-10,20414.2,21365.3,20264.4,1100.9,0.05,Balance d,1654,1405,2029,ESTIMATED_ MODEL
2399,C023,Bottle Gourd,Vegetabl e,Tamil Nadu,2022,11,Nov,2022-11,20946.0,21894.8,20264.4,1630.4,0.08,Balance d,1672,1462,1874,ESTIMATED_ MODEL
2400,C023,Bottle Gourd,Vegetabl e,Tamil Nadu,2022,12,Dec,2022-12,21301.5,22248.9,20264.4,1984.5,0.1,Balance d,1642,1433,1846,ESTIMATED_ MODEL
2401,C024,Ridge Gourd,Vegetabl e,Tamil Nadu,2022,1,Jan,2022-01,8170.4,8556.7,8155.4,401.3,0.05,Balance d,2818,2375,3177,ESTIMATED_ MODEL
2402,C024,Ridge Gourd,Vegetabl e,Tamil Nadu,2022,2,Feb,2022-02,8256.2,8642.1,8155.4,486.7,0.06,Balance d,2869,2512,3246,ESTIMATED_ MODEL
2403,C024,Ridge Gourd,Vegetabl e,Tamil Nadu,2022,3,Mar,2022-03,8617.8,9002.3,8155.4,846.8,0.1,Surplus,2748,2421,3310,ESTIMATED_ MODEL
2404,C024,Ridge Gourd,Vegetabl e,Tamil Nadu,2022,4,Apr,2022-04,8274.3,8660.2,8155.4,504.8,0.06,Balance d,2838,2396,3427,ESTIMATED_ MODEL
2405,C024,Ridge Gourd,Vegetabl e,Tamil Nadu,2022,5,May,2022-05,8463.4,8848.5,8155.4,693.1,0.09,Balance d,2764,2270,3303,ESTIMATED_ MODEL
2406,C024,Ridge Gourd,Vegetabl e,Tamil Nadu,2022,6,Jun,2022-06,8004.0,8391.0,8155.4,235.6,0.03,Balance d,2888,2400,3376,ESTIMATED_ MODEL
2407,C024,Ridge Gourd,Vegetabl e,Tamil Nadu,2022,7,Jul,2022-07,8715.4,9099.4,8155.4,944.0,0.12,Surplus,2800,2392,3434,ESTIMATED_ MODEL
2408,C024,Ridge Gourd,Vegetabl e,Tamil Nadu,2022,8,Aug,2022-08,8276.4,8662.2,8155.4,506.8,0.06,Balance d,2837,2286,3546,ESTIMATED_ MODEL
2409,C024,Ridge Gourd,Vegetabl e,Tamil Nadu,2022,9,Sep,2022-09,8557.5,8942.2,8155.4,786.8,0.1,Balance d,2821,2501,3379,ESTIMATED_ MODEL
2410,C024,Ridge Gourd,Vegetabl e,Tamil Nadu,2022,10,Oct,2022-10,8635.1,9019.4,8155.4,864.0,0.11,Surplus,2835,2300,3266,ESTIMATED_ MODEL
2411,C024,Ridge Gourd,Vegetabl e,Tamil Nadu,2022,11,Nov,2022-11,8114.7,8501.3,8155.4,345.8,0.04,Balance d,2865,2350,3185,ESTIMATED_ MODEL
2412,C024,Ridge Gourd,Vegetabl e,Tamil Nadu,2022,12,Dec,2022-12,8795.8,9179.4,8155.4,1024.0,0.13,Surplus,2815,2487,3165,ESTIMATED_ MODEL
2413,C025,Ash Gourd,Vegetabl e,Tamil Nadu,2022,1,Jan,2022-01,6004.0,6668.1,4746.9,1921.2,0.4,Surplus,1331,1168,1502,ESTIMATED_ MODEL
2414,C025,Ash Gourd,Vegetabl e,Tamil Nadu,2022,2,Feb,2022-02,5886.6,6552.1,4746.9,1805.2,0.38,Surplus,1291,1146,1435,ESTIMATED_ MODEL
2415,C025,Ash Gourd,Vegetabl e,Tamil Nadu,2022,3,Mar,2022-03,6105.2,6767.9,4746.9,2021.0,0.43,Surplus,1298,1129,1508,ESTIMATED_ MODEL
2416,C025,Ash Gourd,Vegetabl e,Tamil Nadu,2022,4,Apr,2022-04,5815.5,6481.9,4746.9,1735.0,0.37,Surplus,1364,1132,1503,ESTIMATED_ MODEL
2417,C025,Ash Gourd,Vegetabl e,Tamil Nadu,2022,5,May,2022-05,0.0,739.1,4746.9,-4007.8,-0.84,Shortag e,1571,1348,1817,ESTIMATED_ MODEL
2418,C025,Ash Gourd,Vegetabl e,Tamil Nadu,2022,6,Jun,2022-06,0.0,739.1,4746.9,-4007.8,-0.84,Shortag e,1591,1412,1968,ESTIMATED_ MODEL
2419,C025,Ash Gourd,Vegetabl e,Tamil Nadu,2022,7,Jul,2022-07,5656.8,6325.1,4746.9,1578.3,0.33,Surplus,1319,1116,1560,ESTIMATED_ MODEL
2420,C025,Ash Gourd,Vegetabl e,Tamil Nadu,2022,8,Aug,2022-08,5720.8,6388.4,4746.9,1641.5,0.35,Surplus,1374,1237,1560,ESTIMATED_ MODEL
2421,C025,Ash Gourd,Vegetabl e,Tamil Nadu,2022,9,Sep,2022-09,5876.1,6541.7,4746.9,1794.8,0.38,Surplus,1349,1130,1485,ESTIMATED_ MODEL
2422,C025,Ash Gourd,Vegetabl e,Tamil Nadu,2022,10,Oct,2022-10,5894.5,6559.9,6171.0,388.9,0.06,Balance d,1355,1146,1589,ESTIMATED_ MODEL
2423,C025,Ash Gourd,Vegetabl e,Tamil Nadu,2022,11,Nov,2022-11,6087.8,6750.7,4746.9,2003.9,0.42,Surplus,1280,1112,1464,ESTIMATED_ MODEL
2424,C025,Ash Gourd,Vegetabl e,Tamil Nadu,2022,12,Dec,2022-12,6077.7,6740.8,4746.9,1994.0,0.42,Surplus,1326,1100,1492,ESTIMATED_ MODEL
2425,C026,Pumpkin,Vegetabl e,Tamil Nadu,2022,1,Jan,2022-01,12165.8,14441.0,12192.5,2248.4,0.18,Surplus,1373,1169,1701,ESTIMATED_ MODEL
2426,C026,Pumpkin,Vegetabl e,Tamil Nadu,2022,2,Feb,2022-02,12622.1,14889.7,12192.5,2697.1,0.22,Surplus,1367,1173,1586,ESTIMATED_ MODEL
2427,C026,Pumpkin,Vegetabl e,Tamil Nadu,2022,3,Mar,2022-03,12115.3,14391.4,12192.5,2198.8,0.18,Surplus,1409,1237,1611,ESTIMATED_ MODEL
2428,C026,Pumpkin,Vegetabl e,Tamil Nadu,2022,4,Apr,2022-04,12582.3,14850.5,12192.5,2658.0,0.22,Surplus,1393,1174,1705,ESTIMATED_ MODEL
2429,C026,Pumpkin,Vegetabl e,Tamil Nadu,2022,5,May,2022-05,12052.8,14329.9,12192.5,2137.3,0.18,Surplus,1400,1146,1687,ESTIMATED_ MODEL
2430,C026,Pumpkin,Vegetabl e,Tamil Nadu,2022,6,Jun,2022-06,12827.5,15091.6,12192.5,2899.1,0.24,Surplus,1341,1113,1535,ESTIMATED_ MODEL
2431,C026,Pumpkin,Vegetabl e,Tamil Nadu,2022,7,Jul,2022-07,12952.6,15214.7,12192.5,3022.2,0.25,Surplus,1376,1132,1514,ESTIMATED_ MODEL
2432,C026,Pumpkin,Vegetabl e,Tamil Nadu,2022,8,Aug,2022-08,11982.0,14260.2,12192.5,2067.7,0.17,Surplus,1392,1137,1553,ESTIMATED_ MODEL
2433,C026,Pumpkin,Vegetabl e,Tamil Nadu,2022,9,Sep,2022-09,12521.1,14790.3,12192.5,2597.8,0.21,Surplus,1342,1125,1572,ESTIMATED_ MODEL
2434,C026,Pumpkin,Vegetabl e,Tamil Nadu,2022,10,Oct,2022-10,11922.3,14201.6,14631.0,-429.5,-0.03,Balance d,1377,1235,1663,ESTIMATED_ MODEL
2435,C026,Pumpkin,Vegetabl e,Tamil Nadu,2022,11,Nov,2022-11,12717.7,14983.7,12192.5,2791.2,0.23,Surplus,1346,1120,1571,ESTIMATED_ MODEL
2436,C026,Pumpkin,Vegetabl e,Tamil Nadu,2022,12,Dec,2022-12,12214.3,14488.6,12192.5,2296.1,0.19,Surplus,1380,1124,1558,ESTIMATED_ MODEL
2437,C027,Cabbage,Vegetabl e,Tamil Nadu,2022,1,Jan,2022-01,15830.3,17347.5,12654.4,4693.1,0.37,Surplus,1366,1162,1576,ESTIMATED_ MODEL
2438,C027,Cabbage,Vegetabl e,Tamil Nadu,2022,2,Feb,2022-02,16072.8,17588.0,12654.4,4933.6,0.39,Surplus,1324,1151,1632,ESTIMATED_ MODEL
2439,C027,Cabbage,Vegetabl e,Tamil Nadu,2022,3,Mar,2022-03,17033.8,18541.0,12654.4,5886.6,0.47,Surplus,1286,1147,1572,ESTIMATED_ MODEL
2440,C027,Cabbage,Vegetabl e,Tamil Nadu,2022,4,Apr,2022-04,16626.5,18137.1,12654.4,5482.7,0.43,Surplus,1358,1206,1551,ESTIMATED_ MODEL
2441,C027,Cabbage,Vegetabl e,Tamil Nadu,2022,5,May,2022-05,15997.5,17513.4,12654.4,4858.9,0.38,Surplus,1295,1050,1481,ESTIMATED_ MODEL
2442,C027,Cabbage,Vegetabl e,Tamil Nadu,2022,6,Jun,2022-06,16666.7,18177.0,12654.4,5522.6,0.44,Surplus,1327,1168,1639,ESTIMATED_ MODEL
2443,C027,Cabbage,Vegetabl e,Tamil Nadu,2022,7,Jul,2022-07,15367.3,16888.4,12654.4,4234.0,0.33,Surplus,1349,1080,1522,ESTIMATED_ MODEL
2444,C027,Cabbage,Vegetabl e,Tamil Nadu,2022,8,Aug,2022-08,16768.4,18277.8,12654.4,5623.4,0.44,Surplus,1282,1072,1506,ESTIMATED_ MODEL
2445,C027,Cabbage,Vegetabl e,Tamil Nadu,2022,9,Sep,2022-09,16281.8,17795.3,12654.4,5140.9,0.41,Surplus,1285,1073,1448,ESTIMATED_ MODEL
2446,C027,Cabbage,Vegetabl e,Tamil Nadu,2022,10,Oct,2022-10,16920.1,18428.3,12654.4,5773.9,0.46,Surplus,1325,1122,1557,ESTIMATED_ MODEL
2447,C027,Cabbage,Vegetabl e,Tamil Nadu,2022,11,Nov,2022-11,17196.9,18702.8,12654.4,6048.4,0.48,Surplus,1302,1166,1475,ESTIMATED_ MODEL
2448,C027,Cabbage,Vegetabl e,Tamil Nadu,2022,12,Dec,2022-12,17140.4,18646.8,12654.4,5992.4,0.47,Surplus,1311,1145,1551,ESTIMATED_ MODEL
2449,C028,Cauliflower,Vegetabl e,Tamil Nadu,2022,1,Jan,2022-01,4800.0,5020.2,4725.2,295.1,0.06,Balance d,2044,1783,2411,ESTIMATED_ MODEL
2450,C028,Cauliflower,Vegetabl e,Tamil Nadu,2022,2,Feb,2022-02,4850.1,5070.1,4725.2,345.0,0.07,Balance d,2032,1691,2421,ESTIMATED_ MODEL
2451,C028,Cauliflower,Vegetabl e,Tamil Nadu,2022,3,Mar,2022-03,4630.8,4851.7,4725.2,126.6,0.03,Balance d,2114,1833,2349,ESTIMATED_ MODEL
2452,C028,Cauliflower,Vegetabl e,Tamil Nadu,2022,4,Apr,2022-04,4935.0,5154.7,4725.2,429.6,0.09,Balance d,2034,1809,2267,ESTIMATED_ MODEL
2453,C028,Cauliflower,Vegetabl e,Tamil Nadu,2022,5,May,2022-05,4747.5,4968.0,4725.2,242.8,0.05,Balance d,2112,1890,2348,ESTIMATED_ MODEL
2454,C028,Cauliflower,Vegetabl e,Tamil Nadu,2022,6,Jun,2022-06,4672.7,4893.5,4725.2,168.4,0.04,Balance d,2110,1765,2589,ESTIMATED_ MODEL
2455,C028,Cauliflower,Vegetabl e,Tamil Nadu,2022,7,Jul,2022-07,4897.3,5117.2,4725.2,392.0,0.08,Balance d,2032,1715,2428,ESTIMATED_ MODEL
2456,C028,Cauliflower,Vegetabl e,Tamil Nadu,2022,8,Aug,2022-08,4890.2,5110.1,4725.2,384.9,0.08,Balance d,2076,1668,2469,ESTIMATED_ MODEL
2457,C028,Cauliflower,Vegetabl e,Tamil Nadu,2022,9,Sep,2022-09,4623.4,4844.4,4725.2,119.2,0.03,Balance d,2021,1686,2328,ESTIMATED_ MODEL
2458,C028,Cauliflower,Vegetabl e,Tamil Nadu,2022,10,Oct,2022-10,4987.2,5206.7,4725.2,481.5,0.1,Surplus,2032,1693,2268,ESTIMATED_ MODEL
2459,C028,Cauliflower,Vegetabl e,Tamil Nadu,2022,11,Nov,2022-11,4943.6,5163.3,4725.2,438.2,0.09,Balance d,1995,1602,2335,ESTIMATED_ MODEL
2460,C028,Cauliflower,Vegetabl e,Tamil Nadu,2022,12,Dec,2022-12,4689.5,4910.2,4725.2,185.1,0.04,Balance d,2112,1714,2623,ESTIMATED_ MODEL
2461,C029,Carrot,Root vegetable,Tamil Nadu,2022,1,Jan,2022-01,20880.6,24662.0,15940.3,8721.7,0.55,Surplus,2988,2576,3686,ESTIMATED_ MODEL
2462,C029,Carrot,Root vegetable,Tamil Nadu,2022,2,Feb,2022-02,20899.7,24680.9,15940.3,8740.5,0.55,Surplus,3018,2663,3502,ESTIMATED_ MODEL
2463,C029,Carrot,Root vegetable,Tamil Nadu,2022,3,Mar,2022-03,21347.0,25120.7,15940.3,9180.4,0.58,Surplus,2927,2359,3242,ESTIMATED_ MODEL
2464,C029,Carrot,Root vegetable,Tamil Nadu,2022,4,Apr,2022-04,19572.7,23375.9,15940.3,7435.6,0.47,Surplus,3036,2531,3666,ESTIMATED_ MODEL
2465,C029,Carrot,Root vegetable,Tamil Nadu,2022,5,May,2022-05,20553.4,24340.2,15940.3,8399.9,0.53,Surplus,3077,2477,3487,ESTIMATED_ MODEL
2466,C029,Carrot,Root vegetable,Tamil Nadu,2022,6,Jun,2022-06,21027.5,24806.4,15940.3,8866.1,0.56,Surplus,2970,2539,3332,ESTIMATED_ MODEL
2467,C029,Carrot,Root vegetable,Tamil Nadu,2022,7,Jul,2022-07,20755.6,24539.2,15940.3,8598.9,0.54,Surplus,2951,2639,3602,ESTIMATED_ MODEL
2468,C029,Carrot,Root vegetable,Tamil Nadu,2022,8,Aug,2022-08,21361.9,25135.3,15940.3,9195.0,0.58,Surplus,2942,2473,3393,ESTIMATED_ MODEL
2469,C029,Carrot,Root vegetable,Tamil Nadu,2022,9,Sep,2022-09,19487.3,23291.9,15940.3,7351.6,0.46,Surplus,3119,2655,3491,ESTIMATED_ MODEL
2470,C029,Carrot,Root vegetable,Tamil Nadu,2022,10,Oct,2022-10,21011.7,24791.0,15940.3,8850.7,0.56,Surplus,3063,2572,3490,ESTIMATED_ MODEL
2471,C029,Carrot,Root vegetable,Tamil Nadu,2022,11,Nov,2022-11,20625.5,24411.2,15940.3,8470.9,0.53,Surplus,3003,2552,3458,ESTIMATED_ MODEL
2472,C029,Carrot,Root vegetable,Tamil Nadu,2022,12,Dec,2022-12,20243.8,24035.8,15940.3,8095.5,0.51,Surplus,2988,2509,3295,ESTIMATED_ MODEL
2473,C030,Radish,Root vegetable,Tamil Nadu,2022,1,Jan,2022-01,7086.1,7424.8,7156.1,268.8,0.04,Balance d,1731,1534,2083,ESTIMATED_ MODEL
2474,C030,Radish,Root vegetable,Tamil Nadu,2022,2,Feb,2022-02,6973.6,7312.8,7156.1,156.8,0.02,Balance d,1730,1509,1953,ESTIMATED_ MODEL
2475,C030,Radish,Root vegetable,Tamil Nadu,2022,3,Mar,2022-03,7513.4,7850.4,7156.1,694.4,0.1,Balance d,1661,1341,1924,ESTIMATED_ MODEL
2476,C030,Radish,Root vegetable,Tamil Nadu,2022,4,Apr,2022-04,7619.9,7956.4,7156.1,800.4,0.11,Surplus,1688,1415,1940,ESTIMATED_ MODEL
2477,C030,Radish,Root vegetable,Tamil Nadu,2022,5,May,2022-05,7655.2,7991.6,7156.1,835.6,0.12,Surplus,1672,1483,1851,ESTIMATED_ MODEL
2478,C030,Radish,Root vegetable,Tamil Nadu,2022,6,Jun,2022-06,7371.6,7709.2,7156.1,553.2,0.08,Balance d,1660,1354,2000,ESTIMATED_ MODEL
2479,C030,Radish,Root vegetable,Tamil Nadu,2022,7,Jul,2022-07,7116.5,7455.2,7156.1,299.1,0.04,Balance d,1641,1422,1875,ESTIMATED_ MODEL
2480,C030,Radish,Root vegetable,Tamil Nadu,2022,8,Aug,2022-08,7587.4,7924.1,7156.1,768.0,0.11,Surplus,1634,1460,1802,ESTIMATED_ MODEL
2481,C030,Radish,Root vegetable,Tamil Nadu,2022,9,Sep,2022-09,7554.2,7891.0,7156.1,734.9,0.1,Surplus,1659,1331,1945,ESTIMATED_ MODEL
2482,C030,Radish,Root vegetable,Tamil Nadu,2022,10,Oct,2022-10,7152.8,7491.3,7156.1,335.2,0.05,Balance d,1680,1398,1881,ESTIMATED_ MODEL
2483,C030,Radish,Root vegetable,Tamil Nadu,2022,11,Nov,2022-11,7734.5,8070.6,7156.1,914.5,0.13,Surplus,1647,1428,2005,ESTIMATED_ MODEL
2484,C030,Radish,Root vegetable,Tamil Nadu,2022,12,Dec,2022-12,7027.1,7366.2,7156.1,210.1,0.03,Balance d,1687,1449,1907,ESTIMATED_ MODEL
2485,C031,Beetroot,Root vegetable,Tamil Nadu,2022,1,Jan,2022-01,4858.3,5552.6,4911.9,640.7,0.13,Surplus,2686,2231,3255,ESTIMATED_ MODEL
2486,C031,Beetroot,Root vegetable,Tamil Nadu,2022,2,Feb,2022-02,4911.5,5605.0,4911.9,693.2,0.14,Surplus,2683,2205,3236,ESTIMATED_ MODEL
2487,C031,Beetroot,Root vegetable,Tamil Nadu,2022,3,Mar,2022-03,4896.6,5590.4,4911.9,678.5,0.14,Surplus,2809,2375,3384,ESTIMATED_ MODEL
2488,C031,Beetroot,Root vegetable,Tamil Nadu,2022,4,Apr,2022-04,5075.6,5767.2,4911.9,855.3,0.17,Surplus,2727,2225,3163,ESTIMATED_ MODEL
2489,C031,Beetroot,Root vegetable,Tamil Nadu,2022,5,May,2022-05,5101.9,5793.1,4911.9,881.2,0.18,Surplus,2757,2467,3061,ESTIMATED_ MODEL
2490,C031,Beetroot,Root vegetable,Tamil Nadu,2022,6,Jun,2022-06,5334.2,6022.5,4911.9,1110.6,0.23,Surplus,2725,2270,3205,ESTIMATED_ MODEL
2491,C031,Beetroot,Root vegetable,Tamil Nadu,2022,7,Jul,2022-07,4878.8,5572.8,4911.9,660.9,0.13,Surplus,2682,2230,3280,ESTIMATED_ MODEL
2492,C031,Beetroot,Root vegetable,Tamil Nadu,2022,8,Aug,2022-08,5149.9,5840.5,4911.9,928.6,0.19,Surplus,2749,2323,3141,ESTIMATED_ MODEL
2493,C031,Beetroot,Root vegetable,Tamil Nadu,2022,9,Sep,2022-09,5256.6,5945.9,4911.9,1034.0,0.21,Surplus,2696,2260,3304,ESTIMATED_ MODEL
2494,C031,Beetroot,Root vegetable,Tamil Nadu,2022,10,Oct,2022-10,5100.4,5791.6,4911.9,879.7,0.18,Surplus,2823,2382,3272,ESTIMATED_ MODEL
2495,C031,Beetroot,Root vegetable,Tamil Nadu,2022,11,Nov,2022-11,4914.9,5608.5,4911.9,696.6,0.14,Surplus,2818,2375,3333,ESTIMATED_ MODEL
2496,C031,Beetroot,Root vegetable,Tamil Nadu,2022,12,Dec,2022-12,4919.5,5613.0,4911.9,701.1,0.14,Surplus,2714,2373,3202,ESTIMATED_ MODEL
2497,C032,Onion,Bulb vegetable,Tamil Nadu,2022,1,Jan,2022-01,81161.7,116075.0,95201.4,20873.6,0.22,Surplus,2674,2369,3045,ESTIMATED_ MODEL
2498,C032,Onion,Bulb vegetable,Tamil Nadu,2022,2,Feb,2022-02,75831.4,111011.3,95201.4,15809.8,0.17,Surplus,2703,2292,3176,ESTIMATED_ MODEL
2499,C032,Onion,Bulb vegetable,Tamil Nadu,2022,3,Mar,2022-03,80548.4,115492.4,95201.4,20290.9,0.21,Surplus,2681,2218,3018,ESTIMATED_ MODEL
2500,C032,Onion,Bulb vegetable,Tamil Nadu,2022,4,Apr,2022-04,81343.7,116248.0,95201.4,21046.6,0.22,Surplus,2763,2423,3231,ESTIMATED_ MODEL
2501,C032,Onion,Bulb vegetable,Tamil Nadu,2022,5,May,2022-05,77066.7,112184.8,95201.4,16983.3,0.18,Surplus,2780,2429,3116,ESTIMATED_ MODEL
2502,C032,Onion,Bulb vegetable,Tamil Nadu,2022,6,Jun,2022-06,0.0,38971.4,95201.4,-56230.0,-0.59,Shortag e,3148,2777,3560,ESTIMATED_ MODEL
2503,C032,Onion,Bulb vegetable,Tamil Nadu,2022,7,Jul,2022-07,0.0,38971.4,95201.4,-56230.0,-0.59,Shortag e,3016,2451,3381,ESTIMATED_ MODEL
2504,C032,Onion,Bulb vegetable,Tamil Nadu,2022,8,Aug,2022-08,75432.0,110631.8,95201.4,15430.4,0.16,Surplus,2793,2365,3400,ESTIMATED_ MODEL
2505,C032,Onion,Bulb vegetable,Tamil Nadu,2022,9,Sep,2022-09,73830.4,109110.3,95201.4,13908.9,0.15,Surplus,2799,2409,3368,ESTIMATED_ MODEL
2506,C032,Onion,Bulb vegetable,Tamil Nadu,2022,10,Oct,2022-10,78054.0,113122.8,109481.6,3641.1,0.03,Balance d,2724,2264,3257,ESTIMATED_ MODEL
2507,C032,Onion,Bulb vegetable,Tamil Nadu,2022,11,Nov,2022-11,77126.3,112241.4,95201.4,17040.0,0.18,Surplus,2661,2137,3267,ESTIMATED_ MODEL
2508,C032,Onion,Bulb vegetable,Tamil Nadu,2022,12,Dec,2022-12,79034.0,114053.7,95201.4,18852.3,0.2,Surplus,2767,2287,3329,ESTIMATED_ MODEL
2509,C033,Potato,Tuber crop,Tamil Nadu,2022,1,Jan,2022-01,13862.0,18533.5,41295.8,-22762.2,-0.55,Shortag e,2508,2255,2833,ESTIMATED_ MODEL
2510,C033,Potato,Tuber crop,Tamil Nadu,2022,2,Feb,2022-02,13400.9,18091.7,41295.8,-23204.1,-0.56,Shortag e,2558,2283,2870,ESTIMATED_ MODEL
2511,C033,Potato,Tuber crop,Tamil Nadu,2022,3,Mar,2022-03,14928.0,19555.1,41295.8,-21740.6,-0.53,Shortag e,2601,2328,3207,ESTIMATED_ MODEL
2512,C033,Potato,Tuber crop,Tamil Nadu,2022,4,Apr,2022-04,13927.3,18596.2,41295.8,-22699.6,-0.55,Shortag e,2503,2161,3039,ESTIMATED_ MODEL
2513,C033,Potato,Tuber crop,Tamil Nadu,2022,5,May,2022-05,13520.9,18206.6,41295.8,-23089.1,-0.56,Shortag e,2615,2139,3177,ESTIMATED_ MODEL
2514,C033,Potato,Tuber crop,Tamil Nadu,2022,6,Jun,2022-06,14177.1,18835.6,41295.8,-22460.2,-0.54,Shortag e,2518,2059,2930,ESTIMATED_ MODEL
2515,C033,Potato,Tuber crop,Tamil Nadu,2022,7,Jul,2022-07,0.0,5249.2,41295.8,-36046.6,-0.87,Shortag e,2699,2284,3186,ESTIMATED_ MODEL
2516,C033,Potato,Tuber crop,Tamil Nadu,2022,8,Aug,2022-08,0.0,5249.2,41295.8,-36046.6,-0.87,Shortag e,2727,2290,3252,ESTIMATED_ MODEL
2517,C033,Potato,Tuber crop,Tamil Nadu,2022,9,Sep,2022-09,14648.2,19287.0,41295.8,-22008.8,-0.53,Shortag e,2518,2114,3033,ESTIMATED_ MODEL
2518,C033,Potato,Tuber crop,Tamil Nadu,2022,10,Oct,2022-10,13717.0,18394.6,41295.8,-22901.2,-0.55,Shortag e,2607,2227,3168,ESTIMATED_ MODEL
2519,C033,Potato,Tuber crop,Tamil Nadu,2022,11,Nov,2022-11,13798.4,18472.7,41295.8,-22823.1,-0.55,Shortag e,2486,2042,2922,ESTIMATED_ MODEL
2520,C033,Potato,Tuber crop,Tamil Nadu,2022,12,Dec,2022-12,0.0,5249.2,41295.8,-36046.6,-0.87,Shortag e,2590,2137,3050,ESTIMATED_ MODEL
2521,C034,Sweet Potato,Tuber crop,Tamil Nadu,2022,1,Jan,2022-01,7500.2,8880.7,5490.3,3390.5,0.62,Surplus,2508,2039,3013,ESTIMATED_ MODEL
2522,C034,Sweet Potato,Tuber crop,Tamil Nadu,2022,2,Feb,2022-02,7731.3,9106.0,4991.1,4114.9,0.82,Surplus,2481,2181,3004,ESTIMATED_ MODEL
2523,C034,Sweet Potato,Tuber crop,Tamil Nadu,2022,3,Mar,2022-03,7786.0,9159.4,4991.1,4168.3,0.84,Surplus,2487,2235,2935,ESTIMATED_ MODEL
2524,C034,Sweet Potato,Tuber crop,Tamil Nadu,2022,4,Apr,2022-04,8112.6,9477.8,4991.1,4486.7,0.9,Surplus,2374,2096,2701,ESTIMATED_ MODEL
2525,C034,Sweet Potato,Tuber crop,Tamil Nadu,2022,5,May,2022-05,0.0,1568.0,4991.1,-3423.1,-0.69,Shortag e,3157,2827,3802,ESTIMATED_ MODEL
2526,C034,Sweet Potato,Tuber crop,Tamil Nadu,2022,6,Jun,2022-06,0.0,1568.0,4991.1,-3423.1,-0.69,Shortag e,3126,2645,3609,ESTIMATED_ MODEL
2527,C034,Sweet Potato,Tuber crop,Tamil Nadu,2022,7,Jul,2022-07,0.0,1568.0,4991.1,-3423.1,-0.69,Shortag e,3085,2664,3741,ESTIMATED_ MODEL
2528,C034,Sweet Potato,Tuber crop,Tamil Nadu,2022,8,Aug,2022-08,0.0,1568.0,4991.1,-3423.1,-0.69,Shortag e,3140,2574,3687,ESTIMATED_ MODEL
2529,C034,Sweet Potato,Tuber crop,Tamil Nadu,2022,9,Sep,2022-09,7852.9,9224.6,4991.1,4233.4,0.85,Surplus,2510,2127,2963,ESTIMATED_ MODEL
2530,C034,Sweet Potato,Tuber crop,Tamil Nadu,2022,10,Oct,2022-10,7639.3,9016.3,4991.1,4025.2,0.81,Surplus,2524,2186,2932,ESTIMATED_ MODEL
2531,C034,Sweet Potato,Tuber crop,Tamil Nadu,2022,11,Nov,2022-11,8116.9,9482.0,4991.1,4490.8,0.9,Surplus,2506,2045,3131,ESTIMATED_ MODEL
2532,C034,Sweet Potato,Tuber crop,Tamil Nadu,2022,12,Dec,2022-12,7982.1,9350.6,4991.1,4359.5,0.87,Surplus,2386,1912,2943,ESTIMATED_ MODEL
2533,C035,Tapioca/Cassava,Tuber crop,Tamil Nadu,2022,1,Jan,2022-01,260822.1,357153.7,184658.2,172495.5,0.93,Surplus,1057,899,1265,ESTIMATED_ MODEL
2534,C035,Tapioca/Cassava,Tuber crop,Tamil Nadu,2022,2,Feb,2022-02,263298.9,359527.3,184658.2,174869.1,0.95,Surplus,1083,872,1284,ESTIMATED_ MODEL
2535,C035,Tapioca/Cassava,Tuber crop,Tamil Nadu,2022,3,Mar,2022-03,264760.1,360927.6,184658.2,176269.4,0.95,Surplus,1073,910,1193,ESTIMATED_ MODEL
2536,C035,Tapioca/Cassava,Tuber crop,Tamil Nadu,2022,4,Apr,2022-04,268799.2,364798.4,184658.2,180140.2,0.98,Surplus,1047,872,1176,ESTIMATED_ MODEL
2537,C035,Tapioca/Cassava,Tuber crop,Tamil Nadu,2022,5,May,2022-05,247552.3,344436.8,184658.2,159778.6,0.87,Surplus,1088,927,1350,ESTIMATED_ MODEL
2538,C035,Tapioca/Cassava,Tuber crop,Tamil Nadu,2022,6,Jun,2022-06,0.0,107199.2,184658.2,-77459.0,-0.42,Shortag e,1321,1148,1454,ESTIMATED_ MODEL
2539,C035,Tapioca/Cassava,Tuber crop,Tamil Nadu,2022,7,Jul,2022-07,0.0,107199.2,184658.2,-77459.0,-0.42,Shortag e,1293,1060,1599,ESTIMATED_ MODEL
2540,C035,Tapioca/Cassava,Tuber crop,Tamil Nadu,2022,8,Aug,2022-08,260229.5,356585.8,184658.2,171927.6,0.93,Surplus,1027,851,1209,ESTIMATED_ MODEL
2541,C035,Tapioca/Cassava,Tuber crop,Tamil Nadu,2022,9,Sep,2022-09,242111.1,339222.3,184658.2,154564.1,0.84,Surplus,1051,863,1250,ESTIMATED_ MODEL
2542,C035,Tapioca/Cassava,Tuber crop,Tamil Nadu,2022,10,Oct,2022-10,250987.2,347728.6,184658.2,163070.4,0.88,Surplus,1029,829,1190,ESTIMATED_ MODEL
2543,C035,Tapioca/Cassava,Tuber crop,Tamil Nadu,2022,11,Nov,2022-11,264424.6,360606.1,184658.2,175947.9,0.95,Surplus,1063,909,1237,ESTIMATED_ MODEL
2544,C035,Tapioca/Cassava,Tuber crop,Tamil Nadu,2022,12,Dec,2022-12,249794.7,346585.7,184658.2,161927.5,0.88,Surplus,1066,891,1322,ESTIMATED_ MODEL
2545,C036,Elephant Foot Yam,Tuber crop,Tamil Nadu,2022,1,Jan,2022-01,11790.8,15176.3,7469.3,7707.0,1.03,Surplus,2824,2465,3148,ESTIMATED_ MODEL
2546,C036,Elephant Foot Yam,Tuber crop,Tamil Nadu,2022,2,Feb,2022-02,12092.8,15465.7,7469.3,7996.4,1.07,Surplus,2804,2434,3434,ESTIMATED_ MODEL
2547,C036,Elephant Foot Yam,Tuber crop,Tamil Nadu,2022,3,Mar,2022-03,11971.6,15349.6,7469.3,7880.3,1.05,Surplus,2678,2149,3096,ESTIMATED_ MODEL
2548,C036,Elephant Foot Yam,Tuber crop,Tamil Nadu,2022,4,Apr,2022-04,11112.5,14526.3,7469.3,7057.0,0.94,Surplus,2754,2357,3408,ESTIMATED_ MODEL
2549,C036,Elephant Foot Yam,Tuber crop,Tamil Nadu,2022,5,May,2022-05,0.0,3876.8,7469.3,-3592.5,-0.48,Shortag e,3505,3100,3856,ESTIMATED_ MODEL
2550,C036,Elephant Foot Yam,Tuber crop,Tamil Nadu,2022,6,Jun,2022-06,0.0,3876.8,7469.3,-3592.5,-0.48,Shortag e,3461,2780,3978,ESTIMATED_ MODEL
2551,C036,Elephant Foot Yam,Tuber crop,Tamil Nadu,2022,7,Jul,2022-07,0.0,3876.8,7469.3,-3592.5,-0.48,Shortag e,3607,2921,4296,ESTIMATED_ MODEL
2552,C036,Elephant Foot Yam,Tuber crop,Tamil Nadu,2022,8,Aug,2022-08,0.0,3876.8,7469.3,-3592.5,-0.48,Shortag e,3517,3144,3934,ESTIMATED_ MODEL
2553,C036,Elephant Foot Yam,Tuber crop,Tamil Nadu,2022,9,Sep,2022-09,11267.6,14674.9,7469.3,7205.6,0.96,Surplus,2757,2213,3212,ESTIMATED_ MODEL
2554,C036,Elephant Foot Yam,Tuber crop,Tamil Nadu,2022,10,Oct,2022-10,11851.3,15234.3,7469.3,7765.0,1.04,Surplus,2733,2424,3254,ESTIMATED_ MODEL
2555,C036,Elephant Foot Yam,Tuber crop,Tamil Nadu,2022,11,Nov,2022-11,10974.2,14393.8,7469.3,6924.5,0.93,Surplus,2855,2435,3179,ESTIMATED_ MODEL
2556,C036,Elephant Foot Yam,Tuber crop,Tamil Nadu,2022,12,Dec,2022-12,11982.7,15360.2,7469.3,7890.9,1.06,Surplus,2757,2481,3379,ESTIMATED_ MODEL
2557,C037,Watermelon,Fruit,Tamil Nadu,2022,1,Jan,2022-01,31695.7,32561.2,19731.3,12829.9,0.65,Surplus,1304,1141,1618,ESTIMATED_ MODEL
2558,C037,Watermelon,Fruit,Tamil Nadu,2022,2,Feb,2022-02,29058.8,29935.3,19731.3,10204.0,0.52,Surplus,1262,1011,1514,ESTIMATED_ MODEL
2559,C037,Watermelon,Fruit,Tamil Nadu,2022,3,Mar,2022-03,29514.3,30388.9,19731.3,10657.6,0.54,Surplus,1277,1054,1469,ESTIMATED_ MODEL
2560,C037,Watermelon,Fruit,Tamil Nadu,2022,4,Apr,2022-04,28693.0,29570.9,25650.6,3920.3,0.15,Surplus,1358,1156,1583,ESTIMATED_ MODEL
2561,C037,Watermelon,Fruit,Tamil Nadu,2022,5,May,2022-05,29792.8,30666.2,25650.6,5015.6,0.2,Surplus,1369,1187,1586,ESTIMATED_ MODEL
2562,C037,Watermelon,Fruit,Tamil Nadu,2022,6,Jun,2022-06,29079.2,29955.6,19731.3,10224.3,0.52,Surplus,1279,1044,1474,ESTIMATED_ MODEL
2563,C037,Watermelon,Fruit,Tamil Nadu,2022,7,Jul,2022-07,30412.6,31283.5,19731.3,11552.2,0.59,Surplus,1306,1144,1568,ESTIMATED_ MODEL
2564,C037,Watermelon,Fruit,Tamil Nadu,2022,8,Aug,2022-08,0.0,997.5,19731.3,-18733.7,-0.95,Shortag e,1588,1364,1883,ESTIMATED_ MODEL
2565,C037,Watermelon,Fruit,Tamil Nadu,2022,9,Sep,2022-09,0.0,997.5,19731.3,-18733.7,-0.95,Shortag e,1609,1376,1889,ESTIMATED_ MODEL
2566,C037,Watermelon,Fruit,Tamil Nadu,2022,10,Oct,2022-10,0.0,997.5,19731.3,-18733.7,-0.95,Shortag e,1616,1408,1804,ESTIMATED_ MODEL
2567,C037,Watermelon,Fruit,Tamil Nadu,2022,11,Nov,2022-11,0.0,997.5,19731.3,-18733.7,-0.95,Shortag e,1631,1327,1811,ESTIMATED_ MODEL
2568,C037,Watermelon,Fruit,Tamil Nadu,2022,12,Dec,2022-12,31160.8,32028.5,19731.3,12297.2,0.62,Surplus,1318,1180,1462,ESTIMATED_ MODEL
2569,C038,Muskmelon,Fruit,Tamil Nadu,2022,1,Jan,2022-01,7242.2,7464.2,4866.5,2597.7,0.53,Surplus,2219,1968,2627,ESTIMATED_ MODEL
2570,C038,Muskmelon,Fruit,Tamil Nadu,2022,2,Feb,2022-02,7512.3,7733.2,4866.5,2866.7,0.59,Surplus,2117,1756,2340,ESTIMATED_ MODEL
2571,C038,Muskmelon,Fruit,Tamil Nadu,2022,3,Mar,2022-03,7823.7,8043.3,4866.5,3176.8,0.65,Surplus,2164,1829,2486,ESTIMATED_ MODEL
2572,C038,Muskmelon,Fruit,Tamil Nadu,2022,4,Apr,2022-04,7932.5,8151.6,5839.8,2311.8,0.4,Surplus,2206,1945,2468,ESTIMATED_ MODEL
2573,C038,Muskmelon,Fruit,Tamil Nadu,2022,5,May,2022-05,7646.8,7867.1,5839.8,2027.3,0.35,Surplus,2278,2026,2829,ESTIMATED_ MODEL
2574,C038,Muskmelon,Fruit,Tamil Nadu,2022,6,Jun,2022-06,7393.6,7615.0,4866.5,2748.5,0.56,Surplus,2136,1755,2469,ESTIMATED_ MODEL
2575,C038,Muskmelon,Fruit,Tamil Nadu,2022,7,Jul,2022-07,7618.8,7839.3,4866.5,2972.8,0.61,Surplus,2111,1726,2514,ESTIMATED_ MODEL
2576,C038,Muskmelon,Fruit,Tamil Nadu,2022,8,Aug,2022-08,0.0,252.2,4866.5,-4614.3,-0.95,Shortag e,2680,2376,2961,ESTIMATED_ MODEL
2577,C038,Muskmelon,Fruit,Tamil Nadu,2022,9,Sep,2022-09,0.0,252.2,4866.5,-4614.3,-0.95,Shortag e,2704,2369,3283,ESTIMATED_ MODEL
2578,C038,Muskmelon,Fruit,Tamil Nadu,2022,10,Oct,2022-10,0.0,252.2,4866.5,-4614.3,-0.95,Shortag e,2738,2390,3393,ESTIMATED_ MODEL
2579,C038,Muskmelon,Fruit,Tamil Nadu,2022,11,Nov,2022-11,0.0,252.2,4866.5,-4614.3,-0.95,Shortag e,2660,2262,2932,ESTIMATED_ MODEL
2580,C038,Muskmelon,Fruit,Tamil Nadu,2022,12,Dec,2022-12,7355.8,7577.3,4866.5,2710.8,0.56,Surplus,2084,1717,2324,ESTIMATED_ MODEL
2581,C039,Papaya,Fruit,Tamil Nadu,2022,1,Jan,2022-01,24376.9,25545.0,24598.9,946.1,0.04,Balance d,1911,1700,2292,ESTIMATED_ MODEL
2582,C039,Papaya,Fruit,Tamil Nadu,2022,2,Feb,2022-02,23924.9,25094.9,24598.9,496.0,0.02,Balance d,1856,1651,2123,ESTIMATED_ MODEL
2583,C039,Papaya,Fruit,Tamil Nadu,2022,3,Mar,2022-03,26605.3,27764.1,24598.9,3165.2,0.13,Surplus,1850,1499,2291,ESTIMATED_ MODEL
2584,C039,Papaya,Fruit,Tamil Nadu,2022,4,Apr,2022-04,23863.1,25033.4,24598.9,434.5,0.02,Balance d,1834,1508,2171,ESTIMATED_ MODEL
2585,C039,Papaya,Fruit,Tamil Nadu,2022,5,May,2022-05,26078.1,27239.1,24598.9,2640.2,0.11,Surplus,1879,1620,2132,ESTIMATED_ MODEL
2586,C039,Papaya,Fruit,Tamil Nadu,2022,6,Jun,2022-06,24301.1,25469.5,24598.9,870.6,0.04,Balance d,1813,1588,2263,ESTIMATED_ MODEL
2587,C039,Papaya,Fruit,Tamil Nadu,2022,7,Jul,2022-07,26614.2,27772.9,24598.9,3174.0,0.13,Surplus,1878,1589,2321,ESTIMATED_ MODEL
2588,C039,Papaya,Fruit,Tamil Nadu,2022,8,Aug,2022-08,26555.0,27714.0,24598.9,3115.2,0.13,Surplus,1834,1563,2148,ESTIMATED_ MODEL
2589,C039,Papaya,Fruit,Tamil Nadu,2022,9,Sep,2022-09,25828.0,26990.1,24598.9,2391.2,0.1,Balance d,1846,1620,2177,ESTIMATED_ MODEL
2590,C039,Papaya,Fruit,Tamil Nadu,2022,10,Oct,2022-10,25883.8,27045.6,24598.9,2446.7,0.1,Balance d,1831,1512,2024,ESTIMATED_ MODEL
2591,C039,Papaya,Fruit,Tamil Nadu,2022,11,Nov,2022-11,23854.3,25024.6,24598.9,425.7,0.02,Balance d,1884,1550,2114,ESTIMATED_ MODEL
2592,C039,Papaya,Fruit,Tamil Nadu,2022,12,Dec,2022-12,26835.2,27993.1,24598.9,3394.2,0.14,Surplus,1858,1613,2253,ESTIMATED_ MODEL
2593,C040,Banana,Fruit,Tamil Nadu,2022,1,Jan,2022-01,331569.6,375438.4,304029.7,71408.7,0.23,Surplus,2730,2363,3206,ESTIMATED_ MODEL
2594,C040,Banana,Fruit,Tamil Nadu,2022,2,Feb,2022-02,333176.2,377025.0,276390.7,100634.3,0.36,Surplus,2586,2227,3123,ESTIMATED_ MODEL
2595,C040,Banana,Fruit,Tamil Nadu,2022,3,Mar,2022-03,328276.3,372186.3,276390.7,95795.7,0.35,Surplus,2659,2328,3015,ESTIMATED_ MODEL
2596,C040,Banana,Fruit,Tamil Nadu,2022,4,Apr,2022-04,321750.2,365741.8,276390.7,89351.1,0.32,Surplus,2636,2151,3046,ESTIMATED_ MODEL
2597,C040,Banana,Fruit,Tamil Nadu,2022,5,May,2022-05,309141.7,353290.9,276390.7,76900.3,0.28,Surplus,2761,2437,3195,ESTIMATED_ MODEL
2598,C040,Banana,Fruit,Tamil Nadu,2022,6,Jun,2022-06,334946.7,378773.3,276390.7,102382.7,0.37,Surplus,2678,2335,3043,ESTIMATED_ MODEL
2599,C040,Banana,Fruit,Tamil Nadu,2022,7,Jul,2022-07,308017.7,352181.0,276390.7,75790.3,0.27,Surplus,2647,2375,3157,ESTIMATED_ MODEL
2600,C040,Banana,Fruit,Tamil Nadu,2022,8,Aug,2022-08,305302.1,349499.3,276390.7,73108.6,0.26,Surplus,2789,2325,3362,ESTIMATED_ MODEL
2601,C040,Banana,Fruit,Tamil Nadu,2022,9,Sep,2022-09,314401.0,358484.5,276390.7,82093.8,0.3,Surplus,2647,2187,3115,ESTIMATED_ MODEL
2602,C040,Banana,Fruit,Tamil Nadu,2022,10,Oct,2022-10,299762.3,344028.7,304029.7,39999.0,0.13,Surplus,2733,2232,3115,ESTIMATED_ MODEL
2603,C040,Banana,Fruit,Tamil Nadu,2022,11,Nov,2022-11,334777.6,378606.4,276390.7,102215.7,0.37,Surplus,2585,2250,3034,ESTIMATED_ MODEL
2604,C040,Banana,Fruit,Tamil Nadu,2022,12,Dec,2022-12,319958.5,363972.5,276390.7,87581.8,0.32,Surplus,2617,2138,2919,ESTIMATED_ MODEL
2605,C041,Guava,Fruit,Tamil Nadu,2022,1,Jan,2022-01,14960.6,16412.4,15254.6,1157.8,0.08,Balance d,3349,2757,3998,ESTIMATED_ MODEL
2606,C041,Guava,Fruit,Tamil Nadu,2022,2,Feb,2022-02,16206.2,17647.7,15254.6,2393.1,0.16,Surplus,3204,2576,3532,ESTIMATED_ MODEL
2607,C041,Guava,Fruit,Tamil Nadu,2022,3,Mar,2022-03,14821.5,16274.5,15254.6,1019.9,0.07,Balance d,3181,2752,3770,ESTIMATED_ MODEL
2608,C041,Guava,Fruit,Tamil Nadu,2022,4,Apr,2022-04,15253.4,16702.8,15254.6,1448.2,0.09,Balance d,3253,2613,3808,ESTIMATED_ MODEL
2609,C041,Guava,Fruit,Tamil Nadu,2022,5,May,2022-05,16463.6,17902.9,15254.6,2648.3,0.17,Surplus,3288,2761,3925,ESTIMATED_ MODEL
2610,C041,Guava,Fruit,Tamil Nadu,2022,6,Jun,2022-06,16138.8,17580.8,15254.6,2326.2,0.15,Surplus,3269,2872,3851,ESTIMATED_ MODEL
2611,C041,Guava,Fruit,Tamil Nadu,2022,7,Jul,2022-07,14920.5,16372.6,15254.6,1118.0,0.07,Balance d,3324,2789,4100,ESTIMATED_ MODEL
2612,C041,Guava,Fruit,Tamil Nadu,2022,8,Aug,2022-08,16332.4,17772.8,15254.6,2518.2,0.17,Surplus,3157,2614,3498,ESTIMATED_ MODEL
2613,C041,Guava,Fruit,Tamil Nadu,2022,9,Sep,2022-09,15713.2,17158.8,15254.6,1904.2,0.12,Surplus,3286,2766,3728,ESTIMATED_ MODEL
2614,C041,Guava,Fruit,Tamil Nadu,2022,10,Oct,2022-10,16380.8,17820.8,15254.6,2566.2,0.17,Surplus,3154,2807,3863,ESTIMATED_ MODEL
2615,C041,Guava,Fruit,Tamil Nadu,2022,11,Nov,2022-11,15916.5,17360.3,15254.6,2105.7,0.14,Surplus,3232,2785,3785,ESTIMATED_ MODEL
2616,C041,Guava,Fruit,Tamil Nadu,2022,12,Dec,2022-12,16069.5,17512.1,15254.6,2257.5,0.15,Surplus,3195,2849,3575,ESTIMATED_ MODEL
2617,C042,Mango,Fruit,Tamil Nadu,2022,1,Jan,2022-01,0.0,6214.3,54829.5,-48615.2,-0.89,Shortag e,5252,4298,5828,ESTIMATED_ MODEL
2618,C042,Mango,Fruit,Tamil Nadu,2022,2,Feb,2022-02,123268.7,128455.7,54829.5,73626.2,1.34,Surplus,3827,3225,4569,ESTIMATED_ MODEL
2619,C042,Mango,Fruit,Tamil Nadu,2022,3,Mar,2022-03,125583.8,130751.5,54829.5,75922.1,1.38,Surplus,3787,3287,4434,ESTIMATED_ MODEL
2620,C042,Mango,Fruit,Tamil Nadu,2022,4,Apr,2022-04,124973.0,130145.9,54829.5,75316.4,1.37,Surplus,3699,3099,4425,ESTIMATED_ MODEL
2621,C042,Mango,Fruit,Tamil Nadu,2022,5,May,2022-05,125896.4,131061.5,54829.5,76232.1,1.39,Surplus,3718,3290,4578,ESTIMATED_ MODEL
2622,C042,Mango,Fruit,Tamil Nadu,2022,6,Jun,2022-06,120184.0,125396.8,54829.5,70567.3,1.29,Surplus,3699,3010,4419,ESTIMATED_ MODEL
2623,C042,Mango,Fruit,Tamil Nadu,2022,7,Jul,2022-07,125809.7,130975.6,54829.5,76146.1,1.39,Surplus,3664,2938,4519,ESTIMATED_ MODEL
2624,C042,Mango,Fruit,Tamil Nadu,2022,8,Aug,2022-08,0.0,6214.3,54829.5,-48615.2,-0.89,Shortag e,5248,4686,6337,ESTIMATED_ MODEL
2625,C042,Mango,Fruit,Tamil Nadu,2022,9,Sep,2022-09,0.0,6214.3,54829.5,-48615.2,-0.89,Shortag e,5399,4428,6128,ESTIMATED_ MODEL
2626,C042,Mango,Fruit,Tamil Nadu,2022,10,Oct,2022-10,0.0,6214.3,54829.5,-48615.2,-0.89,Shortag e,5331,4356,6108,ESTIMATED_ MODEL
2627,C042,Mango,Fruit,Tamil Nadu,2022,11,Nov,2022-11,0.0,6214.3,54829.5,-48615.2,-0.89,Shortag e,5274,4303,5964,ESTIMATED_ MODEL
2628,C042,Mango,Fruit,Tamil Nadu,2022,12,Dec,2022-12,0.0,6214.3,54829.5,-48615.2,-0.89,Shortag e,5406,4415,5970,ESTIMATED_ MODEL
2629,C043,Pomegranate,Fruit,Tamil Nadu,2022,1,Jan,2022-01,5681.6,7162.6,5213.4,1949.2,0.37,Surplus,8221,6791,9066,ESTIMATED_ MODEL
2630,C043,Pomegranate,Fruit,Tamil Nadu,2022,2,Feb,2022-02,5265.8,6757.2,5213.4,1543.8,0.3,Surplus,8107,7058,9879,ESTIMATED_ MODEL
2631,C043,Pomegranate,Fruit,Tamil Nadu,2022,3,Mar,2022-03,5128.7,6623.5,5213.4,1410.1,0.27,Surplus,7961,6577,9369,ESTIMATED_ MODEL
2632,C043,Pomegranate,Fruit,Tamil Nadu,2022,4,Apr,2022-04,5420.0,6907.6,5213.4,1694.2,0.33,Surplus,7961,7054,9323,ESTIMATED_ MODEL
2633,C043,Pomegranate,Fruit,Tamil Nadu,2022,5,May,2022-05,5636.7,7118.8,5213.4,1905.5,0.37,Surplus,8148,6991,9907,ESTIMATED_ MODEL
2634,C043,Pomegranate,Fruit,Tamil Nadu,2022,6,Jun,2022-06,5557.8,7041.9,5213.4,1828.6,0.35,Surplus,7929,7003,9049,ESTIMATED_ MODEL
2635,C043,Pomegranate,Fruit,Tamil Nadu,2022,7,Jul,2022-07,5453.6,6940.4,5213.4,1727.0,0.33,Surplus,8063,6622,9444,ESTIMATED_ MODEL
2636,C043,Pomegranate,Fruit,Tamil Nadu,2022,8,Aug,2022-08,5255.3,6747.0,5213.4,1533.6,0.29,Surplus,7994,6608,9953,ESTIMATED_ MODEL
2637,C043,Pomegranate,Fruit,Tamil Nadu,2022,9,Sep,2022-09,5401.6,6889.6,5213.4,1676.3,0.32,Surplus,7879,6923,9830,ESTIMATED_ MODEL
2638,C043,Pomegranate,Fruit,Tamil Nadu,2022,10,Oct,2022-10,5111.0,6606.3,5213.4,1392.9,0.27,Surplus,7877,6852,8963,ESTIMATED_ MODEL
2639,C043,Pomegranate,Fruit,Tamil Nadu,2022,11,Nov,2022-11,5490.0,6975.8,5213.4,1762.5,0.34,Surplus,7797,6552,9671,ESTIMATED_ MODEL
2640,C043,Pomegranate,Fruit,Tamil Nadu,2022,12,Dec,2022-12,5519.8,7004.9,5213.4,1791.5,0.34,Surplus,7776,6678,9138,ESTIMATED_ MODEL
2641,C044,Sapota/Chikoo,Fruit,Tamil Nadu,2022,1,Jan,2022-01,10062.0,11036.5,10272.9,763.6,0.07,Balance d,3239,2909,3607,ESTIMATED_ MODEL
2642,C044,Sapota/Chikoo,Fruit,Tamil Nadu,2022,2,Feb,2022-02,10821.3,11789.5,10272.9,1516.6,0.15,Surplus,3300,2798,3939,ESTIMATED_ MODEL
2643,C044,Sapota/Chikoo,Fruit,Tamil Nadu,2022,3,Mar,2022-03,10819.5,11787.8,10272.9,1514.8,0.15,Surplus,3282,2744,3822,ESTIMATED_ MODEL
2644,C044,Sapota/Chikoo,Fruit,Tamil Nadu,2022,4,Apr,2022-04,10805.5,11773.9,10272.9,1500.9,0.15,Surplus,3200,2679,3964,ESTIMATED_ MODEL
2645,C044,Sapota/Chikoo,Fruit,Tamil Nadu,2022,5,May,2022-05,11152.8,12118.2,10272.9,1845.3,0.18,Surplus,3266,2648,3645,ESTIMATED_ MODEL
2646,C044,Sapota/Chikoo,Fruit,Tamil Nadu,2022,6,Jun,2022-06,11001.2,11968.0,10272.9,1695.0,0.17,Surplus,3194,2586,3810,ESTIMATED_ MODEL
2647,C044,Sapota/Chikoo,Fruit,Tamil Nadu,2022,7,Jul,2022-07,10008.5,10983.5,10272.9,710.6,0.07,Balance d,3185,2714,3507,ESTIMATED_ MODEL
2648,C044,Sapota/Chikoo,Fruit,Tamil Nadu,2022,8,Aug,2022-08,10553.9,11524.3,10272.9,1251.4,0.12,Surplus,3193,2771,3744,ESTIMATED_ MODEL
2649,C044,Sapota/Chikoo,Fruit,Tamil Nadu,2022,9,Sep,2022-09,10460.9,11432.2,10272.9,1159.2,0.11,Surplus,3328,2953,3840,ESTIMATED_ MODEL
2650,C044,Sapota/Chikoo,Fruit,Tamil Nadu,2022,10,Oct,2022-10,10349.4,11321.5,10272.9,1048.6,0.1,Surplus,3149,2786,3895,ESTIMATED_ MODEL
2651,C044,Sapota/Chikoo,Fruit,Tamil Nadu,2022,11,Nov,2022-11,10528.8,11499.4,10272.9,1226.5,0.12,Surplus,3294,2677,4116,ESTIMATED_ MODEL
2652,C044,Sapota/Chikoo,Fruit,Tamil Nadu,2022,12,Dec,2022-12,10443.5,11414.8,10272.9,1141.9,0.11,Surplus,3187,2780,3940,ESTIMATED_ MODEL
2653,C045,Turmeric,Spice,Tamil Nadu,2022,1,Jan,2022-01,16745.6,23167.2,9032.7,14134.5,1.56,Surplus,8654,7336,9809,ESTIMATED_ MODEL
2654,C045,Turmeric,Spice,Tamil Nadu,2022,2,Feb,2022-02,15598.5,22096.6,9032.7,13063.9,1.45,Surplus,8972,7348,10613,ESTIMATED_ MODEL
2655,C045,Turmeric,Spice,Tamil Nadu,2022,3,Mar,2022-03,16876.1,23289.0,9032.7,14256.3,1.58,Surplus,8442,7560,9323,ESTIMATED_ MODEL
2656,C045,Turmeric,Spice,Tamil Nadu,2022,4,Apr,2022-04,15544.5,22046.1,9032.7,13013.5,1.44,Surplus,8639,7120,10039,ESTIMATED_ MODEL
2657,C045,Turmeric,Spice,Tamil Nadu,2022,5,May,2022-05,16832.1,23247.9,9032.7,14215.2,1.57,Surplus,8436,7163,10384,ESTIMATED_ MODEL
2658,C045,Turmeric,Spice,Tamil Nadu,2022,6,Jun,2022-06,15108.3,21639.0,9032.7,12606.3,1.4,Surplus,9062,7775,10089,ESTIMATED_ MODEL
2659,C045,Turmeric,Spice,Tamil Nadu,2022,7,Jul,2022-07,0.0,7538.0,9032.7,-1494.7,-0.17,Shortag e,11691,9547,14239,ESTIMATED_ MODEL
2660,C045,Turmeric,Spice,Tamil Nadu,2022,8,Aug,2022-08,0.0,7538.0,9032.7,-1494.7,-0.17,Shortag e,11390,9587,13128,ESTIMATED_ MODEL
2661,C045,Turmeric,Spice,Tamil Nadu,2022,9,Sep,2022-09,0.0,7538.0,9032.7,-1494.7,-0.17,Shortag e,11802,9591,13984,ESTIMATED_ MODEL
2662,C045,Turmeric,Spice,Tamil Nadu,2022,10,Oct,2022-10,0.0,7538.0,9032.7,-1494.7,-0.17,Shortag e,11317,9851,13986,ESTIMATED_ MODEL
2663,C045,Turmeric,Spice,Tamil Nadu,2022,11,Nov,2022-11,0.0,7538.0,9032.7,-1494.7,-0.17,Shortag e,11515,9774,14269,ESTIMATED_ MODEL
2664,C045,Turmeric,Spice,Tamil Nadu,2022,12,Dec,2022-12,16364.4,22811.4,9032.7,13778.7,1.53,Surplus,8713,7395,10340,ESTIMATED_ MODEL
2665,C046,Ginger,Spice,Tamil Nadu,2022,1,Jan,2022-01,12952.6,16109.6,8790.7,7318.9,0.83,Surplus,5064,4501,6298,ESTIMATED_ MODEL
2666,C046,Ginger,Spice,Tamil Nadu,2022,2,Feb,2022-02,14117.7,17235.9,8790.7,8445.2,0.96,Surplus,4951,3962,5729,ESTIMATED_ MODEL
2667,C046,Ginger,Spice,Tamil Nadu,2022,3,Mar,2022-03,13488.7,16627.8,8790.7,7837.1,0.89,Surplus,4993,4177,5943,ESTIMATED_ MODEL
2668,C046,Ginger,Spice,Tamil Nadu,2022,4,Apr,2022-04,12896.3,16055.2,8790.7,7264.5,0.83,Surplus,4976,4163,6149,ESTIMATED_ MODEL
2669,C046,Ginger,Spice,Tamil Nadu,2022,5,May,2022-05,0.0,3588.8,8790.7,-5201.9,-0.59,Shortag e,6141,5198,7674,ESTIMATED_ MODEL
2670,C046,Ginger,Spice,Tamil Nadu,2022,6,Jun,2022-06,0.0,3588.8,8790.7,-5201.9,-0.59,Shortag e,6138,5020,7224,ESTIMATED_ MODEL
2671,C046,Ginger,Spice,Tamil Nadu,2022,7,Jul,2022-07,0.0,3588.8,8790.7,-5201.9,-0.59,Shortag e,6246,5482,7610,ESTIMATED_ MODEL
2672,C046,Ginger,Spice,Tamil Nadu,2022,8,Aug,2022-08,0.0,3588.8,8790.7,-5201.9,-0.59,Shortag e,6211,5126,7635,ESTIMATED_ MODEL
2673,C046,Ginger,Spice,Tamil Nadu,2022,9,Sep,2022-09,14060.7,17180.8,8790.7,8390.1,0.95,Surplus,4965,4068,5559,ESTIMATED_ MODEL
2674,C046,Ginger,Spice,Tamil Nadu,2022,10,Oct,2022-10,13393.2,16535.5,8790.7,7744.8,0.88,Surplus,5055,4483,6238,ESTIMATED_ MODEL
2675,C046,Ginger,Spice,Tamil Nadu,2022,11,Nov,2022-11,12942.0,16099.4,8790.7,7308.6,0.83,Surplus,5067,4328,6065,ESTIMATED_ MODEL
2676,C046,Ginger,Spice,Tamil Nadu,2022,12,Dec,2022-12,13812.1,16940.5,8790.7,8149.8,0.93,Surplus,4871,3921,5902,ESTIMATED_ MODEL
2677,C047,Coriander,Herb/spic e,Tamil Nadu,2022,1,Jan,2022-01,6782.7,7084.4,6464.6,619.8,0.1,Balance d,2720,2392,3313,ESTIMATED_ MODEL
2678,C047,Coriander,Herb/spic e,Tamil Nadu,2022,2,Feb,2022-02,6666.6,6968.9,6464.6,504.3,0.08,Balance d,2742,2273,3402,ESTIMATED_ MODEL
2679,C047,Coriander,Herb/spic e,Tamil Nadu,2022,3,Mar,2022-03,6658.0,6960.3,6464.6,495.7,0.08,Balance d,2842,2472,3162,ESTIMATED_ MODEL
2680,C047,Coriander,Herb/spic e,Tamil Nadu,2022,4,Apr,2022-04,6402.0,6705.4,6464.6,240.8,0.04,Balance d,2790,2388,3147,ESTIMATED_ MODEL
2681,C047,Coriander,Herb/spic e,Tamil Nadu,2022,5,May,2022-05,6487.6,6790.6,6464.6,326.0,0.05,Balance d,2789,2399,3205,ESTIMATED_ MODEL
2682,C047,Coriander,Herb/spic e,Tamil Nadu,2022,6,Jun,2022-06,6391.7,6695.1,6464.6,230.5,0.04,Balance d,2852,2521,3276,ESTIMATED_ MODEL
2683,C047,Coriander,Herb/spic e,Tamil Nadu,2022,7,Jul,2022-07,6421.1,6724.4,6464.6,259.8,0.04,Balance d,2860,2317,3505,ESTIMATED_ MODEL
2684,C047,Coriander,Herb/spic e,Tamil Nadu,2022,8,Aug,2022-08,7042.8,7343.5,6464.6,878.9,0.14,Surplus,2703,2185,3234,ESTIMATED_ MODEL
2685,C047,Coriander,Herb/spic e,Tamil Nadu,2022,9,Sep,2022-09,6387.1,6690.5,6464.6,225.9,0.04,Balance d,2800,2494,3233,ESTIMATED_ MODEL
2686,C047,Coriander,Herb/spic e,Tamil Nadu,2022,10,Oct,2022-10,6480.0,6783.0,6464.6,318.5,0.05,Balance d,2763,2348,3228,ESTIMATED_ MODEL
2687,C047,Coriander,Herb/spic e,Tamil Nadu,2022,11,Nov,2022-11,6737.0,7039.0,6464.6,574.4,0.09,Balance d,2756,2396,3345,ESTIMATED_ MODEL
2688,C047,Coriander,Herb/spic e,Tamil Nadu,2022,12,Dec,2022-12,6752.6,7054.6,6464.6,590.0,0.09,Balance d,2841,2549,3238,ESTIMATED_ MODEL
2689,C048,Curry Leaf,Leaf crop,Tamil Nadu,2022,1,Jan,2022-01,2842.3,2977.1,2792.5,184.6,0.07,Balance d,3162,2695,3718,ESTIMATED_ MODEL
2690,C048,Curry Leaf,Leaf crop,Tamil Nadu,2022,2,Feb,2022-02,2940.0,3074.4,2792.5,281.9,0.1,Surplus,3245,2912,4013,ESTIMATED_ MODEL
2691,C048,Curry Leaf,Leaf crop,Tamil Nadu,2022,3,Mar,2022-03,2870.6,3005.2,2792.5,212.7,0.08,Balance d,3185,2666,3706,ESTIMATED_ MODEL
2692,C048,Curry Leaf,Leaf crop,Tamil Nadu,2022,4,Apr,2022-04,3049.4,3183.3,2792.5,390.9,0.14,Surplus,3193,2809,3763,ESTIMATED_ MODEL
2693,C048,Curry Leaf,Leaf crop,Tamil Nadu,2022,5,May,2022-05,2957.9,3092.2,2792.5,299.7,0.11,Surplus,3251,2878,3969,ESTIMATED_ MODEL
2694,C048,Curry Leaf,Leaf crop,Tamil Nadu,2022,6,Jun,2022-06,3035.2,3169.1,2792.5,376.7,0.13,Surplus,3150,2745,3671,ESTIMATED_ MODEL
2695,C048,Curry Leaf,Leaf crop,Tamil Nadu,2022,7,Jul,2022-07,2994.6,3128.7,2792.5,336.2,0.12,Surplus,3190,2567,3742,ESTIMATED_ MODEL
2696,C048,Curry Leaf,Leaf crop,Tamil Nadu,2022,8,Aug,2022-08,3018.0,3152.1,2792.5,359.6,0.13,Surplus,3197,2638,3850,ESTIMATED_ MODEL
2697,C048,Curry Leaf,Leaf crop,Tamil Nadu,2022,9,Sep,2022-09,2987.5,3121.6,2792.5,329.2,0.12,Surplus,3285,2708,3637,ESTIMATED_ MODEL
2698,C048,Curry Leaf,Leaf crop,Tamil Nadu,2022,10,Oct,2022-10,2864.7,2999.4,2792.5,206.9,0.07,Balance d,3322,2661,4121,ESTIMATED_ MODEL
2699,C048,Curry Leaf,Leaf crop,Tamil Nadu,2022,11,Nov,2022-11,2793.1,2928.1,2792.5,135.6,0.05,Balance d,3291,2738,3742,ESTIMATED_ MODEL
2700,C048,Curry Leaf,Leaf crop,Tamil Nadu,2022,12,Dec,2022-12,2834.1,2968.9,2792.5,176.4,0.06,Balance d,3161,2603,3543,ESTIMATED_ MODEL
2701,C049,Moringa/Drumstick,Vegetabl e/tree,Tamil Nadu,2022,1,Jan,2022-01,23838.1,24960.8,22882.5,2078.3,0.09,Balance d,4175,3638,4764,ESTIMATED_ MODEL
2702,C049,Moringa/Drumstick,Vegetabl e/tree,Tamil Nadu,2022,2,Feb,2022-02,24917.1,26035.2,22882.5,3152.8,0.14,Surplus,4046,3462,4649,ESTIMATED_ MODEL
2703,C049,Moringa/Drumstick,Vegetabl e/tree,Tamil Nadu,2022,3,Mar,2022-03,25100.3,26217.7,22882.5,3335.2,0.15,Surplus,4122,3565,4840,ESTIMATED_ MODEL
2704,C049,Moringa/Drumstick,Vegetabl e/tree,Tamil Nadu,2022,4,Apr,2022-04,24230.0,25351.0,22882.5,2468.5,0.11,Surplus,4192,3581,5076,ESTIMATED_ MODEL
2705,C049,Moringa/Drumstick,Vegetabl e/tree,Tamil Nadu,2022,5,May,2022-05,23446.3,24570.6,22882.5,1688.2,0.07,Balance d,4235,3614,5090,ESTIMATED_ MODEL
2706,C049,Moringa/Drumstick,Vegetabl e/tree,Tamil Nadu,2022,6,Jun,2022-06,23452.9,24577.1,22882.5,1694.6,0.07,Balance d,4277,3607,4970,ESTIMATED_ MODEL
2707,C049,Moringa/Drumstick,Vegetabl e/tree,Tamil Nadu,2022,7,Jul,2022-07,23420.4,24544.7,22882.5,1662.3,0.07,Balance d,4250,3648,4721,ESTIMATED_ MODEL
2708,C049,Moringa/Drumstick,Vegetabl e/tree,Tamil Nadu,2022,8,Aug,2022-08,25544.3,26659.8,22882.5,3777.4,0.17,Surplus,4224,3392,5121,ESTIMATED_ MODEL
2709,C049,Moringa/Drumstick,Vegetabl e/tree,Tamil Nadu,2022,9,Sep,2022-09,24289.5,25410.2,22882.5,2527.8,0.11,Surplus,4225,3783,4682,ESTIMATED_ MODEL
2710,C049,Moringa/Drumstick,Vegetabl e/tree,Tamil Nadu,2022,10,Oct,2022-10,25714.7,26829.5,22882.5,3947.0,0.17,Surplus,4145,3493,4765,ESTIMATED_ MODEL
2711,C049,Moringa/Drumstick,Vegetabl e/tree,Tamil Nadu,2022,11,Nov,2022-11,24628.3,25747.7,22882.5,2865.2,0.13,Surplus,4046,3464,4742,ESTIMATED_ MODEL
2712,C049,Moringa/Drumstick,Vegetabl e/tree,Tamil Nadu,2022,12,Dec,2022-12,24691.7,25810.8,22882.5,2928.3,0.13,Surplus,4048,3486,4901,ESTIMATED_ MODEL
2713,C050,Jasmine,Flower,Tamil Nadu,2022,1,Jan,2022-01,5159.1,5159.1,5726.7,-567.5,-0.1,Balance d,13975,12379,16022,ESTIMATED_ MODEL
2714,C050,Jasmine,Flower,Tamil Nadu,2022,2,Feb,2022-02,4866.4,4866.4,4772.2,94.1,0.02,Balance d,14456,11735,17980,ESTIMATED_ MODEL
2715,C050,Jasmine,Flower,Tamil Nadu,2022,3,Mar,2022-03,5187.3,5187.3,4772.2,415.1,0.09,Balance d,13570,11169,15021,ESTIMATED_ MODEL
2716,C050,Jasmine,Flower,Tamil Nadu,2022,4,Apr,2022-04,5135.6,5135.6,4772.2,363.3,0.08,Balance d,14112,12489,16442,ESTIMATED_ MODEL
2717,C050,Jasmine,Flower,Tamil Nadu,2022,5,May,2022-05,4799.7,4799.7,4772.2,27.5,0.01,Balance d,14450,12413,17260,ESTIMATED_ MODEL
2718,C050,Jasmine,Flower,Tamil Nadu,2022,6,Jun,2022-06,4718.7,4718.7,4772.2,-53.6,-0.01,Balance d,14415,11960,16623,ESTIMATED_ MODEL
2719,C050,Jasmine,Flower,Tamil Nadu,2022,7,Jul,2022-07,4881.7,4881.7,4772.2,109.4,0.02,Balance d,14394,12812,17942,ESTIMATED_ MODEL
2720,C050,Jasmine,Flower,Tamil Nadu,2022,8,Aug,2022-08,4861.9,4861.9,4772.2,89.7,0.02,Balance d,14400,11703,17619,ESTIMATED_ MODEL
2721,C050,Jasmine,Flower,Tamil Nadu,2022,9,Sep,2022-09,4964.5,4964.5,5488.1,-523.5,-0.1,Balance d,14225,12789,16655,ESTIMATED_ MODEL
2722,C050,Jasmine,Flower,Tamil Nadu,2022,10,Oct,2022-10,4969.0,4969.0,5965.3,-996.2,-0.17,Shortag e,14498,12367,16648,ESTIMATED_ MODEL
2723,C050,Jasmine,Flower,Tamil Nadu,2022,11,Nov,2022-11,5067.4,5067.4,4772.2,295.2,0.06,Balance d,13609,12106,16609,ESTIMATED_ MODEL
2724,C050,Jasmine,Flower,Tamil Nadu,2022,12,Dec,2022-12,4925.7,4925.7,4772.2,153.4,0.03,Balance d,13727,12047,16388,ESTIMATED_ MODEL
2725,C051,Marigold,Flower,Tamil Nadu,2022,1,Jan,2022-01,12197.2,12197.2,13410.2,-1213.0,-0.09,Balance d,3745,3239,4608,ESTIMATED_ MODEL
2726,C051,Marigold,Flower,Tamil Nadu,2022,2,Feb,2022-02,13110.7,13110.7,12191.1,919.6,0.08,Balance d,3773,3346,4454,ESTIMATED_ MODEL
2727,C051,Marigold,Flower,Tamil Nadu,2022,3,Mar,2022-03,12870.1,12870.1,12191.1,679.0,0.06,Balance d,3785,3081,4361,ESTIMATED_ MODEL
2728,C051,Marigold,Flower,Tamil Nadu,2022,4,Apr,2022-04,12640.1,12640.1,12191.1,449.0,0.04,Balance d,3714,3161,4603,ESTIMATED_ MODEL
2729,C051,Marigold,Flower,Tamil Nadu,2022,5,May,2022-05,12733.4,12733.4,12191.1,542.3,0.04,Balance d,3819,3106,4300,ESTIMATED_ MODEL
2730,C051,Marigold,Flower,Tamil Nadu,2022,6,Jun,2022-06,11951.4,11951.4,12191.1,-239.7,-0.02,Balance d,3738,3099,4457,ESTIMATED_ MODEL
2731,C051,Marigold,Flower,Tamil Nadu,2022,7,Jul,2022-07,12528.8,12528.8,12191.1,337.7,0.03,Balance d,3835,3437,4594,ESTIMATED_ MODEL
2732,C051,Marigold,Flower,Tamil Nadu,2022,8,Aug,2022-08,12106.2,12106.2,12191.1,-84.9,-0.01,Balance d,3840,3273,4344,ESTIMATED_ MODEL
2733,C051,Marigold,Flower,Tamil Nadu,2022,9,Sep,2022-09,12128.3,12128.3,14019.8,-1891.4,-0.13,Shortag e,3841,3286,4653,ESTIMATED_ MODEL
2734,C051,Marigold,Flower,Tamil Nadu,2022,10,Oct,2022-10,12811.4,12811.4,15238.9,-2427.5,-0.16,Shortag e,3786,3168,4372,ESTIMATED_ MODEL
2735,C051,Marigold,Flower,Tamil Nadu,2022,11,Nov,2022-11,13188.4,13188.4,12191.1,997.3,0.08,Balance d,3817,3223,4631,ESTIMATED_ MODEL
2736,C051,Marigold,Flower,Tamil Nadu,2022,12,Dec,2022-12,12423.0,12423.0,12191.1,231.9,0.02,Balance d,3805,3145,4512,ESTIMATED_ MODEL
2737,C052,Rose,Flower,Tamil Nadu,2022,1,Jan,2022-01,1622.4,1622.4,1736.3,-113.9,-0.07,Balance d,7540,6737,8783,ESTIMATED_ MODEL
2738,C052,Rose,Flower,Tamil Nadu,2022,2,Feb,2022-02,1714.2,1714.2,2051.9,-337.8,-0.16,Shortag e,7723,6523,9149,ESTIMATED_ MODEL
2739,C052,Rose,Flower,Tamil Nadu,2022,3,Mar,2022-03,1571.5,1571.5,1578.4,-6.9,-0.0,Balance d,7511,6045,9256,ESTIMATED_ MODEL
2740,C052,Rose,Flower,Tamil Nadu,2022,4,Apr,2022-04,1544.1,1544.1,1578.4,-34.3,-0.02,Balance d,7519,6458,8428,ESTIMATED_ MODEL
2741,C052,Rose,Flower,Tamil Nadu,2022,5,May,2022-05,1703.7,1703.7,1578.4,125.3,0.08,Balance d,7206,5941,8688,ESTIMATED_ MODEL
2742,C052,Rose,Flower,Tamil Nadu,2022,6,Jun,2022-06,1695.1,1695.1,1578.4,116.7,0.07,Balance d,7255,6464,8215,ESTIMATED_ MODEL
2743,C052,Rose,Flower,Tamil Nadu,2022,7,Jul,2022-07,1723.4,1723.4,1578.4,145.0,0.09,Balance d,7283,5958,8026,ESTIMATED_ MODEL
2744,C052,Rose,Flower,Tamil Nadu,2022,8,Aug,2022-08,1662.3,1662.3,1578.4,83.8,0.05,Balance d,7582,6729,9039,ESTIMATED_ MODEL
2745,C052,Rose,Flower,Tamil Nadu,2022,9,Sep,2022-09,1712.5,1712.5,1578.4,134.1,0.09,Balance d,7283,6034,8531,ESTIMATED_ MODEL
2746,C052,Rose,Flower,Tamil Nadu,2022,10,Oct,2022-10,1691.1,1691.1,1894.1,-203.0,-0.11,Shortag e,7845,6470,9491,ESTIMATED_ MODEL
2747,C052,Rose,Flower,Tamil Nadu,2022,11,Nov,2022-11,1694.5,1694.5,1578.4,116.1,0.07,Balance d,7409,6148,8657,ESTIMATED_ MODEL
2748,C052,Rose,Flower,Tamil Nadu,2022,12,Dec,2022-12,1640.7,1640.7,1578.4,62.3,0.04,Balance d,7281,6407,8275,ESTIMATED_ MODEL
2749,C053,Tuberose,Flower,Tamil Nadu,2022,1,Jan,2022-01,2338.4,2338.4,2631.4,-293.0,-0.11,Shortag e,7863,6366,9344,ESTIMATED_ MODEL
2750,C053,Tuberose,Flower,Tamil Nadu,2022,2,Feb,2022-02,2600.9,2600.9,2392.2,208.7,0.09,Balance d,7478,6385,8969,ESTIMATED_ MODEL
2751,C053,Tuberose,Flower,Tamil Nadu,2022,3,Mar,2022-03,2375.3,2375.3,2392.2,-16.9,-0.01,Balance d,7354,6292,8407,ESTIMATED_ MODEL
2752,C053,Tuberose,Flower,Tamil Nadu,2022,4,Apr,2022-04,2579.5,2579.5,2392.2,187.3,0.08,Balance d,7630,6685,9506,ESTIMATED_ MODEL
2753,C053,Tuberose,Flower,Tamil Nadu,2022,5,May,2022-05,2557.8,2557.8,2392.2,165.6,0.07,Balance d,7233,5992,8168,ESTIMATED_ MODEL
2754,C053,Tuberose,Flower,Tamil Nadu,2022,6,Jun,2022-06,2604.6,2604.6,2392.2,212.4,0.09,Balance d,7199,5933,8652,ESTIMATED_ MODEL
2755,C053,Tuberose,Flower,Tamil Nadu,2022,7,Jul,2022-07,2459.6,2459.6,2392.2,67.4,0.03,Balance d,7366,6268,9084,ESTIMATED_ MODEL
2756,C053,Tuberose,Flower,Tamil Nadu,2022,8,Aug,2022-08,2533.5,2533.5,2392.2,141.3,0.06,Balance d,7540,6330,8716,ESTIMATED_ MODEL
2757,C053,Tuberose,Flower,Tamil Nadu,2022,9,Sep,2022-09,2427.9,2427.9,2392.2,35.7,0.01,Balance d,7483,6119,8943,ESTIMATED_ MODEL
2758,C053,Tuberose,Flower,Tamil Nadu,2022,10,Oct,2022-10,2372.8,2372.8,2870.6,-497.9,-0.17,Shortag e,7654,6775,9288,ESTIMATED_ MODEL
2759,C053,Tuberose,Flower,Tamil Nadu,2022,11,Nov,2022-11,2449.3,2449.3,2392.2,57.1,0.02,Balance d,7542,6309,8534,ESTIMATED_ MODEL
2760,C053,Tuberose,Flower,Tamil Nadu,2022,12,Dec,2022-12,2367.3,2367.3,2392.2,-24.9,-0.01,Balance d,7656,6497,8680,ESTIMATED_ MODEL
2761,C054,Chrysanthemum,Flower,Tamil Nadu,2022,1,Jan,2022-01,1629.0,1629.0,1810.9,-181.9,-0.1,Shortag e,8616,7454,9677,ESTIMATED_ MODEL
2762,C054,Chrysanthemum,Flower,Tamil Nadu,2022,2,Feb,2022-02,1753.6,1753.6,1646.2,107.4,0.07,Balance d,8451,6915,10248,ESTIMATED_ MODEL
2763,C054,Chrysanthemum,Flower,Tamil Nadu,2022,3,Mar,2022-03,1642.0,1642.0,1646.2,-4.3,-0.0,Balance d,8381,7300,9279,ESTIMATED_ MODEL
2764,C054,Chrysanthemum,Flower,Tamil Nadu,2022,4,Apr,2022-04,1702.6,1702.6,1646.2,56.3,0.03,Balance d,8369,7285,9491,ESTIMATED_ MODEL
2765,C054,Chrysanthemum,Flower,Tamil Nadu,2022,5,May,2022-05,1687.3,1687.3,1646.2,41.0,0.02,Balance d,8578,7403,10192,ESTIMATED_ MODEL
2766,C054,Chrysanthemum,Flower,Tamil Nadu,2022,6,Jun,2022-06,1713.4,1713.4,1646.2,67.1,0.04,Balance d,8333,7069,9914,ESTIMATED_ MODEL
2767,C054,Chrysanthemum,Flower,Tamil Nadu,2022,7,Jul,2022-07,1774.0,1774.0,1646.2,127.7,0.08,Balance d,8347,7260,9725,ESTIMATED_ MODEL
2768,C054,Chrysanthemum,Flower,Tamil Nadu,2022,8,Aug,2022-08,1772.0,1772.0,1646.2,125.8,0.08,Balance d,8211,6745,9040,ESTIMATED_ MODEL
2769,C054,Chrysanthemum,Flower,Tamil Nadu,2022,9,Sep,2022-09,1687.2,1687.2,1646.2,41.0,0.02,Balance d,8327,7285,10152,ESTIMATED_ MODEL
2770,C054,Chrysanthemum,Flower,Tamil Nadu,2022,10,Oct,2022-10,1598.4,1598.4,2057.8,-459.3,-0.22,Shortag e,8592,7697,10098,ESTIMATED_ MODEL
2771,C054,Chrysanthemum,Flower,Tamil Nadu,2022,11,Nov,2022-11,1682.2,1682.2,1646.2,35.9,0.02,Balance d,8643,7526,10445,ESTIMATED_ MODEL
2772,C054,Chrysanthemum,Flower,Tamil Nadu,2022,12,Dec,2022-12,1718.8,1718.8,1646.2,72.5,0.04,Balance d,8193,6735,9023,ESTIMATED_ MODEL
2773,C055,Coconut,Plantatio n,Tamil Nadu,2022,1,Jan,2022-01,185649.7,305794.6,232134.8,73659.9,0.32,Surplus,5028,4056,6242,ESTIMATED_ MODEL
2774,C055,Coconut,Plantatio n,Tamil Nadu,2022,2,Feb,2022-02,195688.7,315248.1,211031.6,104216.4,0.49,Surplus,4937,3994,5647,ESTIMATED_ MODEL
2775,C055,Coconut,Plantatio n,Tamil Nadu,2022,3,Mar,2022-03,185524.8,305677.0,211031.6,94645.4,0.45,Surplus,4782,4197,5688,ESTIMATED_ MODEL
2776,C055,Coconut,Plantatio n,Tamil Nadu,2022,4,Apr,2022-04,196430.6,315946.7,211031.6,104915.1,0.5,Surplus,4829,4229,5397,ESTIMATED_ MODEL
2777,C055,Coconut,Plantatio n,Tamil Nadu,2022,5,May,2022-05,180797.4,301225.4,211031.6,90193.8,0.43,Surplus,4941,4302,5864,ESTIMATED_ MODEL
2778,C055,Coconut,Plantatio n,Tamil Nadu,2022,6,Jun,2022-06,181766.2,302137.7,211031.6,91106.1,0.43,Surplus,4956,4311,5601,ESTIMATED_ MODEL
2779,C055,Coconut,Plantatio n,Tamil Nadu,2022,7,Jul,2022-07,185568.8,305718.5,211031.6,94686.9,0.45,Surplus,4800,4077,5320,ESTIMATED_ MODEL
2780,C055,Coconut,Plantatio n,Tamil Nadu,2022,8,Aug,2022-08,187103.7,307163.9,211031.6,96132.2,0.46,Surplus,4957,4029,5972,ESTIMATED_ MODEL
2781,C055,Coconut,Plantatio n,Tamil Nadu,2022,9,Sep,2022-09,185746.5,305885.8,232134.8,73751.0,0.32,Surplus,4925,3953,6101,ESTIMATED_ MODEL
2782,C055,Coconut,Plantatio n,Tamil Nadu,2022,10,Oct,2022-10,195166.4,314756.3,232134.8,82621.5,0.36,Surplus,5003,4264,5675,ESTIMATED_ MODEL
2783,C055,Coconut,Plantatio n,Tamil Nadu,2022,11,Nov,2022-11,180031.3,300504.0,211031.6,89472.4,0.42,Surplus,4723,3950,5377,ESTIMATED_ MODEL
2784,C055,Coconut,Plantatio n,Tamil Nadu,2022,12,Dec,2022-12,185803.6,305939.6,211031.6,94907.9,0.45,Surplus,4823,4324,5721,ESTIMATED_ MODEL
2785,C056,Arecanut,Plantatio n,Tamil Nadu,2022,1,Jan,2022-01,828.6,1431.3,789.4,641.9,0.81,Surplus,37143,31107,44344,ESTIMATED_ MODEL
2786,C056,Arecanut,Plantatio n,Tamil Nadu,2022,2,Feb,2022-02,811.4,1415.3,789.4,625.9,0.79,Surplus,38014,31478,44990,ESTIMATED_ MODEL
2787,C056,Arecanut,Plantatio n,Tamil Nadu,2022,3,Mar,2022-03,848.5,1449.9,789.4,660.5,0.84,Surplus,37521,30521,45854,ESTIMATED_ MODEL
2788,C056,Arecanut,Plantatio n,Tamil Nadu,2022,4,Apr,2022-04,811.0,1415.0,789.4,625.5,0.79,Surplus,37541,33597,43207,ESTIMATED_ MODEL
2789,C056,Arecanut,Plantatio n,Tamil Nadu,2022,5,May,2022-05,849.8,1451.2,789.4,661.8,0.84,Surplus,35986,30611,40048,ESTIMATED_ MODEL
2790,C056,Arecanut,Plantatio n,Tamil Nadu,2022,6,Jun,2022-06,793.5,1398.6,789.4,609.2,0.77,Surplus,38595,31025,46817,ESTIMATED_ MODEL
2791,C056,Arecanut,Plantatio n,Tamil Nadu,2022,7,Jul,2022-07,777.6,1383.7,789.4,594.3,0.75,Surplus,37586,31454,41716,ESTIMATED_ MODEL
2792,C056,Arecanut,Plantatio n,Tamil Nadu,2022,8,Aug,2022-08,848.5,1450.0,789.4,660.5,0.84,Surplus,37300,32023,42602,ESTIMATED_ MODEL
2793,C056,Arecanut,Plantatio n,Tamil Nadu,2022,9,Sep,2022-09,822.4,1425.5,789.4,636.1,0.81,Surplus,38228,31745,44629,ESTIMATED_ MODEL
2794,C056,Arecanut,Plantatio n,Tamil Nadu,2022,10,Oct,2022-10,851.8,1453.0,789.4,663.6,0.84,Surplus,37077,30033,45969,ESTIMATED_ MODEL
2795,C056,Arecanut,Plantatio n,Tamil Nadu,2022,11,Nov,2022-11,856.6,1457.5,789.4,668.1,0.85,Surplus,36611,29585,42400,ESTIMATED_ MODEL
2796,C056,Arecanut,Plantatio n,Tamil Nadu,2022,12,Dec,2022-12,770.2,1376.9,789.4,587.5,0.74,Surplus,37832,32209,45557,ESTIMATED_ MODEL
2797,C057,Cashew,Plantatio n,Tamil Nadu,2022,1,Jan,2022-01,0.0,2035.2,3983.5,-1948.3,-0.49,Shortag e,12333,10312,14699,ESTIMATED_ MODEL
2798,C057,Cashew,Plantatio n,Tamil Nadu,2022,2,Feb,2022-02,6000.8,7635.9,3983.5,3652.4,0.92,Surplus,9493,7657,10750,ESTIMATED_ MODEL
2799,C057,Cashew,Plantatio n,Tamil Nadu,2022,3,Mar,2022-03,6396.0,8004.8,3983.5,4021.3,1.01,Surplus,9320,7747,10971,ESTIMATED_ MODEL
2800,C057,Cashew,Plantatio n,Tamil Nadu,2022,4,Apr,2022-04,5849.5,7494.7,3983.5,3511.2,0.88,Surplus,9848,8656,11803,ESTIMATED_ MODEL
2801,C057,Cashew,Plantatio n,Tamil Nadu,2022,5,May,2022-05,6422.8,8029.8,3983.5,4046.3,1.02,Surplus,9634,8104,11283,ESTIMATED_ MODEL
2802,C057,Cashew,Plantatio n,Tamil Nadu,2022,6,Jun,2022-06,5858.4,7503.0,3983.5,3519.5,0.88,Surplus,9727,8600,11035,ESTIMATED_ MODEL
2803,C057,Cashew,Plantatio n,Tamil Nadu,2022,7,Jul,2022-07,0.0,2035.2,3983.5,-1948.3,-0.49,Shortag e,11773,10185,13307,ESTIMATED_ MODEL
2804,C057,Cashew,Plantatio n,Tamil Nadu,2022,8,Aug,2022-08,0.0,2035.2,3983.5,-1948.3,-0.49,Shortag e,12371,10960,13751,ESTIMATED_ MODEL
2805,C057,Cashew,Plantatio n,Tamil Nadu,2022,9,Sep,2022-09,0.0,2035.2,3983.5,-1948.3,-0.49,Shortag e,11841,10059,14107,ESTIMATED_ MODEL
2806,C057,Cashew,Plantatio n,Tamil Nadu,2022,10,Oct,2022-10,0.0,2035.2,4581.0,-2545.8,-0.56,Shortag e,12067,10519,14351,ESTIMATED_ MODEL
2807,C057,Cashew,Plantatio n,Tamil Nadu,2022,11,Nov,2022-11,0.0,2035.2,4381.8,-2346.7,-0.54,Shortag e,12067,9684,14632,ESTIMATED_ MODEL
2808,C057,Cashew,Plantatio n,Tamil Nadu,2022,12,Dec,2022-12,0.0,2035.2,4381.8,-2346.7,-0.54,Shortag e,11993,10595,13948,ESTIMATED_ MODEL
2809,C058,Coffee,Plantatio n,Tamil Nadu,2022,1,Jan,2022-01,2599.8,3432.3,1206.9,2225.4,1.84,Surplus,19253,17144,21751,ESTIMATED_ MODEL
2810,C058,Coffee,Plantatio n,Tamil Nadu,2022,2,Feb,2022-02,2597.0,3429.7,1206.9,2222.8,1.84,Surplus,18991,15231,22663,ESTIMATED_ MODEL
2811,C058,Coffee,Plantatio n,Tamil Nadu,2022,3,Mar,2022-03,2450.1,3292.6,1206.9,2085.7,1.73,Surplus,19995,16618,22954,ESTIMATED_ MODEL
2812,C058,Coffee,Plantatio n,Tamil Nadu,2022,4,Apr,2022-04,2401.5,3247.2,1206.9,2040.3,1.69,Surplus,19486,16914,21605,ESTIMATED_ MODEL
2813,C058,Coffee,Plantatio n,Tamil Nadu,2022,5,May,2022-05,0.0,1005.8,1206.9,-201.1,-0.17,Shortag e,27655,22739,34567,ESTIMATED_ MODEL
2814,C058,Coffee,Plantatio n,Tamil Nadu,2022,6,Jun,2022-06,0.0,1005.8,1206.9,-201.1,-0.17,Shortag e,26458,23208,29991,ESTIMATED_ MODEL
2815,C058,Coffee,Plantatio n,Tamil Nadu,2022,7,Jul,2022-07,0.0,1005.8,1206.9,-201.1,-0.17,Shortag e,26315,23355,32337,ESTIMATED_ MODEL
2816,C058,Coffee,Plantatio n,Tamil Nadu,2022,8,Aug,2022-08,0.0,1005.8,1206.9,-201.1,-0.17,Shortag e,26825,23344,31749,ESTIMATED_ MODEL
2817,C058,Coffee,Plantatio n,Tamil Nadu,2022,9,Sep,2022-09,0.0,1005.8,1206.9,-201.1,-0.17,Shortag e,27535,22895,32451,ESTIMATED_ MODEL
2818,C058,Coffee,Plantatio n,Tamil Nadu,2022,10,Oct,2022-10,0.0,1005.8,1206.9,-201.1,-0.17,Shortag e,26954,22517,33254,ESTIMATED_ MODEL
2819,C058,Coffee,Plantatio n,Tamil Nadu,2022,11,Nov,2022-11,2570.6,3405.1,1206.9,2198.2,1.82,Surplus,19212,15657,22796,ESTIMATED_ MODEL
2820,C058,Coffee,Plantatio n,Tamil Nadu,2022,12,Dec,2022-12,2468.5,3309.7,1206.9,2102.8,1.74,Surplus,19988,16379,23159,ESTIMATED_ MODEL
2821,C059,Tea,Plantatio n,Tamil Nadu,2022,1,Jan,2022-01,58975.9,64647.6,53100.6,11547.0,0.22,Surplus,1796,1475,1985,ESTIMATED_ MODEL
2822,C059,Tea,Plantatio n,Tamil Nadu,2022,2,Feb,2022-02,62054.3,67700.3,53100.6,14599.7,0.27,Surplus,1750,1553,2104,ESTIMATED_ MODEL
2823,C059,Tea,Plantatio n,Tamil Nadu,2022,3,Mar,2022-03,62578.2,68219.9,53100.6,15119.3,0.28,Surplus,1817,1565,2231,ESTIMATED_ MODEL
2824,C059,Tea,Plantatio n,Tamil Nadu,2022,4,Apr,2022-04,60446.8,66106.2,53100.6,13005.6,0.24,Surplus,1808,1604,2087,ESTIMATED_ MODEL
2825,C059,Tea,Plantatio n,Tamil Nadu,2022,5,May,2022-05,64018.9,69648.6,53100.6,16548.0,0.31,Surplus,1840,1600,2095,ESTIMATED_ MODEL
2826,C059,Tea,Plantatio n,Tamil Nadu,2022,6,Jun,2022-06,62552.8,68194.6,53100.6,15094.1,0.28,Surplus,1807,1541,2025,ESTIMATED_ MODEL
2827,C059,Tea,Plantatio n,Tamil Nadu,2022,7,Jul,2022-07,60518.3,66177.1,53100.6,13076.5,0.25,Surplus,1820,1513,2017,ESTIMATED_ MODEL
2828,C059,Tea,Plantatio n,Tamil Nadu,2022,8,Aug,2022-08,61331.5,66983.5,53100.6,13882.9,0.26,Surplus,1856,1604,2286,ESTIMATED_ MODEL
2829,C059,Tea,Plantatio n,Tamil Nadu,2022,9,Sep,2022-09,62231.3,67875.8,53100.6,14775.3,0.28,Surplus,1821,1522,2143,ESTIMATED_ MODEL
2830,C059,Tea,Plantatio n,Tamil Nadu,2022,10,Oct,2022-10,61498.3,67148.9,53100.6,14048.4,0.26,Surplus,1825,1635,2077,ESTIMATED_ MODEL
2831,C059,Tea,Plantatio n,Tamil Nadu,2022,11,Nov,2022-11,63589.5,69222.7,53100.6,16122.2,0.3,Surplus,1836,1639,2205,ESTIMATED_ MODEL
2832,C059,Tea,Plantatio n,Tamil Nadu,2022,12,Dec,2022-12,59780.8,65445.8,53100.6,12345.2,0.23,Surplus,1863,1564,2315,ESTIMATED_ MODEL
2833,C001,Rice/Paddy,Cereal,Tamil Nadu,2023,1,Jan,2023-01,3444069.0,3972476.2,1006909.5,2965566.7,2.95,Surplus,1667,1428,1872,ESTIMATED_ MODEL
2834,C001,Rice/Paddy,Cereal,Tamil Nadu,2023,2,Feb,2023-02,3822295.5,4323911.6,915372.3,3408539.4,3.72,Surplus,1669,1474,1839,ESTIMATED_ MODEL
2835,C001,Rice/Paddy,Cereal,Tamil Nadu,2023,3,Mar,2023-03,0.0,772362.0,915372.3,-143010.2,-0.16,Shortag e,2252,1802,2618,ESTIMATED_ MODEL
2836,C001,Rice/Paddy,Cereal,Tamil Nadu,2023,4,Apr,2023-04,0.0,772362.0,915372.3,-143010.2,-0.16,Shortag e,2313,2035,2873,ESTIMATED_ MODEL
2837,C001,Rice/Paddy,Cereal,Tamil Nadu,2023,5,May,2023-05,0.0,772362.0,915372.3,-143010.2,-0.16,Shortag e,2297,1896,2846,ESTIMATED_ MODEL
2838,C001,Rice/Paddy,Cereal,Tamil Nadu,2023,6,Jun,2023-06,0.0,772362.0,915372.3,-143010.2,-0.16,Shortag e,2320,1989,2794,ESTIMATED_ MODEL
2839,C001,Rice/Paddy,Cereal,Tamil Nadu,2023,7,Jul,2023-07,0.0,772362.0,915372.3,-143010.2,-0.16,Shortag e,2340,2038,2703,ESTIMATED_ MODEL
2840,C001,Rice/Paddy,Cereal,Tamil Nadu,2023,8,Aug,2023-08,0.0,772362.0,915372.3,-143010.2,-0.16,Shortag e,2311,1858,2676,ESTIMATED_ MODEL
2841,C001,Rice/Paddy,Cereal,Tamil Nadu,2023,9,Sep,2023-09,0.0,772362.0,915372.3,-143010.2,-0.16,Shortag e,2270,1854,2505,ESTIMATED_ MODEL
2842,C001,Rice/Paddy,Cereal,Tamil Nadu,2023,10,Oct,2023-10,0.0,772362.0,961140.9,-188778.8,-0.2,Shortag e,2247,1945,2742,ESTIMATED_ MODEL
2843,C001,Rice/Paddy,Cereal,Tamil Nadu,2023,11,Nov,2023-11,0.0,772362.0,915372.3,-143010.2,-0.16,Shortag e,2348,1960,2794,ESTIMATED_ MODEL
2844,C001,Rice/Paddy,Cereal,Tamil Nadu,2023,12,Dec,2023-12,3637570.1,4152271.0,915372.3,3236898.7,3.54,Surplus,1731,1414,2091,ESTIMATED_ MODEL
2845,C002,Maize,Cereal,Tamil Nadu,2023,1,Jan,2023-01,271228.9,369701.1,215449.7,154251.4,0.72,Surplus,1908,1578,2360,ESTIMATED_ MODEL
2846,C002,Maize,Cereal,Tamil Nadu,2023,2,Feb,2023-02,297668.6,394818.7,215449.7,179369.1,0.83,Surplus,1850,1488,2119,ESTIMATED_ MODEL
2847,C002,Maize,Cereal,Tamil Nadu,2023,3,Mar,2023-03,296020.3,393252.9,215449.7,177803.2,0.83,Surplus,1873,1575,2138,ESTIMATED_ MODEL
2848,C002,Maize,Cereal,Tamil Nadu,2023,4,Apr,2023-04,269326.3,367893.6,215449.7,152444.0,0.71,Surplus,1860,1640,2324,ESTIMATED_ MODEL
2849,C002,Maize,Cereal,Tamil Nadu,2023,5,May,2023-05,0.0,112033.6,215449.7,-103416.1,-0.48,Shortag e,2265,1899,2702,ESTIMATED_ MODEL
2850,C002,Maize,Cereal,Tamil Nadu,2023,6,Jun,2023-06,0.0,112033.6,215449.7,-103416.1,-0.48,Shortag e,2315,1943,2861,ESTIMATED_ MODEL
2851,C002,Maize,Cereal,Tamil Nadu,2023,7,Jul,2023-07,0.0,112033.6,215449.7,-103416.1,-0.48,Shortag e,2295,1939,2747,ESTIMATED_ MODEL
2852,C002,Maize,Cereal,Tamil Nadu,2023,8,Aug,2023-08,271301.1,369769.7,215449.7,154320.0,0.72,Surplus,1962,1726,2170,ESTIMATED_ MODEL
2853,C002,Maize,Cereal,Tamil Nadu,2023,9,Sep,2023-09,269864.7,368405.0,215449.7,152955.4,0.71,Surplus,1885,1596,2162,ESTIMATED_ MODEL
2854,C002,Maize,Cereal,Tamil Nadu,2023,10,Oct,2023-10,279643.1,377694.5,215449.7,162244.9,0.75,Surplus,1918,1693,2320,ESTIMATED_ MODEL
2855,C002,Maize,Cereal,Tamil Nadu,2023,11,Nov,2023-11,285618.8,383371.5,215449.7,167921.8,0.78,Surplus,1947,1610,2397,ESTIMATED_ MODEL
2856,C002,Maize,Cereal,Tamil Nadu,2023,12,Dec,2023-12,0.0,112033.6,215449.7,-103416.1,-0.48,Shortag e,2321,1941,2809,ESTIMATED_ MODEL
2857,C003,Sorghum/Cholam,Millet,Tamil Nadu,2023,1,Jan,2023-01,67008.6,84341.2,27907.6,56433.7,2.02,Surplus,2273,1826,2649,ESTIMATED_ MODEL
2858,C003,Sorghum/Cholam,Millet,Tamil Nadu,2023,2,Feb,2023-02,65011.4,82477.2,26578.7,55898.5,2.1,Surplus,2340,2077,2900,ESTIMATED_ MODEL
2859,C003,Sorghum/Cholam,Millet,Tamil Nadu,2023,3,Mar,2023-03,63146.0,80736.1,26578.7,54157.5,2.04,Surplus,2333,2042,2720,ESTIMATED_ MODEL
2860,C003,Sorghum/Cholam,Millet,Tamil Nadu,2023,4,Apr,2023-04,0.0,21799.8,26578.7,-4778.8,-0.18,Shortag e,3233,2653,3736,ESTIMATED_ MODEL
2861,C003,Sorghum/Cholam,Millet,Tamil Nadu,2023,5,May,2023-05,0.0,21799.8,26578.7,-4778.8,-0.18,Shortag e,3212,2576,3882,ESTIMATED_ MODEL
2862,C003,Sorghum/Cholam,Millet,Tamil Nadu,2023,6,Jun,2023-06,0.0,21799.8,26578.7,-4778.8,-0.18,Shortag e,3250,2729,3793,ESTIMATED_ MODEL
2863,C003,Sorghum/Cholam,Millet,Tamil Nadu,2023,7,Jul,2023-07,0.0,21799.8,26578.7,-4778.8,-0.18,Shortag e,3253,2854,3719,ESTIMATED_ MODEL
2864,C003,Sorghum/Cholam,Millet,Tamil Nadu,2023,8,Aug,2023-08,0.0,21799.8,26578.7,-4778.8,-0.18,Shortag e,3154,2738,3736,ESTIMATED_ MODEL
2865,C003,Sorghum/Cholam,Millet,Tamil Nadu,2023,9,Sep,2023-09,65970.8,83372.5,26578.7,56793.9,2.14,Surplus,2265,1882,2797,ESTIMATED_ MODEL
2866,C003,Sorghum/Cholam,Millet,Tamil Nadu,2023,10,Oct,2023-10,65860.7,83269.9,26578.7,56691.2,2.13,Surplus,2363,2123,2871,ESTIMATED_ MODEL
2867,C003,Sorghum/Cholam,Millet,Tamil Nadu,2023,11,Nov,2023-11,0.0,21799.8,26578.7,-4778.8,-0.18,Shortag e,3270,2686,3975,ESTIMATED_ MODEL
2868,C003,Sorghum/Cholam,Millet,Tamil Nadu,2023,12,Dec,2023-12,0.0,21799.8,26578.7,-4778.8,-0.18,Shortag e,3098,2686,3626,ESTIMATED_ MODEL
2869,C004,Pearl Millet/Kambu,Millet,Tamil Nadu,2023,1,Jan,2023-01,31448.6,39450.1,12369.1,27081.0,2.19,Surplus,1878,1659,2153,ESTIMATED_ MODEL
2870,C004,Pearl Millet/Kambu,Millet,Tamil Nadu,2023,2,Feb,2023-02,31419.1,39422.7,12369.1,27053.6,2.19,Surplus,1958,1602,2349,ESTIMATED_ MODEL
2871,C004,Pearl Millet/Kambu,Millet,Tamil Nadu,2023,3,Mar,2023-03,28410.3,36614.4,12369.1,24245.3,1.96,Surplus,1917,1582,2202,ESTIMATED_ MODEL
2872,C004,Pearl Millet/Kambu,Millet,Tamil Nadu,2023,4,Apr,2023-04,0.0,10098.1,12369.1,-2271.0,-0.18,Shortag e,2642,2314,3036,ESTIMATED_ MODEL
2873,C004,Pearl Millet/Kambu,Millet,Tamil Nadu,2023,5,May,2023-05,0.0,10098.1,12369.1,-2271.0,-0.18,Shortag e,2596,2093,2937,ESTIMATED_ MODEL
2874,C004,Pearl Millet/Kambu,Millet,Tamil Nadu,2023,6,Jun,2023-06,0.0,10098.1,12369.1,-2271.0,-0.18,Shortag e,2589,2093,3175,ESTIMATED_ MODEL
2875,C004,Pearl Millet/Kambu,Millet,Tamil Nadu,2023,7,Jul,2023-07,0.0,10098.1,12369.1,-2271.0,-0.18,Shortag e,2624,2347,3159,ESTIMATED_ MODEL
2876,C004,Pearl Millet/Kambu,Millet,Tamil Nadu,2023,8,Aug,2023-08,0.0,10098.1,12369.1,-2271.0,-0.18,Shortag e,2658,2273,3163,ESTIMATED_ MODEL
2877,C004,Pearl Millet/Kambu,Millet,Tamil Nadu,2023,9,Sep,2023-09,30533.9,38596.5,12369.1,26227.4,2.12,Surplus,1963,1697,2169,ESTIMATED_ MODEL
2878,C004,Pearl Millet/Kambu,Millet,Tamil Nadu,2023,10,Oct,2023-10,29659.9,37780.7,12369.1,25411.6,2.05,Surplus,1925,1714,2347,ESTIMATED_ MODEL
2879,C004,Pearl Millet/Kambu,Millet,Tamil Nadu,2023,11,Nov,2023-11,0.0,10098.1,12369.1,-2271.0,-0.18,Shortag e,2604,2258,3251,ESTIMATED_ MODEL
2880,C004,Pearl Millet/Kambu,Millet,Tamil Nadu,2023,12,Dec,2023-12,0.0,10098.1,12369.1,-2271.0,-0.18,Shortag e,2529,2192,2889,ESTIMATED_ MODEL
2881,C005,Ragi,Millet,Tamil Nadu,2023,1,Jan,2023-01,50432.9,66581.5,24521.5,42060.0,1.72,Surplus,3137,2612,3680,ESTIMATED_ MODEL
2882,C005,Ragi,Millet,Tamil Nadu,2023,2,Feb,2023-02,47719.3,64048.9,24521.5,39527.3,1.61,Surplus,3196,2630,3703,ESTIMATED_ MODEL
2883,C005,Ragi,Millet,Tamil Nadu,2023,3,Mar,2023-03,48037.7,64346.0,24521.5,39824.5,1.62,Surplus,3107,2720,3838,ESTIMATED_ MODEL
2884,C005,Ragi,Millet,Tamil Nadu,2023,4,Apr,2023-04,0.0,19510.8,24521.5,-5010.7,-0.2,Shortag e,4300,3774,4877,ESTIMATED_ MODEL
2885,C005,Ragi,Millet,Tamil Nadu,2023,5,May,2023-05,0.0,19510.8,24521.5,-5010.7,-0.2,Shortag e,4082,3422,4577,ESTIMATED_ MODEL
2886,C005,Ragi,Millet,Tamil Nadu,2023,6,Jun,2023-06,0.0,19510.8,24521.5,-5010.7,-0.2,Shortag e,4250,3681,4703,ESTIMATED_ MODEL
2887,C005,Ragi,Millet,Tamil Nadu,2023,7,Jul,2023-07,0.0,19510.8,24521.5,-5010.7,-0.2,Shortag e,4281,3531,4986,ESTIMATED_ MODEL
2888,C005,Ragi,Millet,Tamil Nadu,2023,8,Aug,2023-08,0.0,19510.8,24521.5,-5010.7,-0.2,Shortag e,4239,3574,4944,ESTIMATED_ MODEL
2889,C005,Ragi,Millet,Tamil Nadu,2023,9,Sep,2023-09,50516.6,66659.6,24521.5,42138.1,1.72,Surplus,2949,2477,3582,ESTIMATED_ MODEL
2890,C005,Ragi,Millet,Tamil Nadu,2023,10,Oct,2023-10,47568.6,63908.2,24521.5,39386.7,1.61,Surplus,3193,2687,3716,ESTIMATED_ MODEL
2891,C005,Ragi,Millet,Tamil Nadu,2023,11,Nov,2023-11,0.0,19510.8,24521.5,-5010.7,-0.2,Shortag e,4248,3799,4843,ESTIMATED_ MODEL
2892,C005,Ragi,Millet,Tamil Nadu,2023,12,Dec,2023-12,48386.9,64671.9,24521.5,40150.4,1.64,Surplus,3058,2690,3644,ESTIMATED_ MODEL
2893,C006,Green Gram,Pulse,Tamil Nadu,2023,1,Jan,2023-01,6847.9,9240.3,7639.9,1600.4,0.21,Surplus,7228,5949,8898,ESTIMATED_ MODEL
2894,C006,Green Gram,Pulse,Tamil Nadu,2023,2,Feb,2023-02,0.0,2877.5,6643.4,-3765.9,-0.57,Shortag e,8059,6791,9092,ESTIMATED_ MODEL
2895,C006,Green Gram,Pulse,Tamil Nadu,2023,3,Mar,2023-03,6491.0,8908.7,6643.4,2265.3,0.34,Surplus,7303,6188,8418,ESTIMATED_ MODEL
2896,C006,Green Gram,Pulse,Tamil Nadu,2023,4,Apr,2023-04,6752.8,9152.0,6643.4,2508.6,0.38,Surplus,7074,6262,8369,ESTIMATED_ MODEL
2897,C006,Green Gram,Pulse,Tamil Nadu,2023,5,May,2023-05,0.0,2877.5,6643.4,-3765.9,-0.57,Shortag e,8308,7391,10262,ESTIMATED_ MODEL
2898,C006,Green Gram,Pulse,Tamil Nadu,2023,6,Jun,2023-06,0.0,2877.5,6643.4,-3765.9,-0.57,Shortag e,8131,7279,8974,ESTIMATED_ MODEL
2899,C006,Green Gram,Pulse,Tamil Nadu,2023,7,Jul,2023-07,0.0,2877.5,6643.4,-3765.9,-0.57,Shortag e,8153,7253,9304,ESTIMATED_ MODEL
2900,C006,Green Gram,Pulse,Tamil Nadu,2023,8,Aug,2023-08,0.0,2877.5,6643.4,-3765.9,-0.57,Shortag e,8106,6730,9661,ESTIMATED_ MODEL
2901,C006,Green Gram,Pulse,Tamil Nadu,2023,9,Sep,2023-09,6768.1,9166.2,6643.4,2522.8,0.38,Surplus,7107,6202,8771,ESTIMATED_ MODEL
2902,C006,Green Gram,Pulse,Tamil Nadu,2023,10,Oct,2023-10,7049.0,9427.2,6643.4,2783.8,0.42,Surplus,7169,5882,8889,ESTIMATED_ MODEL
2903,C006,Green Gram,Pulse,Tamil Nadu,2023,11,Nov,2023-11,0.0,2877.5,6643.4,-3765.9,-0.57,Shortag e,8102,6603,9022,ESTIMATED_ MODEL
2904,C006,Green Gram,Pulse,Tamil Nadu,2023,12,Dec,2023-12,6714.2,9116.1,6643.4,2472.7,0.37,Surplus,7172,5819,8038,ESTIMATED_ MODEL
2905,C007,Black Gram,Pulse,Tamil Nadu,2023,1,Jan,2023-01,20992.3,30274.3,35610.8,-5336.5,-0.15,Shortag e,7127,6329,8053,ESTIMATED_ MODEL
2906,C007,Black Gram,Pulse,Tamil Nadu,2023,2,Feb,2023-02,0.0,10768.9,30965.9,-20197.0,-0.65,Shortag e,8072,6734,9413,ESTIMATED_ MODEL
2907,C007,Black Gram,Pulse,Tamil Nadu,2023,3,Mar,2023-03,21826.8,31049.6,30965.9,83.7,0.0,Balance d,7264,6238,8337,ESTIMATED_ MODEL
2908,C007,Black Gram,Pulse,Tamil Nadu,2023,4,Apr,2023-04,22376.5,31560.4,30965.9,594.5,0.02,Balance d,7180,6269,7944,ESTIMATED_ MODEL
2909,C007,Black Gram,Pulse,Tamil Nadu,2023,5,May,2023-05,22233.2,31427.3,30965.9,461.4,0.01,Balance d,6951,5879,7784,ESTIMATED_ MODEL
2910,C007,Black Gram,Pulse,Tamil Nadu,2023,6,Jun,2023-06,0.0,10768.9,30965.9,-20197.0,-0.65,Shortag e,7951,6531,9262,ESTIMATED_ MODEL
2911,C007,Black Gram,Pulse,Tamil Nadu,2023,7,Jul,2023-07,0.0,10768.9,30965.9,-20197.0,-0.65,Shortag e,7750,6625,8659,ESTIMATED_ MODEL
2912,C007,Black Gram,Pulse,Tamil Nadu,2023,8,Aug,2023-08,0.0,10768.9,30965.9,-20197.0,-0.65,Shortag e,7674,6179,9540,ESTIMATED_ MODEL
2913,C007,Black Gram,Pulse,Tamil Nadu,2023,9,Sep,2023-09,20942.7,30228.2,30965.9,-737.7,-0.02,Balance d,7049,6139,7826,ESTIMATED_ MODEL
2914,C007,Black Gram,Pulse,Tamil Nadu,2023,10,Oct,2023-10,20898.3,30186.9,30965.9,-779.0,-0.03,Balance d,7036,5987,8230,ESTIMATED_ MODEL
2915,C007,Black Gram,Pulse,Tamil Nadu,2023,11,Nov,2023-11,0.0,10768.9,30965.9,-20197.0,-0.65,Shortag e,8074,7222,9826,ESTIMATED_ MODEL
2916,C007,Black Gram,Pulse,Tamil Nadu,2023,12,Dec,2023-12,22762.1,31918.7,30965.9,952.8,0.03,Balance d,7188,6078,8291,ESTIMATED_ MODEL
2917,C008,Red Gram/Pigeon Pea,Pulse,Tamil Nadu,2023,1,Jan,2023-01,17478.5,21053.1,22675.1,-1622.0,-0.07,Balance d,7547,6274,8803,ESTIMATED_ MODEL
2918,C008,Red Gram/Pigeon Pea,Pulse,Tamil Nadu,2023,2,Feb,2023-02,17429.1,21007.2,22675.1,-1667.9,-0.07,Balance d,7187,6351,7935,ESTIMATED_ MODEL
2919,C008,Red Gram/Pigeon Pea,Pulse,Tamil Nadu,2023,3,Mar,2023-03,16709.8,20338.9,22675.1,-2336.2,-0.1,Shortag e,7533,6132,9288,ESTIMATED_ MODEL
2920,C008,Red Gram/Pigeon Pea,Pulse,Tamil Nadu,2023,4,Apr,2023-04,0.0,4812.7,22675.1,-17862.4,-0.79,Shortag e,8234,6723,9757,ESTIMATED_ MODEL
2921,C008,Red Gram/Pigeon Pea,Pulse,Tamil Nadu,2023,5,May,2023-05,0.0,4812.7,22675.1,-17862.4,-0.79,Shortag e,8052,6585,9895,ESTIMATED_ MODEL
2922,C008,Red Gram/Pigeon Pea,Pulse,Tamil Nadu,2023,6,Jun,2023-06,0.0,4812.7,22675.1,-17862.4,-0.79,Shortag e,8092,6796,9107,ESTIMATED_ MODEL
2923,C008,Red Gram/Pigeon Pea,Pulse,Tamil Nadu,2023,7,Jul,2023-07,0.0,4812.7,22675.1,-17862.4,-0.79,Shortag e,8083,7171,9332,ESTIMATED_ MODEL
2924,C008,Red Gram/Pigeon Pea,Pulse,Tamil Nadu,2023,8,Aug,2023-08,0.0,4812.7,22675.1,-17862.4,-0.79,Shortag e,8331,7453,9346,ESTIMATED_ MODEL
2925,C008,Red Gram/Pigeon Pea,Pulse,Tamil Nadu,2023,9,Sep,2023-09,0.0,4812.7,22675.1,-17862.4,-0.79,Shortag e,7993,7084,9264,ESTIMATED_ MODEL
2926,C008,Red Gram/Pigeon Pea,Pulse,Tamil Nadu,2023,10,Oct,2023-10,0.0,4812.7,22675.1,-17862.4,-0.79,Shortag e,7918,6551,9419,ESTIMATED_ MODEL
2927,C008,Red Gram/Pigeon Pea,Pulse,Tamil Nadu,2023,11,Nov,2023-11,0.0,4812.7,22675.1,-17862.4,-0.79,Shortag e,8265,6722,9228,ESTIMATED_ MODEL
2928,C008,Red Gram/Pigeon Pea,Pulse,Tamil Nadu,2023,12,Dec,2023-12,16326.1,19982.3,22675.1,-2692.7,-0.12,Shortag e,7588,6641,9019,ESTIMATED_ MODEL
2929,C009,Bengal Gram/Chickpea,Pulse,Tamil Nadu,2023,1,Jan,2023-01,983.5,1125.1,1954.1,-829.0,-0.42,Shortag e,5897,5148,6858,ESTIMATED_ MODEL
2930,C009,Bengal Gram/Chickpea,Pulse,Tamil Nadu,2023,2,Feb,2023-02,1022.7,1161.5,1954.1,-792.6,-0.41,Shortag e,6130,5118,7591,ESTIMATED_ MODEL
2931,C009,Bengal Gram/Chickpea,Pulse,Tamil Nadu,2023,3,Mar,2023-03,976.7,1118.8,1954.1,-835.3,-0.43,Shortag e,6132,5054,7480,ESTIMATED_ MODEL
2932,C009,Bengal Gram/Chickpea,Pulse,Tamil Nadu,2023,4,Apr,2023-04,0.0,211.3,1954.1,-1742.8,-0.89,Shortag e,6356,5668,7420,ESTIMATED_ MODEL
2933,C009,Bengal Gram/Chickpea,Pulse,Tamil Nadu,2023,5,May,2023-05,0.0,211.3,1954.1,-1742.8,-0.89,Shortag e,6461,5470,7328,ESTIMATED_ MODEL
2934,C009,Bengal Gram/Chickpea,Pulse,Tamil Nadu,2023,6,Jun,2023-06,0.0,211.3,1954.1,-1742.8,-0.89,Shortag e,6277,5288,7616,ESTIMATED_ MODEL
2935,C009,Bengal Gram/Chickpea,Pulse,Tamil Nadu,2023,7,Jul,2023-07,0.0,211.3,1954.1,-1742.8,-0.89,Shortag e,6414,5572,7327,ESTIMATED_ MODEL
2936,C009,Bengal Gram/Chickpea,Pulse,Tamil Nadu,2023,8,Aug,2023-08,0.0,211.3,1954.1,-1742.8,-0.89,Shortag e,6372,5126,7791,ESTIMATED_ MODEL
2937,C009,Bengal Gram/Chickpea,Pulse,Tamil Nadu,2023,9,Sep,2023-09,0.0,211.3,1954.1,-1742.8,-0.89,Shortag e,6544,5501,7209,ESTIMATED_ MODEL
2938,C009,Bengal Gram/Chickpea,Pulse,Tamil Nadu,2023,10,Oct,2023-10,0.0,211.3,2344.9,-2133.6,-0.91,Shortag e,6282,5435,7487,ESTIMATED_ MODEL
2939,C009,Bengal Gram/Chickpea,Pulse,Tamil Nadu,2023,11,Nov,2023-11,0.0,211.3,1954.1,-1742.8,-0.89,Shortag e,6475,5345,7865,ESTIMATED_ MODEL
2940,C009,Bengal Gram/Chickpea,Pulse,Tamil Nadu,2023,12,Dec,2023-12,0.0,211.3,1954.1,-1742.8,-0.89,Shortag e,6442,5361,7613,ESTIMATED_ MODEL
2941,C010,Groundnut,Oilseed,Tamil Nadu,2023,1,Jan,2023-01,122015.0,171596.3,66983.7,104612.7,1.56,Surplus,4830,4056,5399,ESTIMATED_ MODEL
2942,C010,Groundnut,Oilseed,Tamil Nadu,2023,2,Feb,2023-02,128326.9,177487.4,66983.7,110503.8,1.65,Surplus,4713,3804,5254,ESTIMATED_ MODEL
2943,C010,Groundnut,Oilseed,Tamil Nadu,2023,3,Mar,2023-03,0.0,57715.7,66983.7,-9268.0,-0.14,Shortag e,6404,5318,7933,ESTIMATED_ MODEL
2944,C010,Groundnut,Oilseed,Tamil Nadu,2023,4,Apr,2023-04,121553.0,171165.1,66983.7,104181.5,1.56,Surplus,4787,4192,5646,ESTIMATED_ MODEL
2945,C010,Groundnut,Oilseed,Tamil Nadu,2023,5,May,2023-05,127713.8,176915.3,66983.7,109931.6,1.64,Surplus,4830,3989,5995,ESTIMATED_ MODEL
2946,C010,Groundnut,Oilseed,Tamil Nadu,2023,6,Jun,2023-06,0.0,57715.7,66983.7,-9268.0,-0.14,Shortag e,6447,5693,7444,ESTIMATED_ MODEL
2947,C010,Groundnut,Oilseed,Tamil Nadu,2023,7,Jul,2023-07,0.0,57715.7,66983.7,-9268.0,-0.14,Shortag e,6284,5451,6920,ESTIMATED_ MODEL
2948,C010,Groundnut,Oilseed,Tamil Nadu,2023,8,Aug,2023-08,0.0,57715.7,66983.7,-9268.0,-0.14,Shortag e,6426,5265,7673,ESTIMATED_ MODEL
2949,C010,Groundnut,Oilseed,Tamil Nadu,2023,9,Sep,2023-09,0.0,57715.7,66983.7,-9268.0,-0.14,Shortag e,6617,5601,8090,ESTIMATED_ MODEL
2950,C010,Groundnut,Oilseed,Tamil Nadu,2023,10,Oct,2023-10,124042.5,173488.7,66983.7,106505.0,1.59,Surplus,4804,4081,5955,ESTIMATED_ MODEL
2951,C010,Groundnut,Oilseed,Tamil Nadu,2023,11,Nov,2023-11,118176.2,168013.5,66983.7,101029.8,1.51,Surplus,5026,4415,5752,ESTIMATED_ MODEL
2952,C010,Groundnut,Oilseed,Tamil Nadu,2023,12,Dec,2023-12,123907.8,173363.0,66983.7,106379.3,1.59,Surplus,4820,3963,5623,ESTIMATED_ MODEL
2953,C011,Sesame/Gingelly,Oilseed,Tamil Nadu,2023,1,Jan,2023-01,3715.3,5144.2,3202.8,1941.4,0.61,Surplus,8114,6815,10126,ESTIMATED_ MODEL
2954,C011,Sesame/Gingelly,Oilseed,Tamil Nadu,2023,2,Feb,2023-02,0.0,1676.5,2669.0,-992.4,-0.37,Shortag e,9508,8009,10897,ESTIMATED_ MODEL
2955,C011,Sesame/Gingelly,Oilseed,Tamil Nadu,2023,3,Mar,2023-03,3742.9,5169.9,2669.0,2501.0,0.94,Surplus,8143,7222,9248,ESTIMATED_ MODEL
2956,C011,Sesame/Gingelly,Oilseed,Tamil Nadu,2023,4,Apr,2023-04,3536.5,4977.3,2669.0,2308.3,0.86,Surplus,7787,6718,8959,ESTIMATED_ MODEL
2957,C011,Sesame/Gingelly,Oilseed,Tamil Nadu,2023,5,May,2023-05,3366.3,4818.4,2669.0,2149.5,0.81,Surplus,8196,6583,9180,ESTIMATED_ MODEL
2958,C011,Sesame/Gingelly,Oilseed,Tamil Nadu,2023,6,Jun,2023-06,0.0,1676.5,2669.0,-992.4,-0.37,Shortag e,9832,8074,12079,ESTIMATED_ MODEL
2959,C011,Sesame/Gingelly,Oilseed,Tamil Nadu,2023,7,Jul,2023-07,0.0,1676.5,2669.0,-992.4,-0.37,Shortag e,9484,7792,11854,ESTIMATED_ MODEL
2960,C011,Sesame/Gingelly,Oilseed,Tamil Nadu,2023,8,Aug,2023-08,0.0,1676.5,2669.0,-992.4,-0.37,Shortag e,9691,8434,10926,ESTIMATED_ MODEL
2961,C011,Sesame/Gingelly,Oilseed,Tamil Nadu,2023,9,Sep,2023-09,3728.2,5156.2,2669.0,2487.3,0.93,Surplus,7987,6970,9163,ESTIMATED_ MODEL
2962,C011,Sesame/Gingelly,Oilseed,Tamil Nadu,2023,10,Oct,2023-10,3433.5,4881.1,2669.0,2212.1,0.83,Surplus,8251,7098,9557,ESTIMATED_ MODEL
2963,C011,Sesame/Gingelly,Oilseed,Tamil Nadu,2023,11,Nov,2023-11,0.0,1676.5,2669.0,-992.4,-0.37,Shortag e,9760,8371,10979,ESTIMATED_ MODEL
2964,C011,Sesame/Gingelly,Oilseed,Tamil Nadu,2023,12,Dec,2023-12,3625.4,5060.2,2669.0,2391.3,0.9,Surplus,7922,6610,9191,ESTIMATED_ MODEL
2965,C012,Sunflower,Oilseed,Tamil Nadu,2023,1,Jan,2023-01,2121.6,2981.1,3664.8,-683.8,-0.19,Shortag e,6603,5546,7532,ESTIMATED_ MODEL
2966,C012,Sunflower,Oilseed,Tamil Nadu,2023,2,Feb,2023-02,2238.4,3090.1,3664.8,-574.8,-0.16,Shortag e,6948,5773,8565,ESTIMATED_ MODEL
2967,C012,Sunflower,Oilseed,Tamil Nadu,2023,3,Mar,2023-03,0.0,1000.9,3664.8,-2663.9,-0.73,Shortag e,7384,6159,8725,ESTIMATED_ MODEL
2968,C012,Sunflower,Oilseed,Tamil Nadu,2023,4,Apr,2023-04,2073.4,2936.1,3664.8,-728.7,-0.2,Shortag e,6927,6153,7786,ESTIMATED_ MODEL
2969,C012,Sunflower,Oilseed,Tamil Nadu,2023,5,May,2023-05,2104.6,2965.1,3664.8,-699.7,-0.19,Shortag e,6721,5602,7435,ESTIMATED_ MODEL
2970,C012,Sunflower,Oilseed,Tamil Nadu,2023,6,Jun,2023-06,0.0,1000.9,3664.8,-2663.9,-0.73,Shortag e,7354,6511,8510,ESTIMATED_ MODEL
2971,C012,Sunflower,Oilseed,Tamil Nadu,2023,7,Jul,2023-07,0.0,1000.9,3664.8,-2663.9,-0.73,Shortag e,7410,6393,8568,ESTIMATED_ MODEL
2972,C012,Sunflower,Oilseed,Tamil Nadu,2023,8,Aug,2023-08,0.0,1000.9,3664.8,-2663.9,-0.73,Shortag e,7173,6247,8809,ESTIMATED_ MODEL
2973,C012,Sunflower,Oilseed,Tamil Nadu,2023,9,Sep,2023-09,2199.3,3053.5,3664.8,-611.3,-0.17,Shortag e,6834,5479,7739,ESTIMATED_ MODEL
2974,C012,Sunflower,Oilseed,Tamil Nadu,2023,10,Oct,2023-10,2137.8,2996.2,3664.8,-668.6,-0.18,Shortag e,6606,5661,8016,ESTIMATED_ MODEL
2975,C012,Sunflower,Oilseed,Tamil Nadu,2023,11,Nov,2023-11,0.0,1000.9,3664.8,-2663.9,-0.73,Shortag e,7161,6329,8473,ESTIMATED_ MODEL
2976,C012,Sunflower,Oilseed,Tamil Nadu,2023,12,Dec,2023-12,2138.1,2996.4,3664.8,-668.4,-0.18,Shortag e,6851,6146,7622,ESTIMATED_ MODEL
2977,C013,Cotton,Fibre,Tamil Nadu,2023,1,Jan,2023-01,8088.3,10677.5,72985.8,-62308.3,-0.85,Shortag e,7795,6330,9521,ESTIMATED_ MODEL
2978,C013,Cotton,Fibre,Tamil Nadu,2023,2,Feb,2023-02,8359.5,10935.1,72985.8,-62050.6,-0.85,Shortag e,7648,6463,8899,ESTIMATED_ MODEL
2979,C013,Cotton,Fibre,Tamil Nadu,2023,3,Mar,2023-03,8825.4,11377.7,72985.8,-61608.0,-0.84,Shortag e,7653,6846,9048,ESTIMATED_ MODEL
2980,C013,Cotton,Fibre,Tamil Nadu,2023,4,Apr,2023-04,8881.1,11430.7,72985.8,-61555.1,-0.84,Shortag e,7833,6408,9467,ESTIMATED_ MODEL
2981,C013,Cotton,Fibre,Tamil Nadu,2023,5,May,2023-05,8474.7,11044.6,72985.8,-61941.2,-0.85,Shortag e,7781,6753,9268,ESTIMATED_ MODEL
2982,C013,Cotton,Fibre,Tamil Nadu,2023,6,Jun,2023-06,0.0,2993.6,72985.8,-69992.2,-0.96,Shortag e,7793,6905,9532,ESTIMATED_ MODEL
2983,C013,Cotton,Fibre,Tamil Nadu,2023,7,Jul,2023-07,0.0,2993.6,72985.8,-69992.2,-0.96,Shortag e,7612,6736,8846,ESTIMATED_ MODEL
2984,C013,Cotton,Fibre,Tamil Nadu,2023,8,Aug,2023-08,0.0,2993.6,72985.8,-69992.2,-0.96,Shortag e,7666,6799,8929,ESTIMATED_ MODEL
2985,C013,Cotton,Fibre,Tamil Nadu,2023,9,Sep,2023-09,0.0,2993.6,72985.8,-69992.2,-0.96,Shortag e,7892,6521,8686,ESTIMATED_ MODEL
2986,C013,Cotton,Fibre,Tamil Nadu,2023,10,Oct,2023-10,0.0,2993.6,80284.4,-77290.7,-0.96,Shortag e,7768,6292,9424,ESTIMATED_ MODEL
2987,C013,Cotton,Fibre,Tamil Nadu,2023,11,Nov,2023-11,8563.9,11129.3,72985.8,-61856.5,-0.85,Shortag e,7561,6385,8416,ESTIMATED_ MODEL
2988,C013,Cotton,Fibre,Tamil Nadu,2023,12,Dec,2023-12,8679.8,11239.4,72985.8,-61746.4,-0.85,Shortag e,7564,6642,8493,ESTIMATED_ MODEL
2989,C014,Sugarcane,Commerc ial,Tamil Nadu,2023,1,Jan,2023-01,1672728.3,1793278.1,1654032.1,139246.0,0.08,Balance d,316,278,380,ESTIMATED_ MODEL
2990,C014,Sugarcane,Commerc ial,Tamil Nadu,2023,2,Feb,2023-02,1627312.6,1748240.8,1438288.8,309952.1,0.22,Surplus,318,283,366,ESTIMATED_ MODEL
2991,C014,Sugarcane,Commerc ial,Tamil Nadu,2023,3,Mar,2023-03,1652388.9,1773108.2,1438288.8,334819.4,0.23,Surplus,314,278,383,ESTIMATED_ MODEL
2992,C014,Sugarcane,Commerc ial,Tamil Nadu,2023,4,Apr,2023-04,1518190.3,1640028.0,1438288.8,201739.2,0.14,Surplus,323,262,365,ESTIMATED_ MODEL
2993,C014,Sugarcane,Commerc ial,Tamil Nadu,2023,5,May,2023-05,1545288.1,1666899.9,1438288.8,228611.2,0.16,Surplus,325,272,398,ESTIMATED_ MODEL
2994,C014,Sugarcane,Commerc ial,Tamil Nadu,2023,6,Jun,2023-06,1668353.4,1788939.6,1438288.8,350650.9,0.24,Surplus,326,287,377,ESTIMATED_ MODEL
2995,C014,Sugarcane,Commerc ial,Tamil Nadu,2023,7,Jul,2023-07,1634054.3,1754926.4,1438288.8,316637.6,0.22,Surplus,324,271,365,ESTIMATED_ MODEL
2996,C014,Sugarcane,Commerc ial,Tamil Nadu,2023,8,Aug,2023-08,1619612.4,1740604.8,1438288.8,302316.0,0.21,Surplus,310,260,383,ESTIMATED_ MODEL
2997,C014,Sugarcane,Commerc ial,Tamil Nadu,2023,9,Sep,2023-09,0.0,134489.2,1438288.8,-1303799.6,-0.91,Shortag e,369,303,460,ESTIMATED_ MODEL
2998,C014,Sugarcane,Commerc ial,Tamil Nadu,2023,10,Oct,2023-10,0.0,134489.2,1510203.2,-1375714.0,-0.91,Shortag e,365,321,419,ESTIMATED_ MODEL
2999,C014,Sugarcane,Commerc ial,Tamil Nadu,2023,11,Nov,2023-11,1624240.7,1745194.6,1438288.8,306905.8,0.21,Surplus,310,276,347,ESTIMATED_ MODEL
3000,C014,Sugarcane,Commerc ial,Tamil Nadu,2023,12,Dec,2023-12,1576535.6,1697887.0,1438288.8,259598.2,0.18,Surplus,321,266,357,ESTIMATED_ MODEL
3001,C015,Ladies Finger/Okra,Vegetabl e,Tamil Nadu,2023,1,Jan,2023-01,24168.7,25339.1,24957.5,381.6,0.02,Balance d,2923,2520,3426,ESTIMATED_ MODEL
3002,C015,Ladies Finger/Okra,Vegetabl e,Tamil Nadu,2023,2,Feb,2023-02,24034.3,25205.3,24957.5,247.8,0.01,Balance d,2888,2595,3532,ESTIMATED_ MODEL
3003,C015,Ladies Finger/Okra,Vegetabl e,Tamil Nadu,2023,3,Mar,2023-03,26129.8,27292.0,24957.5,2334.5,0.09,Balance d,2857,2494,3259,ESTIMATED_ MODEL
3004,C015,Ladies Finger/Okra,Vegetabl e,Tamil Nadu,2023,4,Apr,2023-04,25293.7,26459.4,24957.5,1501.9,0.06,Balance d,2813,2350,3265,ESTIMATED_ MODEL
3005,C015,Ladies Finger/Okra,Vegetabl e,Tamil Nadu,2023,5,May,2023-05,24859.9,26027.4,24957.5,1069.9,0.04,Balance d,2806,2474,3238,ESTIMATED_ MODEL
3006,C015,Ladies Finger/Okra,Vegetabl e,Tamil Nadu,2023,6,Jun,2023-06,25089.4,26255.9,24957.5,1298.4,0.05,Balance d,2901,2342,3267,ESTIMATED_ MODEL
3007,C015,Ladies Finger/Okra,Vegetabl e,Tamil Nadu,2023,7,Jul,2023-07,26641.8,27801.9,24957.5,2844.4,0.11,Surplus,2928,2520,3638,ESTIMATED_ MODEL
3008,C015,Ladies Finger/Okra,Vegetabl e,Tamil Nadu,2023,8,Aug,2023-08,26586.5,27746.8,24957.5,2789.3,0.11,Surplus,2948,2468,3375,ESTIMATED_ MODEL
3009,C015,Ladies Finger/Okra,Vegetabl e,Tamil Nadu,2023,9,Sep,2023-09,25993.3,27156.1,24957.5,2198.6,0.09,Balance d,2934,2640,3504,ESTIMATED_ MODEL
3010,C015,Ladies Finger/Okra,Vegetabl e,Tamil Nadu,2023,10,Oct,2023-10,26507.2,27667.9,24957.5,2710.4,0.11,Surplus,2914,2559,3360,ESTIMATED_ MODEL
3011,C015,Ladies Finger/Okra,Vegetabl e,Tamil Nadu,2023,11,Nov,2023-11,24789.2,25957.0,24957.5,999.5,0.04,Balance d,2905,2566,3495,ESTIMATED_ MODEL
3012,C015,Ladies Finger/Okra,Vegetabl e,Tamil Nadu,2023,12,Dec,2023-12,24976.1,26143.1,24957.5,1185.6,0.05,Balance d,2805,2338,3147,ESTIMATED_ MODEL
3013,C016,Tomato,Vegetabl e,Tamil Nadu,2023,1,Jan,2023-01,96897.1,101065.5,95565.7,5499.8,0.06,Balance d,1919,1546,2320,ESTIMATED_ MODEL
3014,C016,Tomato,Vegetabl e,Tamil Nadu,2023,2,Feb,2023-02,87266.0,91474.6,95565.7,-4091.2,-0.04,Balance d,1932,1672,2206,ESTIMATED_ MODEL
3015,C016,Tomato,Vegetabl e,Tamil Nadu,2023,3,Mar,2023-03,89294.1,93494.2,95565.7,-2071.5,-0.02,Balance d,1954,1714,2422,ESTIMATED_ MODEL
3016,C016,Tomato,Vegetabl e,Tamil Nadu,2023,4,Apr,2023-04,90289.5,94485.4,95565.7,-1080.3,-0.01,Balance d,1915,1596,2240,ESTIMATED_ MODEL
3017,C016,Tomato,Vegetabl e,Tamil Nadu,2023,5,May,2023-05,93697.0,97878.8,95565.7,2313.0,0.02,Balance d,1982,1764,2207,ESTIMATED_ MODEL
3018,C016,Tomato,Vegetabl e,Tamil Nadu,2023,6,Jun,2023-06,92779.1,96964.7,95565.7,1399.0,0.01,Balance d,1892,1608,2112,ESTIMATED_ MODEL
3019,C016,Tomato,Vegetabl e,Tamil Nadu,2023,7,Jul,2023-07,89277.1,93477.3,95565.7,-2088.4,-0.02,Balance d,1928,1571,2305,ESTIMATED_ MODEL
3020,C016,Tomato,Vegetabl e,Tamil Nadu,2023,8,Aug,2023-08,88678.1,92880.7,95565.7,-2685.0,-0.03,Balance d,2000,1799,2313,ESTIMATED_ MODEL
3021,C016,Tomato,Vegetabl e,Tamil Nadu,2023,9,Sep,2023-09,89482.6,93681.9,95565.7,-1883.8,-0.02,Balance d,1957,1733,2187,ESTIMATED_ MODEL
3022,C016,Tomato,Vegetabl e,Tamil Nadu,2023,10,Oct,2023-10,92429.0,96616.1,95565.7,1050.4,0.01,Balance d,1958,1647,2215,ESTIMATED_ MODEL
3023,C016,Tomato,Vegetabl e,Tamil Nadu,2023,11,Nov,2023-11,89863.8,94061.5,95565.7,-1504.2,-0.02,Balance d,1933,1561,2328,ESTIMATED_ MODEL
3024,C016,Tomato,Vegetabl e,Tamil Nadu,2023,12,Dec,2023-12,97364.1,101530.5,95565.7,5964.8,0.06,Balance d,1893,1573,2116,ESTIMATED_ MODEL
3025,C017,Brinjal,Vegetabl e,Tamil Nadu,2023,1,Jan,2023-01,37060.6,38740.5,36533.4,2207.1,0.06,Balance d,2395,2086,2859,ESTIMATED_ MODEL
3026,C017,Brinjal,Vegetabl e,Tamil Nadu,2023,2,Feb,2023-02,37410.9,39089.4,36533.4,2555.9,0.07,Balance d,2420,2109,2768,ESTIMATED_ MODEL
3027,C017,Brinjal,Vegetabl e,Tamil Nadu,2023,3,Mar,2023-03,37398.8,39077.3,36533.4,2543.9,0.07,Balance d,2373,2003,2720,ESTIMATED_ MODEL
3028,C017,Brinjal,Vegetabl e,Tamil Nadu,2023,4,Apr,2023-04,36691.4,38372.9,36533.4,1839.5,0.05,Balance d,2477,2183,2786,ESTIMATED_ MODEL
3029,C017,Brinjal,Vegetabl e,Tamil Nadu,2023,5,May,2023-05,35721.3,37406.8,36533.4,873.4,0.02,Balance d,2344,1885,2664,ESTIMATED_ MODEL
3030,C017,Brinjal,Vegetabl e,Tamil Nadu,2023,6,Jun,2023-06,38180.8,39856.1,36533.4,3322.7,0.09,Balance d,2335,1993,2869,ESTIMATED_ MODEL
3031,C017,Brinjal,Vegetabl e,Tamil Nadu,2023,7,Jul,2023-07,35429.9,37116.6,36533.4,583.2,0.02,Balance d,2453,2015,2845,ESTIMATED_ MODEL
3032,C017,Brinjal,Vegetabl e,Tamil Nadu,2023,8,Aug,2023-08,35326.7,37013.9,36533.4,480.5,0.01,Balance d,2421,2133,2968,ESTIMATED_ MODEL
3033,C017,Brinjal,Vegetabl e,Tamil Nadu,2023,9,Sep,2023-09,38025.1,39701.0,36533.4,3167.6,0.09,Balance d,2453,2087,2953,ESTIMATED_ MODEL
3034,C017,Brinjal,Vegetabl e,Tamil Nadu,2023,10,Oct,2023-10,35793.9,37479.1,36533.4,945.7,0.03,Balance d,2359,2020,2683,ESTIMATED_ MODEL
3035,C017,Brinjal,Vegetabl e,Tamil Nadu,2023,11,Nov,2023-11,36229.7,37913.2,36533.4,1379.7,0.04,Balance d,2401,2073,2734,ESTIMATED_ MODEL
3036,C017,Brinjal,Vegetabl e,Tamil Nadu,2023,12,Dec,2023-12,36979.5,38659.8,36533.4,2126.4,0.06,Balance d,2338,1873,2580,ESTIMATED_ MODEL
3037,C018,Green Chilli,Vegetabl e,Tamil Nadu,2023,1,Jan,2023-01,12091.3,13254.5,12494.1,760.4,0.06,Balance d,3897,3377,4796,ESTIMATED_ MODEL
3038,C018,Green Chilli,Vegetabl e,Tamil Nadu,2023,2,Feb,2023-02,12287.8,13449.4,12494.1,955.3,0.08,Balance d,3921,3364,4566,ESTIMATED_ MODEL
3039,C018,Green Chilli,Vegetabl e,Tamil Nadu,2023,3,Mar,2023-03,12260.0,13421.8,12494.1,927.7,0.07,Balance d,3869,3412,4259,ESTIMATED_ MODEL
3040,C018,Green Chilli,Vegetabl e,Tamil Nadu,2023,4,Apr,2023-04,13425.3,14577.4,12494.1,2083.3,0.17,Surplus,3897,3189,4562,ESTIMATED_ MODEL
3041,C018,Green Chilli,Vegetabl e,Tamil Nadu,2023,5,May,2023-05,12389.1,13549.8,12494.1,1055.7,0.08,Balance d,3917,3222,4589,ESTIMATED_ MODEL
3042,C018,Green Chilli,Vegetabl e,Tamil Nadu,2023,6,Jun,2023-06,12117.3,13280.2,12494.1,786.1,0.06,Balance d,3757,3154,4233,ESTIMATED_ MODEL
3043,C018,Green Chilli,Vegetabl e,Tamil Nadu,2023,7,Jul,2023-07,12753.7,13911.4,12494.1,1417.3,0.11,Surplus,3782,3167,4723,ESTIMATED_ MODEL
3044,C018,Green Chilli,Vegetabl e,Tamil Nadu,2023,8,Aug,2023-08,13229.2,14382.9,12494.1,1888.8,0.15,Surplus,3907,3170,4723,ESTIMATED_ MODEL
3045,C018,Green Chilli,Vegetabl e,Tamil Nadu,2023,9,Sep,2023-09,12955.4,14111.4,12494.1,1617.3,0.13,Surplus,3700,2971,4128,ESTIMATED_ MODEL
3046,C018,Green Chilli,Vegetabl e,Tamil Nadu,2023,10,Oct,2023-10,12374.0,13534.8,12494.1,1040.7,0.08,Balance d,3939,3522,4448,ESTIMATED_ MODEL
3047,C018,Green Chilli,Vegetabl e,Tamil Nadu,2023,11,Nov,2023-11,12778.2,13935.6,12494.1,1441.5,0.12,Surplus,3734,3077,4396,ESTIMATED_ MODEL
3048,C018,Green Chilli,Vegetabl e,Tamil Nadu,2023,12,Dec,2023-12,13011.4,14166.9,12494.1,1672.8,0.13,Surplus,3818,3139,4633,ESTIMATED_ MODEL
3049,C019,French Beans,Vegetabl e,Tamil Nadu,2023,1,Jan,2023-01,8805.5,9190.6,8255.2,935.3,0.11,Surplus,4361,3890,5147,ESTIMATED_ MODEL
3050,C019,French Beans,Vegetabl e,Tamil Nadu,2023,2,Feb,2023-02,8538.6,8924.8,8255.2,669.5,0.08,Balance d,4207,3613,5119,ESTIMATED_ MODEL
3051,C019,French Beans,Vegetabl e,Tamil Nadu,2023,3,Mar,2023-03,8316.9,8704.1,8255.2,448.8,0.05,Balance d,4222,3451,4652,ESTIMATED_ MODEL
3052,C019,French Beans,Vegetabl e,Tamil Nadu,2023,4,Apr,2023-04,8672.5,9058.2,8255.2,802.9,0.1,Balance d,4325,3844,5193,ESTIMATED_ MODEL
3053,C019,French Beans,Vegetabl e,Tamil Nadu,2023,5,May,2023-05,8700.7,9086.2,8255.2,831.0,0.1,Surplus,4425,3568,5467,ESTIMATED_ MODEL
3054,C019,French Beans,Vegetabl e,Tamil Nadu,2023,6,Jun,2023-06,8170.2,8558.0,8255.2,302.7,0.04,Balance d,4423,3677,5511,ESTIMATED_ MODEL
3055,C019,French Beans,Vegetabl e,Tamil Nadu,2023,7,Jul,2023-07,8219.7,8607.3,8255.2,352.0,0.04,Balance d,4281,3805,5275,ESTIMATED_ MODEL
3056,C019,French Beans,Vegetabl e,Tamil Nadu,2023,8,Aug,2023-08,8819.4,9204.4,8255.2,949.2,0.12,Surplus,4357,3731,4871,ESTIMATED_ MODEL
3057,C019,French Beans,Vegetabl e,Tamil Nadu,2023,9,Sep,2023-09,8043.8,8432.0,8255.2,176.8,0.02,Balance d,4359,3643,5313,ESTIMATED_ MODEL
3058,C019,French Beans,Vegetabl e,Tamil Nadu,2023,10,Oct,2023-10,7920.5,8309.3,8255.2,54.0,0.01,Balance d,4428,3945,4881,ESTIMATED_ MODEL
3059,C019,French Beans,Vegetabl e,Tamil Nadu,2023,11,Nov,2023-11,8334.7,8721.8,8255.2,466.6,0.06,Balance d,4408,3940,5371,ESTIMATED_ MODEL
3060,C019,French Beans,Vegetabl e,Tamil Nadu,2023,12,Dec,2023-12,8683.9,9069.5,8255.2,814.2,0.1,Balance d,4203,3397,4637,ESTIMATED_ MODEL
3061,C020,Cluster Beans,Vegetabl e,Tamil Nadu,2023,1,Jan,2023-01,5058.2,5291.0,4906.0,385.0,0.08,Balance d,3768,3078,4145,ESTIMATED_ MODEL
3062,C020,Cluster Beans,Vegetabl e,Tamil Nadu,2023,2,Feb,2023-02,5271.7,5503.6,4906.0,597.6,0.12,Surplus,3859,3130,4387,ESTIMATED_ MODEL
3063,C020,Cluster Beans,Vegetabl e,Tamil Nadu,2023,3,Mar,2023-03,4919.8,5153.1,4906.0,247.2,0.05,Balance d,3803,3256,4411,ESTIMATED_ MODEL
3064,C020,Cluster Beans,Vegetabl e,Tamil Nadu,2023,4,Apr,2023-04,4880.2,5113.8,4906.0,207.8,0.04,Balance d,3896,3138,4358,ESTIMATED_ MODEL
3065,C020,Cluster Beans,Vegetabl e,Tamil Nadu,2023,5,May,2023-05,5055.1,5287.9,4906.0,381.9,0.08,Balance d,3834,3196,4388,ESTIMATED_ MODEL
3066,C020,Cluster Beans,Vegetabl e,Tamil Nadu,2023,6,Jun,2023-06,5175.3,5407.6,4906.0,501.6,0.1,Surplus,3719,3308,4477,ESTIMATED_ MODEL
3067,C020,Cluster Beans,Vegetabl e,Tamil Nadu,2023,7,Jul,2023-07,5241.7,5473.8,4906.0,567.8,0.12,Surplus,3724,3003,4641,ESTIMATED_ MODEL
3068,C020,Cluster Beans,Vegetabl e,Tamil Nadu,2023,8,Aug,2023-08,5161.9,5394.2,4906.0,488.3,0.1,Balance d,3864,3252,4657,ESTIMATED_ MODEL
3069,C020,Cluster Beans,Vegetabl e,Tamil Nadu,2023,9,Sep,2023-09,4936.9,5170.2,4906.0,264.2,0.05,Balance d,3908,3431,4579,ESTIMATED_ MODEL
3070,C020,Cluster Beans,Vegetabl e,Tamil Nadu,2023,10,Oct,2023-10,5061.3,5294.1,4906.0,388.1,0.08,Balance d,3817,3058,4729,ESTIMATED_ MODEL
3071,C020,Cluster Beans,Vegetabl e,Tamil Nadu,2023,11,Nov,2023-11,5193.6,5425.9,4906.0,519.9,0.11,Surplus,3842,3151,4756,ESTIMATED_ MODEL
3072,C020,Cluster Beans,Vegetabl e,Tamil Nadu,2023,12,Dec,2023-12,4975.1,5208.2,4906.0,302.2,0.06,Balance d,3940,3542,4851,ESTIMATED_ MODEL
3073,C021,Cucumber,Vegetabl e,Tamil Nadu,2023,1,Jan,2023-01,7161.6,7497.9,7277.2,220.8,0.03,Balance d,1953,1673,2171,ESTIMATED_ MODEL
3074,C021,Cucumber,Vegetabl e,Tamil Nadu,2023,2,Feb,2023-02,7691.4,8025.5,7277.2,748.3,0.1,Surplus,1870,1569,2109,ESTIMATED_ MODEL
3075,C021,Cucumber,Vegetabl e,Tamil Nadu,2023,3,Mar,2023-03,7674.4,8008.5,7277.2,731.4,0.1,Surplus,1944,1636,2166,ESTIMATED_ MODEL
3076,C021,Cucumber,Vegetabl e,Tamil Nadu,2023,4,Apr,2023-04,7149.5,7485.8,8732.6,-1246.8,-0.14,Shortag e,1979,1601,2215,ESTIMATED_ MODEL
3077,C021,Cucumber,Vegetabl e,Tamil Nadu,2023,5,May,2023-05,7032.0,7368.8,8732.6,-1363.8,-0.16,Shortag e,1955,1732,2421,ESTIMATED_ MODEL
3078,C021,Cucumber,Vegetabl e,Tamil Nadu,2023,6,Jun,2023-06,7813.0,8146.6,7277.2,869.4,0.12,Surplus,1943,1619,2216,ESTIMATED_ MODEL
3079,C021,Cucumber,Vegetabl e,Tamil Nadu,2023,7,Jul,2023-07,7207.2,7543.3,7277.2,266.1,0.04,Balance d,1935,1687,2416,ESTIMATED_ MODEL
3080,C021,Cucumber,Vegetabl e,Tamil Nadu,2023,8,Aug,2023-08,7716.8,8050.8,7277.2,773.6,0.11,Surplus,1866,1502,2247,ESTIMATED_ MODEL
3081,C021,Cucumber,Vegetabl e,Tamil Nadu,2023,9,Sep,2023-09,6948.4,7285.6,7277.2,8.4,0.0,Balance d,1978,1750,2377,ESTIMATED_ MODEL
3082,C021,Cucumber,Vegetabl e,Tamil Nadu,2023,10,Oct,2023-10,6963.4,7300.5,7277.2,23.3,0.0,Balance d,1991,1695,2464,ESTIMATED_ MODEL
3083,C021,Cucumber,Vegetabl e,Tamil Nadu,2023,11,Nov,2023-11,7357.7,7693.2,7277.2,416.0,0.06,Balance d,1977,1749,2267,ESTIMATED_ MODEL
3084,C021,Cucumber,Vegetabl e,Tamil Nadu,2023,12,Dec,2023-12,7156.4,7492.7,7277.2,215.5,0.03,Balance d,1896,1620,2214,ESTIMATED_ MODEL
3085,C022,Bitter Gourd,Vegetabl e,Tamil Nadu,2023,1,Jan,2023-01,5490.4,5754.1,5680.7,73.4,0.01,Balance d,3342,2721,3678,ESTIMATED_ MODEL
3086,C022,Bitter Gourd,Vegetabl e,Tamil Nadu,2023,2,Feb,2023-02,5599.6,5862.8,5680.7,182.1,0.03,Balance d,3385,2744,3922,ESTIMATED_ MODEL
3087,C022,Bitter Gourd,Vegetabl e,Tamil Nadu,2023,3,Mar,2023-03,5941.5,6203.3,5680.7,522.6,0.09,Balance d,3366,2785,3791,ESTIMATED_ MODEL
3088,C022,Bitter Gourd,Vegetabl e,Tamil Nadu,2023,4,Apr,2023-04,5486.9,5750.7,5680.7,69.9,0.01,Balance d,3444,3081,3841,ESTIMATED_ MODEL
3089,C022,Bitter Gourd,Vegetabl e,Tamil Nadu,2023,5,May,2023-05,5643.2,5906.3,5680.7,225.5,0.04,Balance d,3304,2960,3653,ESTIMATED_ MODEL
3090,C022,Bitter Gourd,Vegetabl e,Tamil Nadu,2023,6,Jun,2023-06,5689.1,5952.0,5680.7,271.3,0.05,Balance d,3467,2775,4269,ESTIMATED_ MODEL
3091,C022,Bitter Gourd,Vegetabl e,Tamil Nadu,2023,7,Jul,2023-07,5852.1,6114.3,5680.7,433.6,0.08,Balance d,3316,2964,3806,ESTIMATED_ MODEL
3092,C022,Bitter Gourd,Vegetabl e,Tamil Nadu,2023,8,Aug,2023-08,5530.6,5794.2,5680.7,113.5,0.02,Balance d,3416,2760,3882,ESTIMATED_ MODEL
3093,C022,Bitter Gourd,Vegetabl e,Tamil Nadu,2023,9,Sep,2023-09,6016.8,6278.3,5680.7,597.6,0.11,Surplus,3397,2897,4209,ESTIMATED_ MODEL
3094,C022,Bitter Gourd,Vegetabl e,Tamil Nadu,2023,10,Oct,2023-10,5730.9,5993.6,5680.7,312.9,0.06,Balance d,3352,2973,3913,ESTIMATED_ MODEL
3095,C022,Bitter Gourd,Vegetabl e,Tamil Nadu,2023,11,Nov,2023-11,6055.8,6317.2,5680.7,636.5,0.11,Surplus,3435,3078,3948,ESTIMATED_ MODEL
3096,C022,Bitter Gourd,Vegetabl e,Tamil Nadu,2023,12,Dec,2023-12,5745.0,6007.6,5680.7,326.9,0.06,Balance d,3444,3047,3897,ESTIMATED_ MODEL
3097,C023,Bottle Gourd,Vegetabl e,Tamil Nadu,2023,1,Jan,2023-01,19691.3,20644.7,20444.3,200.4,0.01,Balance d,1737,1444,2042,ESTIMATED_ MODEL
3098,C023,Bottle Gourd,Vegetabl e,Tamil Nadu,2023,2,Feb,2023-02,21594.3,22539.8,20444.3,2095.4,0.1,Surplus,1702,1490,2011,ESTIMATED_ MODEL
3099,C023,Bottle Gourd,Vegetabl e,Tamil Nadu,2023,3,Mar,2023-03,19945.1,20897.4,20444.3,453.1,0.02,Balance d,1779,1520,2021,ESTIMATED_ MODEL
3100,C023,Bottle Gourd,Vegetabl e,Tamil Nadu,2023,4,Apr,2023-04,19686.7,20640.1,20444.3,195.8,0.01,Balance d,1780,1523,2013,ESTIMATED_ MODEL
3101,C023,Bottle Gourd,Vegetabl e,Tamil Nadu,2023,5,May,2023-05,20507.1,21457.1,20444.3,1012.8,0.05,Balance d,1745,1459,2141,ESTIMATED_ MODEL
3102,C023,Bottle Gourd,Vegetabl e,Tamil Nadu,2023,6,Jun,2023-06,20947.2,21895.4,20444.3,1451.1,0.07,Balance d,1722,1503,1919,ESTIMATED_ MODEL
3103,C023,Bottle Gourd,Vegetabl e,Tamil Nadu,2023,7,Jul,2023-07,21639.6,22584.9,20444.3,2140.6,0.1,Surplus,1707,1534,2085,ESTIMATED_ MODEL
3104,C023,Bottle Gourd,Vegetabl e,Tamil Nadu,2023,8,Aug,2023-08,21936.8,22880.9,20444.3,2436.6,0.12,Surplus,1679,1389,1930,ESTIMATED_ MODEL
3105,C023,Bottle Gourd,Vegetabl e,Tamil Nadu,2023,9,Sep,2023-09,20604.9,21554.5,20444.3,1110.2,0.05,Balance d,1747,1530,2118,ESTIMATED_ MODEL
3106,C023,Bottle Gourd,Vegetabl e,Tamil Nadu,2023,10,Oct,2023-10,19660.9,20614.4,20444.3,170.1,0.01,Balance d,1744,1537,2033,ESTIMATED_ MODEL
3107,C023,Bottle Gourd,Vegetabl e,Tamil Nadu,2023,11,Nov,2023-11,21376.1,22322.5,20444.3,1878.2,0.09,Balance d,1682,1440,2091,ESTIMATED_ MODEL
3108,C023,Bottle Gourd,Vegetabl e,Tamil Nadu,2023,12,Dec,2023-12,20918.0,21866.3,20444.3,1422.0,0.07,Balance d,1758,1508,2104,ESTIMATED_ MODEL
3109,C024,Ridge Gourd,Vegetabl e,Tamil Nadu,2023,1,Jan,2023-01,8155.0,8533.8,8102.3,431.5,0.05,Balance d,2895,2323,3516,ESTIMATED_ MODEL
3110,C024,Ridge Gourd,Vegetabl e,Tamil Nadu,2023,2,Feb,2023-02,8059.3,8438.5,8102.3,336.2,0.04,Balance d,2906,2506,3219,ESTIMATED_ MODEL
3111,C024,Ridge Gourd,Vegetabl e,Tamil Nadu,2023,3,Mar,2023-03,8696.8,9073.4,8102.3,971.1,0.12,Surplus,2807,2266,3209,ESTIMATED_ MODEL
3112,C024,Ridge Gourd,Vegetabl e,Tamil Nadu,2023,4,Apr,2023-04,8584.4,8961.5,8102.3,859.2,0.11,Surplus,2885,2472,3439,ESTIMATED_ MODEL
3113,C024,Ridge Gourd,Vegetabl e,Tamil Nadu,2023,5,May,2023-05,8051.0,8430.3,8102.3,328.0,0.04,Balance d,2900,2399,3297,ESTIMATED_ MODEL
3114,C024,Ridge Gourd,Vegetabl e,Tamil Nadu,2023,6,Jun,2023-06,8189.9,8568.7,8102.3,466.3,0.06,Balance d,2821,2496,3364,ESTIMATED_ MODEL
3115,C024,Ridge Gourd,Vegetabl e,Tamil Nadu,2023,7,Jul,2023-07,8141.9,8520.8,8102.3,418.5,0.05,Balance d,2832,2316,3486,ESTIMATED_ MODEL
3116,C024,Ridge Gourd,Vegetabl e,Tamil Nadu,2023,8,Aug,2023-08,7879.3,8259.3,8102.3,157.0,0.02,Balance d,2943,2549,3417,ESTIMATED_ MODEL
3117,C024,Ridge Gourd,Vegetabl e,Tamil Nadu,2023,9,Sep,2023-09,8677.6,9054.3,8102.3,952.0,0.12,Surplus,2817,2529,3435,ESTIMATED_ MODEL
3118,C024,Ridge Gourd,Vegetabl e,Tamil Nadu,2023,10,Oct,2023-10,8131.2,8510.2,8102.3,407.9,0.05,Balance d,2853,2524,3463,ESTIMATED_ MODEL
3119,C024,Ridge Gourd,Vegetabl e,Tamil Nadu,2023,11,Nov,2023-11,8596.2,8973.2,8102.3,870.9,0.11,Surplus,2827,2382,3189,ESTIMATED_ MODEL
3120,C024,Ridge Gourd,Vegetabl e,Tamil Nadu,2023,12,Dec,2023-12,7919.1,8298.9,8102.3,196.6,0.02,Balance d,2831,2469,3228,ESTIMATED_ MODEL
3121,C025,Ash Gourd,Vegetabl e,Tamil Nadu,2023,1,Jan,2023-01,6295.8,6971.2,4877.7,2093.5,0.43,Surplus,1346,1201,1535,ESTIMATED_ MODEL
3122,C025,Ash Gourd,Vegetabl e,Tamil Nadu,2023,2,Feb,2023-02,5640.5,6324.1,4877.7,1446.4,0.3,Surplus,1432,1242,1675,ESTIMATED_ MODEL
3123,C025,Ash Gourd,Vegetabl e,Tamil Nadu,2023,3,Mar,2023-03,5923.2,6603.2,4877.7,1725.5,0.35,Surplus,1387,1147,1583,ESTIMATED_ MODEL
3124,C025,Ash Gourd,Vegetabl e,Tamil Nadu,2023,4,Apr,2023-04,6157.8,6834.9,4877.7,1957.2,0.4,Surplus,1333,1082,1536,ESTIMATED_ MODEL
3125,C025,Ash Gourd,Vegetabl e,Tamil Nadu,2023,5,May,2023-05,0.0,754.1,4877.7,-4123.6,-0.85,Shortag e,1662,1431,1854,ESTIMATED_ MODEL
3126,C025,Ash Gourd,Vegetabl e,Tamil Nadu,2023,6,Jun,2023-06,0.0,754.1,4877.7,-4123.6,-0.85,Shortag e,1670,1436,2078,ESTIMATED_ MODEL
3127,C025,Ash Gourd,Vegetabl e,Tamil Nadu,2023,7,Jul,2023-07,6148.4,6825.7,4877.7,1948.0,0.4,Surplus,1382,1130,1619,ESTIMATED_ MODEL
3128,C025,Ash Gourd,Vegetabl e,Tamil Nadu,2023,8,Aug,2023-08,6127.8,6805.3,4877.7,1927.6,0.4,Surplus,1381,1109,1522,ESTIMATED_ MODEL
3129,C025,Ash Gourd,Vegetabl e,Tamil Nadu,2023,9,Sep,2023-09,5834.7,6515.9,4877.7,1638.2,0.34,Surplus,1349,1113,1571,ESTIMATED_ MODEL
3130,C025,Ash Gourd,Vegetabl e,Tamil Nadu,2023,10,Oct,2023-10,5909.5,6589.7,6341.0,248.7,0.04,Balance d,1445,1176,1735,ESTIMATED_ MODEL
3131,C025,Ash Gourd,Vegetabl e,Tamil Nadu,2023,11,Nov,2023-11,6010.1,6689.1,4877.7,1811.4,0.37,Surplus,1382,1146,1523,ESTIMATED_ MODEL
3132,C025,Ash Gourd,Vegetabl e,Tamil Nadu,2023,12,Dec,2023-12,6280.4,6955.9,4877.7,2078.2,0.43,Surplus,1325,1112,1488,ESTIMATED_ MODEL
3133,C026,Pumpkin,Vegetabl e,Tamil Nadu,2023,1,Jan,2023-01,12739.2,15040.6,12358.0,2682.6,0.22,Surplus,1450,1256,1743,ESTIMATED_ MODEL
3134,C026,Pumpkin,Vegetabl e,Tamil Nadu,2023,2,Feb,2023-02,12617.3,14920.7,12358.0,2562.7,0.21,Surplus,1369,1178,1605,ESTIMATED_ MODEL
3135,C026,Pumpkin,Vegetabl e,Tamil Nadu,2023,3,Mar,2023-03,12141.5,14452.8,12358.0,2094.8,0.17,Surplus,1383,1145,1706,ESTIMATED_ MODEL
3136,C026,Pumpkin,Vegetabl e,Tamil Nadu,2023,4,Apr,2023-04,12311.1,14619.6,12358.0,2261.6,0.18,Surplus,1419,1194,1576,ESTIMATED_ MODEL
3137,C026,Pumpkin,Vegetabl e,Tamil Nadu,2023,5,May,2023-05,12717.9,15019.6,12358.0,2661.6,0.22,Surplus,1426,1241,1700,ESTIMATED_ MODEL
3138,C026,Pumpkin,Vegetabl e,Tamil Nadu,2023,6,Jun,2023-06,13089.5,15385.0,12358.0,3027.0,0.24,Surplus,1402,1182,1667,ESTIMATED_ MODEL
3139,C026,Pumpkin,Vegetabl e,Tamil Nadu,2023,7,Jul,2023-07,12927.4,15225.7,12358.0,2867.7,0.23,Surplus,1381,1234,1641,ESTIMATED_ MODEL
3140,C026,Pumpkin,Vegetabl e,Tamil Nadu,2023,8,Aug,2023-08,12626.6,14929.8,12358.0,2571.8,0.21,Surplus,1393,1177,1700,ESTIMATED_ MODEL
3141,C026,Pumpkin,Vegetabl e,Tamil Nadu,2023,9,Sep,2023-09,12338.9,14646.9,12358.0,2288.9,0.19,Surplus,1385,1148,1664,ESTIMATED_ MODEL
3142,C026,Pumpkin,Vegetabl e,Tamil Nadu,2023,10,Oct,2023-10,12343.0,14651.0,14829.6,-178.6,-0.01,Balance d,1441,1267,1613,ESTIMATED_ MODEL
3143,C026,Pumpkin,Vegetabl e,Tamil Nadu,2023,11,Nov,2023-11,13117.4,15412.5,12358.0,3054.5,0.25,Surplus,1423,1148,1569,ESTIMATED_ MODEL
3144,C026,Pumpkin,Vegetabl e,Tamil Nadu,2023,12,Dec,2023-12,11852.5,14168.7,12358.0,1810.7,0.15,Surplus,1457,1250,1680,ESTIMATED_ MODEL
3145,C027,Cabbage,Vegetabl e,Tamil Nadu,2023,1,Jan,2023-01,17036.0,18572.9,13238.7,5334.2,0.4,Surplus,1340,1137,1632,ESTIMATED_ MODEL
3146,C027,Cabbage,Vegetabl e,Tamil Nadu,2023,2,Feb,2023-02,16818.5,18357.2,13238.7,5118.5,0.39,Surplus,1369,1141,1523,ESTIMATED_ MODEL
3147,C027,Cabbage,Vegetabl e,Tamil Nadu,2023,3,Mar,2023-03,17791.5,19322.1,13238.7,6083.4,0.46,Surplus,1359,1124,1620,ESTIMATED_ MODEL
3148,C027,Cabbage,Vegetabl e,Tamil Nadu,2023,4,Apr,2023-04,17774.6,19305.3,13238.7,6066.6,0.46,Surplus,1396,1132,1580,ESTIMATED_ MODEL
3149,C027,Cabbage,Vegetabl e,Tamil Nadu,2023,5,May,2023-05,17072.6,18609.2,13238.7,5370.5,0.41,Surplus,1364,1223,1658,ESTIMATED_ MODEL
3150,C027,Cabbage,Vegetabl e,Tamil Nadu,2023,6,Jun,2023-06,16685.2,18225.0,13238.7,4986.3,0.38,Surplus,1407,1173,1757,ESTIMATED_ MODEL
3151,C027,Cabbage,Vegetabl e,Tamil Nadu,2023,7,Jul,2023-07,16782.5,18321.5,13238.7,5082.8,0.38,Surplus,1336,1076,1641,ESTIMATED_ MODEL
3152,C027,Cabbage,Vegetabl e,Tamil Nadu,2023,8,Aug,2023-08,17168.3,18704.1,13238.7,5465.4,0.41,Surplus,1402,1134,1566,ESTIMATED_ MODEL
3153,C027,Cabbage,Vegetabl e,Tamil Nadu,2023,9,Sep,2023-09,15997.1,17542.7,13238.7,4304.0,0.33,Surplus,1343,1088,1519,ESTIMATED_ MODEL
3154,C027,Cabbage,Vegetabl e,Tamil Nadu,2023,10,Oct,2023-10,16454.3,17996.1,13238.7,4757.4,0.36,Surplus,1417,1228,1724,ESTIMATED_ MODEL
3155,C027,Cabbage,Vegetabl e,Tamil Nadu,2023,11,Nov,2023-11,15944.1,17490.1,13238.7,4251.4,0.32,Surplus,1409,1202,1718,ESTIMATED_ MODEL
3156,C027,Cabbage,Vegetabl e,Tamil Nadu,2023,12,Dec,2023-12,15940.2,17486.3,13238.7,4247.6,0.32,Surplus,1393,1158,1649,ESTIMATED_ MODEL
3157,C028,Cauliflower,Vegetabl e,Tamil Nadu,2023,1,Jan,2023-01,5188.9,5417.7,4920.0,497.6,0.1,Surplus,2047,1828,2469,ESTIMATED_ MODEL
3158,C028,Cauliflower,Vegetabl e,Tamil Nadu,2023,2,Feb,2023-02,5283.7,5512.2,4920.0,592.1,0.12,Surplus,2073,1739,2511,ESTIMATED_ MODEL
3159,C028,Cauliflower,Vegetabl e,Tamil Nadu,2023,3,Mar,2023-03,4941.7,5171.5,4920.0,251.5,0.05,Balance d,2130,1847,2468,ESTIMATED_ MODEL
3160,C028,Cauliflower,Vegetabl e,Tamil Nadu,2023,4,Apr,2023-04,5152.8,5381.8,4920.0,461.8,0.09,Balance d,2102,1890,2380,ESTIMATED_ MODEL
3161,C028,Cauliflower,Vegetabl e,Tamil Nadu,2023,5,May,2023-05,4755.1,4985.7,4920.0,65.7,0.01,Balance d,2119,1757,2574,ESTIMATED_ MODEL
3162,C028,Cauliflower,Vegetabl e,Tamil Nadu,2023,6,Jun,2023-06,5160.9,5389.9,4920.0,469.8,0.1,Balance d,2137,1772,2377,ESTIMATED_ MODEL
3163,C028,Cauliflower,Vegetabl e,Tamil Nadu,2023,7,Jul,2023-07,4917.9,5147.9,4920.0,227.8,0.05,Balance d,2056,1733,2388,ESTIMATED_ MODEL
3164,C028,Cauliflower,Vegetabl e,Tamil Nadu,2023,8,Aug,2023-08,4718.9,4949.7,4920.0,29.6,0.01,Balance d,2194,1858,2498,ESTIMATED_ MODEL
3165,C028,Cauliflower,Vegetabl e,Tamil Nadu,2023,9,Sep,2023-09,4913.0,5143.0,4920.0,222.9,0.05,Balance d,2169,1842,2581,ESTIMATED_ MODEL
3166,C028,Cauliflower,Vegetabl e,Tamil Nadu,2023,10,Oct,2023-10,5061.3,5290.7,4920.0,370.6,0.08,Balance d,2058,1725,2555,ESTIMATED_ MODEL
3167,C028,Cauliflower,Vegetabl e,Tamil Nadu,2023,11,Nov,2023-11,4766.8,4997.4,4920.0,77.3,0.02,Balance d,2140,1786,2555,ESTIMATED_ MODEL
3168,C028,Cauliflower,Vegetabl e,Tamil Nadu,2023,12,Dec,2023-12,5249.1,5477.7,4920.0,557.7,0.11,Surplus,2150,1779,2528,ESTIMATED_ MODEL
3169,C029,Carrot,Root vegetable,Tamil Nadu,2023,1,Jan,2023-01,19738.9,23492.0,16190.8,7301.3,0.45,Surplus,3151,2826,3532,ESTIMATED_ MODEL
3170,C029,Carrot,Root vegetable,Tamil Nadu,2023,2,Feb,2023-02,21088.3,24818.9,16190.8,8628.1,0.53,Surplus,3141,2576,3827,ESTIMATED_ MODEL
3171,C029,Carrot,Root vegetable,Tamil Nadu,2023,3,Mar,2023-03,20828.9,24563.9,16190.8,8373.1,0.52,Surplus,3189,2587,3944,ESTIMATED_ MODEL
3172,C029,Carrot,Root vegetable,Tamil Nadu,2023,4,Apr,2023-04,20989.7,24721.9,16190.8,8531.2,0.53,Surplus,3064,2639,3823,ESTIMATED_ MODEL
3173,C029,Carrot,Root vegetable,Tamil Nadu,2023,5,May,2023-05,20179.8,23925.6,16190.8,7734.8,0.48,Surplus,3229,2892,3718,ESTIMATED_ MODEL
3174,C029,Carrot,Root vegetable,Tamil Nadu,2023,6,Jun,2023-06,20087.8,23835.1,16190.8,7644.3,0.47,Surplus,3074,2517,3612,ESTIMATED_ MODEL
3175,C029,Carrot,Root vegetable,Tamil Nadu,2023,7,Jul,2023-07,21000.8,24732.9,16190.8,8542.2,0.53,Surplus,3186,2596,3819,ESTIMATED_ MODEL
3176,C029,Carrot,Root vegetable,Tamil Nadu,2023,8,Aug,2023-08,19845.3,23596.6,16190.8,7405.9,0.46,Surplus,3126,2607,3749,ESTIMATED_ MODEL
3177,C029,Carrot,Root vegetable,Tamil Nadu,2023,9,Sep,2023-09,20348.6,24091.5,16190.8,7900.7,0.49,Surplus,3139,2766,3527,ESTIMATED_ MODEL
3178,C029,Carrot,Root vegetable,Tamil Nadu,2023,10,Oct,2023-10,19777.8,23530.3,16190.8,7339.5,0.45,Surplus,3223,2599,3639,ESTIMATED_ MODEL
3179,C029,Carrot,Root vegetable,Tamil Nadu,2023,11,Nov,2023-11,19334.3,23094.2,16190.8,6903.4,0.43,Surplus,3209,2842,3652,ESTIMATED_ MODEL
3180,C029,Carrot,Root vegetable,Tamil Nadu,2023,12,Dec,2023-12,21705.6,25426.0,16190.8,9235.2,0.57,Surplus,3069,2620,3473,ESTIMATED_ MODEL
3181,C030,Radish,Root vegetable,Tamil Nadu,2023,1,Jan,2023-01,7674.0,8011.3,7318.5,692.7,0.09,Balance d,1756,1414,2037,ESTIMATED_ MODEL
3182,C030,Radish,Root vegetable,Tamil Nadu,2023,2,Feb,2023-02,7113.7,7453.4,7318.5,134.8,0.02,Balance d,1727,1431,2136,ESTIMATED_ MODEL
3183,C030,Radish,Root vegetable,Tamil Nadu,2023,3,Mar,2023-03,7397.7,7736.2,7318.5,417.7,0.06,Balance d,1757,1417,2121,ESTIMATED_ MODEL
3184,C030,Radish,Root vegetable,Tamil Nadu,2023,4,Apr,2023-04,7675.0,8012.3,7318.5,693.8,0.09,Balance d,1724,1534,1977,ESTIMATED_ MODEL
3185,C030,Radish,Root vegetable,Tamil Nadu,2023,5,May,2023-05,7285.0,7623.9,7318.5,305.4,0.04,Balance d,1742,1481,2045,ESTIMATED_ MODEL
3186,C030,Radish,Root vegetable,Tamil Nadu,2023,6,Jun,2023-06,7548.7,7886.5,7318.5,568.0,0.08,Balance d,1721,1412,2088,ESTIMATED_ MODEL
3187,C030,Radish,Root vegetable,Tamil Nadu,2023,7,Jul,2023-07,7029.0,7369.0,7318.5,50.4,0.01,Balance d,1739,1557,1981,ESTIMATED_ MODEL
3188,C030,Radish,Root vegetable,Tamil Nadu,2023,8,Aug,2023-08,7526.9,7864.8,7318.5,546.3,0.07,Balance d,1745,1560,2093,ESTIMATED_ MODEL
3189,C030,Radish,Root vegetable,Tamil Nadu,2023,9,Sep,2023-09,7120.3,7459.9,7318.5,141.4,0.02,Balance d,1779,1571,2053,ESTIMATED_ MODEL
3190,C030,Radish,Root vegetable,Tamil Nadu,2023,10,Oct,2023-10,7724.7,8061.8,7318.5,743.3,0.1,Surplus,1729,1410,2041,ESTIMATED_ MODEL
3191,C030,Radish,Root vegetable,Tamil Nadu,2023,11,Nov,2023-11,7301.1,7640.0,7318.5,321.4,0.04,Balance d,1706,1491,2012,ESTIMATED_ MODEL
3192,C030,Radish,Root vegetable,Tamil Nadu,2023,12,Dec,2023-12,7235.2,7574.4,7318.5,255.8,0.04,Balance d,1727,1428,2159,ESTIMATED_ MODEL
3193,C031,Beetroot,Root vegetable,Tamil Nadu,2023,1,Jan,2023-01,4786.9,5485.6,4988.3,497.3,0.1,Balance d,2915,2439,3634,ESTIMATED_ MODEL
3194,C031,Beetroot,Root vegetable,Tamil Nadu,2023,2,Feb,2023-02,4892.4,5589.8,4988.3,601.6,0.12,Surplus,2845,2319,3329,ESTIMATED_ MODEL
3195,C031,Beetroot,Root vegetable,Tamil Nadu,2023,3,Mar,2023-03,5350.5,6042.2,4988.3,1053.9,0.21,Surplus,2849,2516,3329,ESTIMATED_ MODEL
3196,C031,Beetroot,Root vegetable,Tamil Nadu,2023,4,Apr,2023-04,5355.5,6047.1,4988.3,1058.8,0.21,Surplus,2833,2342,3391,ESTIMATED_ MODEL
3197,C031,Beetroot,Root vegetable,Tamil Nadu,2023,5,May,2023-05,5158.4,5852.5,4988.3,864.2,0.17,Surplus,2919,2349,3599,ESTIMATED_ MODEL
3198,C031,Beetroot,Root vegetable,Tamil Nadu,2023,6,Jun,2023-06,5295.2,5987.6,4988.3,999.4,0.2,Surplus,2833,2338,3522,ESTIMATED_ MODEL
3199,C031,Beetroot,Root vegetable,Tamil Nadu,2023,7,Jul,2023-07,4890.4,5587.9,4988.3,599.6,0.12,Surplus,2854,2378,3217,ESTIMATED_ MODEL
3200,C031,Beetroot,Root vegetable,Tamil Nadu,2023,8,Aug,2023-08,5351.1,6042.8,4988.3,1054.5,0.21,Surplus,2773,2449,3305,ESTIMATED_ MODEL
3201,C031,Beetroot,Root vegetable,Tamil Nadu,2023,9,Sep,2023-09,4847.2,5545.2,4988.3,556.9,0.11,Surplus,2933,2414,3280,ESTIMATED_ MODEL
3202,C031,Beetroot,Root vegetable,Tamil Nadu,2023,10,Oct,2023-10,4821.8,5520.2,4988.3,531.9,0.11,Surplus,2777,2362,3470,ESTIMATED_ MODEL
3203,C031,Beetroot,Root vegetable,Tamil Nadu,2023,11,Nov,2023-11,4828.6,5526.8,4988.3,538.5,0.11,Surplus,2896,2406,3567,ESTIMATED_ MODEL
3204,C031,Beetroot,Root vegetable,Tamil Nadu,2023,12,Dec,2023-12,5108.7,5803.4,4988.3,815.1,0.16,Surplus,2887,2314,3530,ESTIMATED_ MODEL
3205,C032,Onion,Bulb vegetable,Tamil Nadu,2023,1,Jan,2023-01,77095.5,113266.0,99089.4,14176.5,0.14,Surplus,2802,2303,3140,ESTIMATED_ MODEL
3206,C032,Onion,Bulb vegetable,Tamil Nadu,2023,2,Feb,2023-02,77835.8,113969.3,99089.4,14879.8,0.15,Surplus,2853,2455,3440,ESTIMATED_ MODEL
3207,C032,Onion,Bulb vegetable,Tamil Nadu,2023,3,Mar,2023-03,80175.3,116191.8,99089.4,17102.4,0.17,Surplus,2866,2376,3294,ESTIMATED_ MODEL
3208,C032,Onion,Bulb vegetable,Tamil Nadu,2023,4,Apr,2023-04,79753.2,115790.8,99089.4,16701.3,0.17,Surplus,2868,2394,3246,ESTIMATED_ MODEL
3209,C032,Onion,Bulb vegetable,Tamil Nadu,2023,5,May,2023-05,78439.9,114543.2,99089.4,15453.8,0.16,Surplus,2819,2332,3139,ESTIMATED_ MODEL
3210,C032,Onion,Bulb vegetable,Tamil Nadu,2023,6,Jun,2023-06,0.0,40025.3,99089.4,-59064.2,-0.6,Shortag e,3227,2857,3657,ESTIMATED_ MODEL
3211,C032,Onion,Bulb vegetable,Tamil Nadu,2023,7,Jul,2023-07,0.0,40025.3,99089.4,-59064.2,-0.6,Shortag e,3094,2703,3501,ESTIMATED_ MODEL
3212,C032,Onion,Bulb vegetable,Tamil Nadu,2023,8,Aug,2023-08,77313.2,113472.8,99089.4,14383.4,0.15,Surplus,2828,2280,3206,ESTIMATED_ MODEL
3213,C032,Onion,Bulb vegetable,Tamil Nadu,2023,9,Sep,2023-09,83011.2,118885.9,99089.4,19796.5,0.2,Surplus,2873,2530,3250,ESTIMATED_ MODEL
3214,C032,Onion,Bulb vegetable,Tamil Nadu,2023,10,Oct,2023-10,85211.9,120976.6,113952.9,7023.8,0.06,Balance d,2854,2321,3171,ESTIMATED_ MODEL
3215,C032,Onion,Bulb vegetable,Tamil Nadu,2023,11,Nov,2023-11,83161.5,119028.7,99089.4,19939.3,0.2,Surplus,2908,2517,3435,ESTIMATED_ MODEL
3216,C032,Onion,Bulb vegetable,Tamil Nadu,2023,12,Dec,2023-12,78508.0,114607.9,99089.4,15518.4,0.16,Surplus,2887,2553,3526,ESTIMATED_ MODEL
3217,C033,Potato,Tuber crop,Tamil Nadu,2023,1,Jan,2023-01,14103.2,19062.7,43302.4,-24239.7,-0.56,Shortag e,2699,2202,3178,ESTIMATED_ MODEL
3218,C033,Potato,Tuber crop,Tamil Nadu,2023,2,Feb,2023-02,14926.3,19851.6,43302.4,-23450.8,-0.54,Shortag e,2664,2246,3118,ESTIMATED_ MODEL
3219,C033,Potato,Tuber crop,Tamil Nadu,2023,3,Mar,2023-03,14435.5,19381.1,43302.4,-23921.3,-0.55,Shortag e,2696,2272,3210,ESTIMATED_ MODEL
3220,C033,Potato,Tuber crop,Tamil Nadu,2023,4,Apr,2023-04,15502.4,20403.6,43302.4,-22898.8,-0.53,Shortag e,2552,2257,3055,ESTIMATED_ MODEL
3221,C033,Potato,Tuber crop,Tamil Nadu,2023,5,May,2023-05,14944.8,19869.3,43302.4,-23433.1,-0.54,Shortag e,2607,2090,3100,ESTIMATED_ MODEL
3222,C033,Potato,Tuber crop,Tamil Nadu,2023,6,Jun,2023-06,15456.8,20359.9,43302.4,-22942.5,-0.53,Shortag e,2546,2037,3036,ESTIMATED_ MODEL
3223,C033,Potato,Tuber crop,Tamil Nadu,2023,7,Jul,2023-07,0.0,5547.2,43302.4,-37755.3,-0.87,Shortag e,2696,2209,3230,ESTIMATED_ MODEL
3224,C033,Potato,Tuber crop,Tamil Nadu,2023,8,Aug,2023-08,0.0,5547.2,43302.4,-37755.3,-0.87,Shortag e,2677,2225,3004,ESTIMATED_ MODEL
3225,C033,Potato,Tuber crop,Tamil Nadu,2023,9,Sep,2023-09,14128.9,19087.4,43302.4,-24215.0,-0.56,Shortag e,2640,2286,3189,ESTIMATED_ MODEL
3226,C033,Potato,Tuber crop,Tamil Nadu,2023,10,Oct,2023-10,15294.0,20203.9,43302.4,-23098.5,-0.53,Shortag e,2583,2089,2872,ESTIMATED_ MODEL
3227,C033,Potato,Tuber crop,Tamil Nadu,2023,11,Nov,2023-11,14339.8,19289.5,43302.4,-24012.9,-0.55,Shortag e,2615,2340,2963,ESTIMATED_ MODEL
3228,C033,Potato,Tuber crop,Tamil Nadu,2023,12,Dec,2023-12,0.0,5547.2,43302.4,-37755.3,-0.87,Shortag e,2706,2192,3223,ESTIMATED_ MODEL
3229,C034,Sweet Potato,Tuber crop,Tamil Nadu,2023,1,Jan,2023-01,7587.5,8894.6,5388.3,3506.4,0.65,Surplus,2657,2295,3275,ESTIMATED_ MODEL
3230,C034,Sweet Potato,Tuber crop,Tamil Nadu,2023,2,Feb,2023-02,7782.8,9085.1,4898.4,4186.6,0.85,Surplus,2551,2240,2902,ESTIMATED_ MODEL
3231,C034,Sweet Potato,Tuber crop,Tamil Nadu,2023,3,Mar,2023-03,7447.4,8758.0,4898.4,3859.6,0.79,Surplus,2597,2312,3007,ESTIMATED_ MODEL
3232,C034,Sweet Potato,Tuber crop,Tamil Nadu,2023,4,Apr,2023-04,7132.3,8450.9,4898.4,3552.4,0.73,Surplus,2642,2305,2929,ESTIMATED_ MODEL
3233,C034,Sweet Potato,Tuber crop,Tamil Nadu,2023,5,May,2023-05,0.0,1496.8,4898.4,-3401.6,-0.69,Shortag e,3227,2623,4018,ESTIMATED_ MODEL
3234,C034,Sweet Potato,Tuber crop,Tamil Nadu,2023,6,Jun,2023-06,0.0,1496.8,4898.4,-3401.6,-0.69,Shortag e,3267,2649,3653,ESTIMATED_ MODEL
3235,C034,Sweet Potato,Tuber crop,Tamil Nadu,2023,7,Jul,2023-07,0.0,1496.8,4898.4,-3401.6,-0.69,Shortag e,3229,2695,3569,ESTIMATED_ MODEL
3236,C034,Sweet Potato,Tuber crop,Tamil Nadu,2023,8,Aug,2023-08,0.0,1496.8,4898.4,-3401.6,-0.69,Shortag e,3220,2701,3591,ESTIMATED_ MODEL
3237,C034,Sweet Potato,Tuber crop,Tamil Nadu,2023,9,Sep,2023-09,7271.0,8586.1,4898.4,3687.7,0.75,Surplus,2634,2348,3196,ESTIMATED_ MODEL
3238,C034,Sweet Potato,Tuber crop,Tamil Nadu,2023,10,Oct,2023-10,7604.9,8911.7,4898.4,4013.2,0.82,Surplus,2608,2143,2972,ESTIMATED_ MODEL
3239,C034,Sweet Potato,Tuber crop,Tamil Nadu,2023,11,Nov,2023-11,7560.8,8868.6,4898.4,3970.2,0.81,Surplus,2505,2195,3112,ESTIMATED_ MODEL
3240,C034,Sweet Potato,Tuber crop,Tamil Nadu,2023,12,Dec,2023-12,7487.3,8796.9,4898.4,3898.5,0.8,Surplus,2600,2309,3109,ESTIMATED_ MODEL
3241,C035,Tapioca/Cassava,Tuber crop,Tamil Nadu,2023,1,Jan,2023-01,248607.9,341513.2,185309.9,156203.3,0.84,Surplus,1093,964,1276,ESTIMATED_ MODEL
3242,C035,Tapioca/Cassava,Tuber crop,Tamil Nadu,2023,2,Feb,2023-02,238059.3,331404.1,185309.9,146094.1,0.79,Surplus,1119,996,1377,ESTIMATED_ MODEL
3243,C035,Tapioca/Cassava,Tuber crop,Tamil Nadu,2023,3,Mar,2023-03,236738.9,330138.7,185309.9,144828.8,0.78,Surplus,1142,945,1262,ESTIMATED_ MODEL
3244,C035,Tapioca/Cassava,Tuber crop,Tamil Nadu,2023,4,Apr,2023-04,256726.6,349293.6,185309.9,163983.7,0.88,Surplus,1075,890,1329,ESTIMATED_ MODEL
3245,C035,Tapioca/Cassava,Tuber crop,Tamil Nadu,2023,5,May,2023-05,248989.2,341878.6,185309.9,156568.7,0.84,Surplus,1112,899,1246,ESTIMATED_ MODEL
3246,C035,Tapioca/Cassava,Tuber crop,Tamil Nadu,2023,6,Jun,2023-06,0.0,103264.0,185309.9,-82046.0,-0.44,Shortag e,1318,1138,1596,ESTIMATED_ MODEL
3247,C035,Tapioca/Cassava,Tuber crop,Tamil Nadu,2023,7,Jul,2023-07,0.0,103264.0,185309.9,-82046.0,-0.44,Shortag e,1371,1226,1550,ESTIMATED_ MODEL
3248,C035,Tapioca/Cassava,Tuber crop,Tamil Nadu,2023,8,Aug,2023-08,252414.3,345161.0,185309.9,159851.0,0.86,Surplus,1083,892,1250,ESTIMATED_ MODEL
3249,C035,Tapioca/Cassava,Tuber crop,Tamil Nadu,2023,9,Sep,2023-09,252578.2,345318.1,185309.9,160008.1,0.86,Surplus,1129,968,1366,ESTIMATED_ MODEL
3250,C035,Tapioca/Cassava,Tuber crop,Tamil Nadu,2023,10,Oct,2023-10,244141.3,337232.7,185309.9,151922.8,0.82,Surplus,1105,887,1226,ESTIMATED_ MODEL
3251,C035,Tapioca/Cassava,Tuber crop,Tamil Nadu,2023,11,Nov,2023-11,250116.9,342959.3,185309.9,157649.4,0.85,Surplus,1102,961,1248,ESTIMATED_ MODEL
3252,C035,Tapioca/Cassava,Tuber crop,Tamil Nadu,2023,12,Dec,2023-12,249962.4,342811.3,185309.9,157501.3,0.85,Surplus,1117,984,1297,ESTIMATED_ MODEL
3253,C036,Elephant Foot Yam,Tuber crop,Tamil Nadu,2023,1,Jan,2023-01,11038.2,14298.6,7332.9,6965.7,0.95,Surplus,2950,2631,3420,ESTIMATED_ MODEL
3254,C036,Elephant Foot Yam,Tuber crop,Tamil Nadu,2023,2,Feb,2023-02,11405.8,14650.9,7332.9,7318.0,1.0,Surplus,2821,2337,3296,ESTIMATED_ MODEL
3255,C036,Elephant Foot Yam,Tuber crop,Tamil Nadu,2023,3,Mar,2023-03,11520.6,14760.9,7332.9,7428.0,1.01,Surplus,2836,2335,3433,ESTIMATED_ MODEL
3256,C036,Elephant Foot Yam,Tuber crop,Tamil Nadu,2023,4,Apr,2023-04,11826.0,15053.6,7332.9,7720.7,1.05,Surplus,2758,2355,3362,ESTIMATED_ MODEL
3257,C036,Elephant Foot Yam,Tuber crop,Tamil Nadu,2023,5,May,2023-05,0.0,3720.3,7332.9,-3612.6,-0.49,Shortag e,3598,3095,4319,ESTIMATED_ MODEL
3258,C036,Elephant Foot Yam,Tuber crop,Tamil Nadu,2023,6,Jun,2023-06,0.0,3720.3,7332.9,-3612.6,-0.49,Shortag e,3677,3105,4236,ESTIMATED_ MODEL
3259,C036,Elephant Foot Yam,Tuber crop,Tamil Nadu,2023,7,Jul,2023-07,0.0,3720.3,7332.9,-3612.6,-0.49,Shortag e,3714,3253,4264,ESTIMATED_ MODEL
3260,C036,Elephant Foot Yam,Tuber crop,Tamil Nadu,2023,8,Aug,2023-08,0.0,3720.3,7332.9,-3612.6,-0.49,Shortag e,3565,2877,3971,ESTIMATED_ MODEL
3261,C036,Elephant Foot Yam,Tuber crop,Tamil Nadu,2023,9,Sep,2023-09,10959.7,14223.3,7332.9,6890.4,0.94,Surplus,2933,2361,3374,ESTIMATED_ MODEL
3262,C036,Elephant Foot Yam,Tuber crop,Tamil Nadu,2023,10,Oct,2023-10,11047.6,14307.6,7332.9,6974.7,0.95,Surplus,2962,2456,3597,ESTIMATED_ MODEL
3263,C036,Elephant Foot Yam,Tuber crop,Tamil Nadu,2023,11,Nov,2023-11,10718.8,13992.4,7332.9,6659.5,0.91,Surplus,2982,2459,3606,ESTIMATED_ MODEL
3264,C036,Elephant Foot Yam,Tuber crop,Tamil Nadu,2023,12,Dec,2023-12,10770.3,14041.8,7332.9,6708.9,0.91,Surplus,2979,2502,3371,ESTIMATED_ MODEL
3265,C037,Watermelon,Fruit,Tamil Nadu,2023,1,Jan,2023-01,32809.3,33724.3,20507.7,13216.5,0.64,Surplus,1341,1170,1599,ESTIMATED_ MODEL
3266,C037,Watermelon,Fruit,Tamil Nadu,2023,2,Feb,2023-02,31753.3,32672.7,20507.7,12164.9,0.59,Surplus,1295,1144,1606,ESTIMATED_ MODEL
3267,C037,Watermelon,Fruit,Tamil Nadu,2023,3,Mar,2023-03,30004.3,30931.0,20507.7,10423.2,0.51,Surplus,1312,1113,1494,ESTIMATED_ MODEL
3268,C037,Watermelon,Fruit,Tamil Nadu,2023,4,Apr,2023-04,31915.0,32833.7,26660.1,6173.6,0.23,Surplus,1426,1244,1599,ESTIMATED_ MODEL
3269,C037,Watermelon,Fruit,Tamil Nadu,2023,5,May,2023-05,30957.2,31879.9,26660.1,5219.9,0.2,Surplus,1445,1182,1762,ESTIMATED_ MODEL
3270,C037,Watermelon,Fruit,Tamil Nadu,2023,6,Jun,2023-06,31573.1,32493.2,20507.7,11985.5,0.58,Surplus,1323,1102,1487,ESTIMATED_ MODEL
3271,C037,Watermelon,Fruit,Tamil Nadu,2023,7,Jul,2023-07,32107.2,33025.1,20507.7,12517.4,0.61,Surplus,1292,1119,1528,ESTIMATED_ MODEL
3272,C037,Watermelon,Fruit,Tamil Nadu,2023,8,Aug,2023-08,0.0,1051.7,20507.7,-19456.0,-0.95,Shortag e,1629,1321,1809,ESTIMATED_ MODEL
3273,C037,Watermelon,Fruit,Tamil Nadu,2023,9,Sep,2023-09,0.0,1051.7,20507.7,-19456.0,-0.95,Shortag e,1683,1466,1866,ESTIMATED_ MODEL
3274,C037,Watermelon,Fruit,Tamil Nadu,2023,10,Oct,2023-10,0.0,1051.7,20507.7,-19456.0,-0.95,Shortag e,1667,1347,2060,ESTIMATED_ MODEL
3275,C037,Watermelon,Fruit,Tamil Nadu,2023,11,Nov,2023-11,0.0,1051.7,20507.7,-19456.0,-0.95,Shortag e,1697,1476,2103,ESTIMATED_ MODEL
3276,C037,Watermelon,Fruit,Tamil Nadu,2023,12,Dec,2023-12,31286.1,32207.4,20507.7,11699.7,0.57,Surplus,1357,1198,1609,ESTIMATED_ MODEL
3277,C038,Muskmelon,Fruit,Tamil Nadu,2023,1,Jan,2023-01,7288.2,7505.1,4953.7,2551.4,0.52,Surplus,2299,2011,2758,ESTIMATED_ MODEL
3278,C038,Muskmelon,Fruit,Tamil Nadu,2023,2,Feb,2023-02,7387.2,7603.7,4953.7,2650.1,0.54,Surplus,2242,1903,2529,ESTIMATED_ MODEL
3279,C038,Muskmelon,Fruit,Tamil Nadu,2023,3,Mar,2023-03,7660.0,7875.3,4953.7,2921.7,0.59,Surplus,2267,1870,2525,ESTIMATED_ MODEL
3280,C038,Muskmelon,Fruit,Tamil Nadu,2023,4,Apr,2023-04,7247.3,7464.4,5944.4,1520.0,0.26,Surplus,2368,1936,2737,ESTIMATED_ MODEL
3281,C038,Muskmelon,Fruit,Tamil Nadu,2023,5,May,2023-05,7325.1,7541.9,5944.4,1597.5,0.27,Surplus,2258,1837,2543,ESTIMATED_ MODEL
3282,C038,Muskmelon,Fruit,Tamil Nadu,2023,6,Jun,2023-06,7514.7,7730.7,4953.7,2777.0,0.56,Surplus,2156,1866,2642,ESTIMATED_ MODEL
3283,C038,Muskmelon,Fruit,Tamil Nadu,2023,7,Jul,2023-07,7302.0,7518.8,4953.7,2565.2,0.52,Surplus,2218,1968,2511,ESTIMATED_ MODEL
3284,C038,Muskmelon,Fruit,Tamil Nadu,2023,8,Aug,2023-08,0.0,247.3,4953.7,-4706.4,-0.95,Shortag e,2745,2237,3275,ESTIMATED_ MODEL
3285,C038,Muskmelon,Fruit,Tamil Nadu,2023,9,Sep,2023-09,0.0,247.3,4953.7,-4706.4,-0.95,Shortag e,2758,2376,3350,ESTIMATED_ MODEL
3286,C038,Muskmelon,Fruit,Tamil Nadu,2023,10,Oct,2023-10,0.0,247.3,4953.7,-4706.4,-0.95,Shortag e,2777,2396,3444,ESTIMATED_ MODEL
3287,C038,Muskmelon,Fruit,Tamil Nadu,2023,11,Nov,2023-11,0.0,247.3,4953.7,-4706.4,-0.95,Shortag e,2741,2291,3310,ESTIMATED_ MODEL
3288,C038,Muskmelon,Fruit,Tamil Nadu,2023,12,Dec,2023-12,7623.9,7839.4,4953.7,2885.7,0.58,Surplus,2229,1823,2578,ESTIMATED_ MODEL
3289,C039,Papaya,Fruit,Tamil Nadu,2023,1,Jan,2023-01,24782.1,25931.4,24648.8,1282.6,0.05,Balance d,1981,1675,2286,ESTIMATED_ MODEL
3290,C039,Papaya,Fruit,Tamil Nadu,2023,2,Feb,2023-02,24058.0,25210.3,24648.8,561.6,0.02,Balance d,1909,1560,2326,ESTIMATED_ MODEL
3291,C039,Papaya,Fruit,Tamil Nadu,2023,3,Mar,2023-03,26298.6,27441.6,24648.8,2792.9,0.11,Surplus,1960,1649,2436,ESTIMATED_ MODEL
3292,C039,Papaya,Fruit,Tamil Nadu,2023,4,Apr,2023-04,25811.8,26956.8,24648.8,2308.1,0.09,Balance d,1950,1654,2342,ESTIMATED_ MODEL
3293,C039,Papaya,Fruit,Tamil Nadu,2023,5,May,2023-05,24968.1,26116.7,24648.8,1467.9,0.06,Balance d,1915,1639,2123,ESTIMATED_ MODEL
3294,C039,Papaya,Fruit,Tamil Nadu,2023,6,Jun,2023-06,25564.8,26710.9,24648.8,2062.1,0.08,Balance d,1938,1561,2369,ESTIMATED_ MODEL
3295,C039,Papaya,Fruit,Tamil Nadu,2023,7,Jul,2023-07,26217.1,27360.4,24648.8,2711.7,0.11,Surplus,1945,1602,2234,ESTIMATED_ MODEL
3296,C039,Papaya,Fruit,Tamil Nadu,2023,8,Aug,2023-08,23931.6,25084.4,24648.8,435.7,0.02,Balance d,1932,1661,2209,ESTIMATED_ MODEL
3297,C039,Papaya,Fruit,Tamil Nadu,2023,9,Sep,2023-09,24274.5,25425.9,24648.8,777.2,0.03,Balance d,1941,1611,2151,ESTIMATED_ MODEL
3298,C039,Papaya,Fruit,Tamil Nadu,2023,10,Oct,2023-10,25152.3,26300.1,24648.8,1651.3,0.07,Balance d,1862,1508,2270,ESTIMATED_ MODEL
3299,C039,Papaya,Fruit,Tamil Nadu,2023,11,Nov,2023-11,25922.0,27066.6,24648.8,2417.8,0.1,Balance d,1965,1656,2312,ESTIMATED_ MODEL
3300,C039,Papaya,Fruit,Tamil Nadu,2023,12,Dec,2023-12,23631.5,24785.6,24648.8,136.9,0.01,Balance d,1897,1622,2128,ESTIMATED_ MODEL
3301,C040,Banana,Fruit,Tamil Nadu,2023,1,Jan,2023-01,332019.0,374584.1,307767.2,66816.9,0.22,Surplus,2888,2426,3260,ESTIMATED_ MODEL
3302,C040,Banana,Fruit,Tamil Nadu,2023,2,Feb,2023-02,304085.3,346999.5,279788.4,67211.2,0.24,Surplus,2765,2448,3278,ESTIMATED_ MODEL
3303,C040,Banana,Fruit,Tamil Nadu,2023,3,Mar,2023-03,325630.0,368275.0,279788.4,88486.6,0.32,Surplus,2764,2252,3226,ESTIMATED_ MODEL
3304,C040,Banana,Fruit,Tamil Nadu,2023,4,Apr,2023-04,297563.6,340559.4,279788.4,60771.1,0.22,Surplus,2776,2483,3422,ESTIMATED_ MODEL
3305,C040,Banana,Fruit,Tamil Nadu,2023,5,May,2023-05,310894.8,353724.0,279788.4,73935.6,0.26,Surplus,2722,2318,3086,ESTIMATED_ MODEL
3306,C040,Banana,Fruit,Tamil Nadu,2023,6,Jun,2023-06,300867.9,343822.4,279788.4,64034.0,0.23,Surplus,2794,2480,3295,ESTIMATED_ MODEL
3307,C040,Banana,Fruit,Tamil Nadu,2023,7,Jul,2023-07,310022.9,352863.0,279788.4,73074.6,0.26,Surplus,2767,2271,3375,ESTIMATED_ MODEL
3308,C040,Banana,Fruit,Tamil Nadu,2023,8,Aug,2023-08,303245.9,346170.7,279788.4,66382.3,0.24,Surplus,2828,2394,3203,ESTIMATED_ MODEL
3309,C040,Banana,Fruit,Tamil Nadu,2023,9,Sep,2023-09,310811.8,353642.0,279788.4,73853.6,0.26,Surplus,2765,2478,3258,ESTIMATED_ MODEL
3310,C040,Banana,Fruit,Tamil Nadu,2023,10,Oct,2023-10,312486.5,355295.7,307767.2,47528.5,0.15,Surplus,2825,2407,3437,ESTIMATED_ MODEL
3311,C040,Banana,Fruit,Tamil Nadu,2023,11,Nov,2023-11,308057.9,350922.5,279788.4,71134.1,0.25,Surplus,2771,2266,3291,ESTIMATED_ MODEL
3312,C040,Banana,Fruit,Tamil Nadu,2023,12,Dec,2023-12,321541.9,364238.0,279788.4,84449.6,0.3,Surplus,2807,2445,3459,ESTIMATED_ MODEL
3313,C041,Guava,Fruit,Tamil Nadu,2023,1,Jan,2023-01,15084.6,16551.9,15656.1,895.8,0.06,Balance d,3281,2736,3762,ESTIMATED_ MODEL
3314,C041,Guava,Fruit,Tamil Nadu,2023,2,Feb,2023-02,16768.8,18222.0,15656.1,2565.9,0.16,Surplus,3403,2989,4081,ESTIMATED_ MODEL
3315,C041,Guava,Fruit,Tamil Nadu,2023,3,Mar,2023-03,15770.6,17232.2,15656.1,1576.1,0.1,Surplus,3347,2733,4173,ESTIMATED_ MODEL
3316,C041,Guava,Fruit,Tamil Nadu,2023,4,Apr,2023-04,16129.6,17588.2,15656.1,1932.1,0.12,Surplus,3306,2680,3882,ESTIMATED_ MODEL
3317,C041,Guava,Fruit,Tamil Nadu,2023,5,May,2023-05,16211.7,17669.6,15656.1,2013.5,0.13,Surplus,3405,3026,3751,ESTIMATED_ MODEL
3318,C041,Guava,Fruit,Tamil Nadu,2023,6,Jun,2023-06,15983.2,17443.1,15656.1,1787.0,0.11,Surplus,3415,2825,3777,ESTIMATED_ MODEL
3319,C041,Guava,Fruit,Tamil Nadu,2023,7,Jul,2023-07,15332.4,16797.6,15656.1,1141.5,0.07,Balance d,3428,3039,4078,ESTIMATED_ MODEL
3320,C041,Guava,Fruit,Tamil Nadu,2023,8,Aug,2023-08,16381.2,17837.7,15656.1,2181.6,0.14,Surplus,3339,2942,4066,ESTIMATED_ MODEL
3321,C041,Guava,Fruit,Tamil Nadu,2023,9,Sep,2023-09,16473.9,17929.6,15656.1,2273.5,0.15,Surplus,3400,2908,4234,ESTIMATED_ MODEL
3322,C041,Guava,Fruit,Tamil Nadu,2023,10,Oct,2023-10,15995.6,17455.3,15656.1,1799.2,0.11,Surplus,3437,2790,4219,ESTIMATED_ MODEL
3323,C041,Guava,Fruit,Tamil Nadu,2023,11,Nov,2023-11,15872.7,17333.5,15656.1,1677.3,0.11,Surplus,3340,2801,3981,ESTIMATED_ MODEL
3324,C041,Guava,Fruit,Tamil Nadu,2023,12,Dec,2023-12,15158.2,16624.9,15656.1,968.8,0.06,Balance d,3273,2784,4027,ESTIMATED_ MODEL
3325,C042,Mango,Fruit,Tamil Nadu,2023,1,Jan,2023-01,0.0,6317.9,55882.5,-49564.6,-0.89,Shortag e,5533,4870,6462,ESTIMATED_ MODEL
3326,C042,Mango,Fruit,Tamil Nadu,2023,2,Feb,2023-02,124960.9,130237.5,55882.5,74355.0,1.33,Surplus,3974,3391,4573,ESTIMATED_ MODEL
3327,C042,Mango,Fruit,Tamil Nadu,2023,3,Mar,2023-03,132723.4,137935.3,55882.5,82052.8,1.47,Surplus,3827,3336,4530,ESTIMATED_ MODEL
3328,C042,Mango,Fruit,Tamil Nadu,2023,4,Apr,2023-04,124993.8,130270.1,55882.5,74387.6,1.33,Surplus,3752,3065,4288,ESTIMATED_ MODEL
3329,C042,Mango,Fruit,Tamil Nadu,2023,5,May,2023-05,123931.8,129217.0,55882.5,73334.4,1.31,Surplus,3832,3323,4225,ESTIMATED_ MODEL
3330,C042,Mango,Fruit,Tamil Nadu,2023,6,Jun,2023-06,125174.9,130449.7,55882.5,74567.2,1.33,Surplus,3953,3267,4532,ESTIMATED_ MODEL
3331,C042,Mango,Fruit,Tamil Nadu,2023,7,Jul,2023-07,126368.8,131633.7,55882.5,75751.2,1.36,Surplus,3871,3181,4772,ESTIMATED_ MODEL
3332,C042,Mango,Fruit,Tamil Nadu,2023,8,Aug,2023-08,0.0,6317.9,55882.5,-49564.6,-0.89,Shortag e,5374,4538,6596,ESTIMATED_ MODEL
3333,C042,Mango,Fruit,Tamil Nadu,2023,9,Sep,2023-09,0.0,6317.9,55882.5,-49564.6,-0.89,Shortag e,5528,4584,6430,ESTIMATED_ MODEL
3334,C042,Mango,Fruit,Tamil Nadu,2023,10,Oct,2023-10,0.0,6317.9,55882.5,-49564.6,-0.89,Shortag e,5555,4985,6855,ESTIMATED_ MODEL
3335,C042,Mango,Fruit,Tamil Nadu,2023,11,Nov,2023-11,0.0,6317.9,55882.5,-49564.6,-0.89,Shortag e,5449,4903,5997,ESTIMATED_ MODEL
3336,C042,Mango,Fruit,Tamil Nadu,2023,12,Dec,2023-12,0.0,6317.9,55882.5,-49564.6,-0.89,Shortag e,5357,4727,6053,ESTIMATED_ MODEL
3337,C043,Pomegranate,Fruit,Tamil Nadu,2023,1,Jan,2023-01,5314.9,6838.0,5405.7,1432.3,0.27,Surplus,8139,6648,9842,ESTIMATED_ MODEL
3338,C043,Pomegranate,Fruit,Tamil Nadu,2023,2,Feb,2023-02,5439.4,6959.3,5405.7,1553.6,0.29,Surplus,8187,6969,9121,ESTIMATED_ MODEL
3339,C043,Pomegranate,Fruit,Tamil Nadu,2023,3,Mar,2023-03,5639.9,7154.8,5405.7,1749.1,0.32,Surplus,8526,7114,10540,ESTIMATED_ MODEL
3340,C043,Pomegranate,Fruit,Tamil Nadu,2023,4,Apr,2023-04,5569.9,7086.6,5405.7,1680.9,0.31,Surplus,8555,6849,10007,ESTIMATED_ MODEL
3341,C043,Pomegranate,Fruit,Tamil Nadu,2023,5,May,2023-05,5315.2,6838.3,5405.7,1432.6,0.27,Surplus,8133,7246,9579,ESTIMATED_ MODEL
3342,C043,Pomegranate,Fruit,Tamil Nadu,2023,6,Jun,2023-06,5490.2,7008.8,5405.7,1603.1,0.3,Surplus,8119,6584,9397,ESTIMATED_ MODEL
3343,C043,Pomegranate,Fruit,Tamil Nadu,2023,7,Jul,2023-07,5768.7,7280.4,5405.7,1874.7,0.35,Surplus,8506,7394,10464,ESTIMATED_ MODEL
3344,C043,Pomegranate,Fruit,Tamil Nadu,2023,8,Aug,2023-08,5695.5,7209.0,5405.7,1803.3,0.33,Surplus,8223,6614,10247,ESTIMATED_ MODEL
3345,C043,Pomegranate,Fruit,Tamil Nadu,2023,9,Sep,2023-09,5371.6,6893.2,5405.7,1487.5,0.28,Surplus,8116,7262,9377,ESTIMATED_ MODEL
3346,C043,Pomegranate,Fruit,Tamil Nadu,2023,10,Oct,2023-10,5805.6,7316.4,5405.7,1910.7,0.35,Surplus,8010,6960,9989,ESTIMATED_ MODEL
3347,C043,Pomegranate,Fruit,Tamil Nadu,2023,11,Nov,2023-11,5625.4,7140.7,5405.7,1735.0,0.32,Surplus,8553,6980,9641,ESTIMATED_ MODEL
3348,C043,Pomegranate,Fruit,Tamil Nadu,2023,12,Dec,2023-12,5199.9,6725.8,5405.7,1320.1,0.24,Surplus,8444,7293,10225,ESTIMATED_ MODEL
3349,C044,Sapota/Chikoo,Fruit,Tamil Nadu,2023,1,Jan,2023-01,11539.4,12558.9,10772.9,1786.0,0.17,Surplus,3216,2638,3628,ESTIMATED_ MODEL
3350,C044,Sapota/Chikoo,Fruit,Tamil Nadu,2023,2,Feb,2023-02,11119.1,12142.1,10772.9,1369.1,0.13,Surplus,3280,2724,3785,ESTIMATED_ MODEL
3351,C044,Sapota/Chikoo,Fruit,Tamil Nadu,2023,3,Mar,2023-03,11392.5,12413.2,10772.9,1640.2,0.15,Surplus,3301,2673,3652,ESTIMATED_ MODEL
3352,C044,Sapota/Chikoo,Fruit,Tamil Nadu,2023,4,Apr,2023-04,10989.6,12013.6,10772.9,1240.7,0.12,Surplus,3371,2878,3933,ESTIMATED_ MODEL
3353,C044,Sapota/Chikoo,Fruit,Tamil Nadu,2023,5,May,2023-05,10824.5,11849.9,10772.9,1077.0,0.1,Balance d,3371,2976,3924,ESTIMATED_ MODEL
3354,C044,Sapota/Chikoo,Fruit,Tamil Nadu,2023,6,Jun,2023-06,11563.3,12582.5,10772.9,1809.6,0.17,Surplus,3338,2988,4092,ESTIMATED_ MODEL
3355,C044,Sapota/Chikoo,Fruit,Tamil Nadu,2023,7,Jul,2023-07,11044.8,12068.4,10772.9,1295.4,0.12,Surplus,3318,2868,3738,ESTIMATED_ MODEL
3356,C044,Sapota/Chikoo,Fruit,Tamil Nadu,2023,8,Aug,2023-08,11418.5,12439.0,10772.9,1666.0,0.15,Surplus,3328,2989,3920,ESTIMATED_ MODEL
3357,C044,Sapota/Chikoo,Fruit,Tamil Nadu,2023,9,Sep,2023-09,11531.9,12551.5,10772.9,1778.5,0.17,Surplus,3398,2856,4246,ESTIMATED_ MODEL
3358,C044,Sapota/Chikoo,Fruit,Tamil Nadu,2023,10,Oct,2023-10,11167.1,12189.7,10772.9,1416.8,0.13,Surplus,3344,2689,3972,ESTIMATED_ MODEL
3359,C044,Sapota/Chikoo,Fruit,Tamil Nadu,2023,11,Nov,2023-11,11001.2,12025.2,10772.9,1252.3,0.12,Surplus,3289,2642,4023,ESTIMATED_ MODEL
3360,C044,Sapota/Chikoo,Fruit,Tamil Nadu,2023,12,Dec,2023-12,10285.4,11315.3,10772.9,542.4,0.05,Balance d,3323,2923,3799,ESTIMATED_ MODEL
3361,C045,Turmeric,Spice,Tamil Nadu,2023,1,Jan,2023-01,16760.3,23195.3,9112.0,14083.4,1.55,Surplus,8874,7864,10002,ESTIMATED_ MODEL
3362,C045,Turmeric,Spice,Tamil Nadu,2023,2,Feb,2023-02,15595.1,22107.8,9112.0,12995.8,1.43,Surplus,9180,8217,10959,ESTIMATED_ MODEL
3363,C045,Turmeric,Spice,Tamil Nadu,2023,3,Mar,2023-03,16051.3,22533.6,9112.0,13421.6,1.47,Surplus,9289,8038,11388,ESTIMATED_ MODEL
3364,C045,Turmeric,Spice,Tamil Nadu,2023,4,Apr,2023-04,16067.7,22548.9,9112.0,13436.9,1.47,Surplus,9375,7756,10551,ESTIMATED_ MODEL
3365,C045,Turmeric,Spice,Tamil Nadu,2023,5,May,2023-05,15973.5,22461.0,9112.0,13349.0,1.47,Surplus,9070,7893,10287,ESTIMATED_ MODEL
3366,C045,Turmeric,Spice,Tamil Nadu,2023,6,Jun,2023-06,16647.6,23090.1,9112.0,13978.1,1.53,Surplus,8615,7187,10728,ESTIMATED_ MODEL
3367,C045,Turmeric,Spice,Tamil Nadu,2023,7,Jul,2023-07,0.0,7552.4,9112.0,-1559.6,-0.17,Shortag e,12075,10144,13631,ESTIMATED_ MODEL
3368,C045,Turmeric,Spice,Tamil Nadu,2023,8,Aug,2023-08,0.0,7552.4,9112.0,-1559.6,-0.17,Shortag e,11838,9671,13210,ESTIMATED_ MODEL
3369,C045,Turmeric,Spice,Tamil Nadu,2023,9,Sep,2023-09,0.0,7552.4,9112.0,-1559.6,-0.17,Shortag e,12222,10997,13746,ESTIMATED_ MODEL
3370,C045,Turmeric,Spice,Tamil Nadu,2023,10,Oct,2023-10,0.0,7552.4,9112.0,-1559.6,-0.17,Shortag e,11627,9685,13595,ESTIMATED_ MODEL
3371,C045,Turmeric,Spice,Tamil Nadu,2023,11,Nov,2023-11,0.0,7552.4,9112.0,-1559.6,-0.17,Shortag e,11732,9739,13259,ESTIMATED_ MODEL
3372,C045,Turmeric,Spice,Tamil Nadu,2023,12,Dec,2023-12,16190.4,22663.4,9112.0,13551.4,1.49,Surplus,9234,8045,11037,ESTIMATED_ MODEL
3373,C046,Ginger,Spice,Tamil Nadu,2023,1,Jan,2023-01,14473.7,17665.4,9059.7,8605.7,0.95,Surplus,4998,4164,5905,ESTIMATED_ MODEL
3374,C046,Ginger,Spice,Tamil Nadu,2023,2,Feb,2023-02,14573.9,17762.2,9059.7,8702.5,0.96,Surplus,5141,4219,6160,ESTIMATED_ MODEL
3375,C046,Ginger,Spice,Tamil Nadu,2023,3,Mar,2023-03,13256.2,16488.5,9059.7,7428.7,0.82,Surplus,4944,3988,5848,ESTIMATED_ MODEL
3376,C046,Ginger,Spice,Tamil Nadu,2023,4,Apr,2023-04,13337.9,16567.5,9059.7,7507.8,0.83,Surplus,4958,3977,5582,ESTIMATED_ MODEL
3377,C046,Ginger,Spice,Tamil Nadu,2023,5,May,2023-05,0.0,3674.1,9059.7,-5385.6,-0.59,Shortag e,6361,5536,7190,ESTIMATED_ MODEL
3378,C046,Ginger,Spice,Tamil Nadu,2023,6,Jun,2023-06,0.0,3674.1,9059.7,-5385.6,-0.59,Shortag e,6397,5234,7626,ESTIMATED_ MODEL
3379,C046,Ginger,Spice,Tamil Nadu,2023,7,Jul,2023-07,0.0,3674.1,9059.7,-5385.6,-0.59,Shortag e,6308,5459,7880,ESTIMATED_ MODEL
3380,C046,Ginger,Spice,Tamil Nadu,2023,8,Aug,2023-08,0.0,3674.1,9059.7,-5385.6,-0.59,Shortag e,6491,5196,8003,ESTIMATED_ MODEL
3381,C046,Ginger,Spice,Tamil Nadu,2023,9,Sep,2023-09,13839.0,17051.8,9059.7,7992.1,0.88,Surplus,4898,4385,5595,ESTIMATED_ MODEL
3382,C046,Ginger,Spice,Tamil Nadu,2023,10,Oct,2023-10,13119.8,16356.6,9059.7,7296.9,0.81,Surplus,5075,4107,5668,ESTIMATED_ MODEL
3383,C046,Ginger,Spice,Tamil Nadu,2023,11,Nov,2023-11,13691.3,16909.1,9059.7,7849.3,0.87,Surplus,5142,4599,6128,ESTIMATED_ MODEL
3384,C046,Ginger,Spice,Tamil Nadu,2023,12,Dec,2023-12,13931.9,17141.7,9059.7,8081.9,0.89,Surplus,5116,4483,5829,ESTIMATED_ MODEL
3385,C047,Coriander,Herb/spic e,Tamil Nadu,2023,1,Jan,2023-01,6353.7,6657.6,6656.3,1.4,0.0,Balance d,2878,2317,3336,ESTIMATED_ MODEL
3386,C047,Coriander,Herb/spic e,Tamil Nadu,2023,2,Feb,2023-02,6636.5,6939.3,6656.3,283.0,0.04,Balance d,2837,2428,3415,ESTIMATED_ MODEL
3387,C047,Coriander,Herb/spic e,Tamil Nadu,2023,3,Mar,2023-03,6548.0,6851.1,6656.3,194.8,0.03,Balance d,2902,2448,3361,ESTIMATED_ MODEL
3388,C047,Coriander,Herb/spic e,Tamil Nadu,2023,4,Apr,2023-04,6402.7,6706.4,6656.3,50.2,0.01,Balance d,2966,2438,3589,ESTIMATED_ MODEL
3389,C047,Coriander,Herb/spic e,Tamil Nadu,2023,5,May,2023-05,6497.7,6801.1,6656.3,144.8,0.02,Balance d,2945,2479,3371,ESTIMATED_ MODEL
3390,C047,Coriander,Herb/spic e,Tamil Nadu,2023,6,Jun,2023-06,6453.1,6756.6,6656.3,100.4,0.02,Balance d,2898,2345,3208,ESTIMATED_ MODEL
3391,C047,Coriander,Herb/spic e,Tamil Nadu,2023,7,Jul,2023-07,7094.1,7394.9,6656.3,738.6,0.11,Surplus,2793,2287,3284,ESTIMATED_ MODEL
3392,C047,Coriander,Herb/spic e,Tamil Nadu,2023,8,Aug,2023-08,6465.9,6769.4,6656.3,113.1,0.02,Balance d,2963,2440,3675,ESTIMATED_ MODEL
3393,C047,Coriander,Herb/spic e,Tamil Nadu,2023,9,Sep,2023-09,6788.2,7090.3,6656.3,434.0,0.07,Balance d,2960,2652,3629,ESTIMATED_ MODEL
3394,C047,Coriander,Herb/spic e,Tamil Nadu,2023,10,Oct,2023-10,6833.1,7135.1,6656.3,478.8,0.07,Balance d,2854,2304,3383,ESTIMATED_ MODEL
3395,C047,Coriander,Herb/spic e,Tamil Nadu,2023,11,Nov,2023-11,6792.9,7095.0,6656.3,438.7,0.07,Balance d,2891,2558,3612,ESTIMATED_ MODEL
3396,C047,Coriander,Herb/spic e,Tamil Nadu,2023,12,Dec,2023-12,6432.5,6736.1,6656.3,79.8,0.01,Balance d,2906,2425,3277,ESTIMATED_ MODEL
3397,C048,Curry Leaf,Leaf crop,Tamil Nadu,2023,1,Jan,2023-01,2963.2,3100.1,2915.6,184.5,0.06,Balance d,3449,2770,4033,ESTIMATED_ MODEL
3398,C048,Curry Leaf,Leaf crop,Tamil Nadu,2023,2,Feb,2023-02,2979.7,3116.5,2915.6,200.9,0.07,Balance d,3321,2878,4072,ESTIMATED_ MODEL
3399,C048,Curry Leaf,Leaf crop,Tamil Nadu,2023,3,Mar,2023-03,3075.4,3211.8,2915.6,296.2,0.1,Surplus,3314,2793,4134,ESTIMATED_ MODEL
3400,C048,Curry Leaf,Leaf crop,Tamil Nadu,2023,4,Apr,2023-04,2961.6,3098.5,2915.6,182.9,0.06,Balance d,3420,3043,3988,ESTIMATED_ MODEL
3401,C048,Curry Leaf,Leaf crop,Tamil Nadu,2023,5,May,2023-05,3107.9,3244.2,2915.6,328.6,0.11,Surplus,3283,2761,3964,ESTIMATED_ MODEL
3402,C048,Curry Leaf,Leaf crop,Tamil Nadu,2023,6,Jun,2023-06,3005.5,3142.2,2915.6,226.6,0.08,Balance d,3275,2709,3626,ESTIMATED_ MODEL
3403,C048,Curry Leaf,Leaf crop,Tamil Nadu,2023,7,Jul,2023-07,3080.9,3217.3,2915.6,301.7,0.1,Surplus,3328,2938,3673,ESTIMATED_ MODEL
3404,C048,Curry Leaf,Leaf crop,Tamil Nadu,2023,8,Aug,2023-08,2835.1,2972.5,2915.6,56.9,0.02,Balance d,3420,3055,3884,ESTIMATED_ MODEL
3405,C048,Curry Leaf,Leaf crop,Tamil Nadu,2023,9,Sep,2023-09,3086.2,3222.6,2915.6,307.0,0.11,Surplus,3380,3034,4206,ESTIMATED_ MODEL
3406,C048,Curry Leaf,Leaf crop,Tamil Nadu,2023,10,Oct,2023-10,3022.2,3158.8,2915.6,243.2,0.08,Balance d,3298,2671,3701,ESTIMATED_ MODEL
3407,C048,Curry Leaf,Leaf crop,Tamil Nadu,2023,11,Nov,2023-11,2842.9,2980.2,2915.6,64.6,0.02,Balance d,3424,2988,4113,ESTIMATED_ MODEL
3408,C048,Curry Leaf,Leaf crop,Tamil Nadu,2023,12,Dec,2023-12,2849.8,2987.1,2915.6,71.5,0.02,Balance d,3349,2736,3975,ESTIMATED_ MODEL
3409,C049,Moringa/Drumstick,Vegetabl e/tree,Tamil Nadu,2023,1,Jan,2023-01,25699.1,26817.8,23405.2,3412.6,0.15,Surplus,4313,3760,5121,ESTIMATED_ MODEL
3410,C049,Moringa/Drumstick,Vegetabl e/tree,Tamil Nadu,2023,2,Feb,2023-02,24836.2,25958.6,23405.2,2553.4,0.11,Surplus,4413,3540,5344,ESTIMATED_ MODEL
3411,C049,Moringa/Drumstick,Vegetabl e/tree,Tamil Nadu,2023,3,Mar,2023-03,24527.9,25651.5,23405.2,2246.3,0.1,Balance d,4422,3919,4975,ESTIMATED_ MODEL
3412,C049,Moringa/Drumstick,Vegetabl e/tree,Tamil Nadu,2023,4,Apr,2023-04,24392.4,25516.5,23405.2,2111.3,0.09,Balance d,4260,3481,5070,ESTIMATED_ MODEL
3413,C049,Moringa/Drumstick,Vegetabl e/tree,Tamil Nadu,2023,5,May,2023-05,24146.2,25271.4,23405.2,1866.2,0.08,Balance d,4368,3633,5158,ESTIMATED_ MODEL
3414,C049,Moringa/Drumstick,Vegetabl e/tree,Tamil Nadu,2023,6,Jun,2023-06,24309.1,25433.7,23405.2,2028.4,0.09,Balance d,4358,3670,5352,ESTIMATED_ MODEL
3415,C049,Moringa/Drumstick,Vegetabl e/tree,Tamil Nadu,2023,7,Jul,2023-07,23796.1,24922.8,23405.2,1517.6,0.06,Balance d,4393,3543,5242,ESTIMATED_ MODEL
3416,C049,Moringa/Drumstick,Vegetabl e/tree,Tamil Nadu,2023,8,Aug,2023-08,24552.6,25676.1,23405.2,2270.9,0.1,Balance d,4232,3621,5262,ESTIMATED_ MODEL
3417,C049,Moringa/Drumstick,Vegetabl e/tree,Tamil Nadu,2023,9,Sep,2023-09,23621.3,24748.7,23405.2,1343.4,0.06,Balance d,4426,3720,5062,ESTIMATED_ MODEL
3418,C049,Moringa/Drumstick,Vegetabl e/tree,Tamil Nadu,2023,10,Oct,2023-10,24071.0,25196.5,23405.2,1791.3,0.08,Balance d,4245,3622,4742,ESTIMATED_ MODEL
3419,C049,Moringa/Drumstick,Vegetabl e/tree,Tamil Nadu,2023,11,Nov,2023-11,25752.9,26871.4,23405.2,3466.2,0.15,Surplus,4280,3425,4916,ESTIMATED_ MODEL
3420,C049,Moringa/Drumstick,Vegetabl e/tree,Tamil Nadu,2023,12,Dec,2023-12,24488.4,25612.2,23405.2,2207.0,0.09,Balance d,4229,3794,5114,ESTIMATED_ MODEL
3421,C050,Jasmine,Flower,Tamil Nadu,2023,1,Jan,2023-01,4777.2,4777.2,5936.7,-1159.5,-0.2,Shortag e,14940,12231,17861,ESTIMATED_ MODEL
3422,C050,Jasmine,Flower,Tamil Nadu,2023,2,Feb,2023-02,5032.7,5032.7,4947.2,85.5,0.02,Balance d,14512,11759,16393,ESTIMATED_ MODEL
3423,C050,Jasmine,Flower,Tamil Nadu,2023,3,Mar,2023-03,4849.8,4849.8,4947.2,-97.4,-0.02,Balance d,14575,12953,17270,ESTIMATED_ MODEL
3424,C050,Jasmine,Flower,Tamil Nadu,2023,4,Apr,2023-04,5044.5,5044.5,4947.2,97.3,0.02,Balance d,14665,12229,17389,ESTIMATED_ MODEL
3425,C050,Jasmine,Flower,Tamil Nadu,2023,5,May,2023-05,5224.7,5224.7,4947.2,277.5,0.06,Balance d,14381,12453,15928,ESTIMATED_ MODEL
3426,C050,Jasmine,Flower,Tamil Nadu,2023,6,Jun,2023-06,5092.3,5092.3,4947.2,145.1,0.03,Balance d,14480,12012,16636,ESTIMATED_ MODEL
3427,C050,Jasmine,Flower,Tamil Nadu,2023,7,Jul,2023-07,5103.2,5103.2,4947.2,156.0,0.03,Balance d,14883,12178,17066,ESTIMATED_ MODEL
3428,C050,Jasmine,Flower,Tamil Nadu,2023,8,Aug,2023-08,5047.3,5047.3,4947.2,100.1,0.02,Balance d,14514,12864,16873,ESTIMATED_ MODEL
3429,C050,Jasmine,Flower,Tamil Nadu,2023,9,Sep,2023-09,5280.1,5280.1,5689.3,-409.2,-0.07,Balance d,14919,13213,17105,ESTIMATED_ MODEL
3430,C050,Jasmine,Flower,Tamil Nadu,2023,10,Oct,2023-10,5282.9,5282.9,6184.0,-901.2,-0.15,Shortag e,14774,12346,18097,ESTIMATED_ MODEL
3431,C050,Jasmine,Flower,Tamil Nadu,2023,11,Nov,2023-11,5030.2,5030.2,4947.2,83.0,0.02,Balance d,14115,11727,16965,ESTIMATED_ MODEL
3432,C050,Jasmine,Flower,Tamil Nadu,2023,12,Dec,2023-12,4905.5,4905.5,4947.2,-41.7,-0.01,Balance d,14625,12338,17272,ESTIMATED_ MODEL
3433,C051,Marigold,Flower,Tamil Nadu,2023,1,Jan,2023-01,12508.5,12508.5,13666.6,-1158.1,-0.08,Balance d,3872,3246,4467,ESTIMATED_ MODEL
3434,C051,Marigold,Flower,Tamil Nadu,2023,2,Feb,2023-02,12616.0,12616.0,12424.2,191.8,0.02,Balance d,3841,3195,4583,ESTIMATED_ MODEL
3435,C051,Marigold,Flower,Tamil Nadu,2023,3,Mar,2023-03,13220.6,13220.6,12424.2,796.4,0.06,Balance d,3764,3330,4599,ESTIMATED_ MODEL
3436,C051,Marigold,Flower,Tamil Nadu,2023,4,Apr,2023-04,12251.4,12251.4,12424.2,-172.8,-0.01,Balance d,3882,3437,4414,ESTIMATED_ MODEL
3437,C051,Marigold,Flower,Tamil Nadu,2023,5,May,2023-05,13170.2,13170.2,12424.2,745.9,0.06,Balance d,3732,3217,4362,ESTIMATED_ MODEL
3438,C051,Marigold,Flower,Tamil Nadu,2023,6,Jun,2023-06,12831.7,12831.7,12424.2,407.5,0.03,Balance d,3876,3449,4828,ESTIMATED_ MODEL
3439,C051,Marigold,Flower,Tamil Nadu,2023,7,Jul,2023-07,11887.4,11887.4,12424.2,-536.8,-0.04,Balance d,3936,3449,4379,ESTIMATED_ MODEL
3440,C051,Marigold,Flower,Tamil Nadu,2023,8,Aug,2023-08,12953.4,12953.4,12424.2,529.2,0.04,Balance d,3776,3297,4398,ESTIMATED_ MODEL
3441,C051,Marigold,Flower,Tamil Nadu,2023,9,Sep,2023-09,11910.4,11910.4,14287.8,-2377.4,-0.17,Shortag e,3964,3293,4721,ESTIMATED_ MODEL
3442,C051,Marigold,Flower,Tamil Nadu,2023,10,Oct,2023-10,13366.2,13366.2,15530.3,-2164.0,-0.14,Shortag e,3887,3353,4377,ESTIMATED_ MODEL
3443,C051,Marigold,Flower,Tamil Nadu,2023,11,Nov,2023-11,13177.4,13177.4,12424.2,753.2,0.06,Balance d,3743,3118,4247,ESTIMATED_ MODEL
3444,C051,Marigold,Flower,Tamil Nadu,2023,12,Dec,2023-12,12306.7,12306.7,12424.2,-117.5,-0.01,Balance d,3976,3202,4479,ESTIMATED_ MODEL
3445,C052,Rose,Flower,Tamil Nadu,2023,1,Jan,2023-01,1660.4,1660.4,1803.2,-142.7,-0.08,Balance d,8010,6505,9070,ESTIMATED_ MODEL
3446,C052,Rose,Flower,Tamil Nadu,2023,2,Feb,2023-02,1573.5,1573.5,2131.0,-557.5,-0.26,Shortag e,7849,6389,9713,ESTIMATED_ MODEL
3447,C052,Rose,Flower,Tamil Nadu,2023,3,Mar,2023-03,1565.8,1565.8,1639.3,-73.4,-0.04,Balance d,7793,6295,9694,ESTIMATED_ MODEL
3448,C052,Rose,Flower,Tamil Nadu,2023,4,Apr,2023-04,1761.7,1761.7,1639.3,122.4,0.07,Balance d,7849,6872,9733,ESTIMATED_ MODEL
3449,C052,Rose,Flower,Tamil Nadu,2023,5,May,2023-05,1696.0,1696.0,1639.3,56.7,0.03,Balance d,7589,6706,9133,ESTIMATED_ MODEL
3450,C052,Rose,Flower,Tamil Nadu,2023,6,Jun,2023-06,1637.4,1637.4,1639.3,-1.9,-0.0,Balance d,7933,6979,9139,ESTIMATED_ MODEL
3451,C052,Rose,Flower,Tamil Nadu,2023,7,Jul,2023-07,1658.3,1658.3,1639.3,19.1,0.01,Balance d,7874,6506,9049,ESTIMATED_ MODEL
3452,C052,Rose,Flower,Tamil Nadu,2023,8,Aug,2023-08,1617.6,1617.6,1639.3,-21.7,-0.01,Balance d,7592,6784,8683,ESTIMATED_ MODEL
3453,C052,Rose,Flower,Tamil Nadu,2023,9,Sep,2023-09,1633.3,1633.3,1639.3,-6.0,-0.0,Balance d,7773,6523,9670,ESTIMATED_ MODEL
3454,C052,Rose,Flower,Tamil Nadu,2023,10,Oct,2023-10,1694.0,1694.0,1967.1,-273.1,-0.14,Shortag e,7844,6886,9635,ESTIMATED_ MODEL
3455,C052,Rose,Flower,Tamil Nadu,2023,11,Nov,2023-11,1740.7,1740.7,1639.3,101.4,0.06,Balance d,7658,6416,9282,ESTIMATED_ MODEL
3456,C052,Rose,Flower,Tamil Nadu,2023,12,Dec,2023-12,1601.1,1601.1,1639.3,-38.1,-0.02,Balance d,7979,6985,9049,ESTIMATED_ MODEL
3457,C053,Tuberose,Flower,Tamil Nadu,2023,1,Jan,2023-01,2437.5,2437.5,2677.2,-239.7,-0.09,Balance d,8092,6700,10086,ESTIMATED_ MODEL
3458,C053,Tuberose,Flower,Tamil Nadu,2023,2,Feb,2023-02,2493.5,2493.5,2433.8,59.7,0.02,Balance d,7583,6340,9198,ESTIMATED_ MODEL
3459,C053,Tuberose,Flower,Tamil Nadu,2023,3,Mar,2023-03,2569.1,2569.1,2433.8,135.3,0.06,Balance d,7768,6666,9163,ESTIMATED_ MODEL
3460,C053,Tuberose,Flower,Tamil Nadu,2023,4,Apr,2023-04,2378.5,2378.5,2433.8,-55.3,-0.02,Balance d,7946,6543,9268,ESTIMATED_ MODEL
3461,C053,Tuberose,Flower,Tamil Nadu,2023,5,May,2023-05,2555.2,2555.2,2433.8,121.4,0.05,Balance d,7541,6482,8579,ESTIMATED_ MODEL
3462,C053,Tuberose,Flower,Tamil Nadu,2023,6,Jun,2023-06,2499.4,2499.4,2433.8,65.6,0.03,Balance d,7651,6481,8447,ESTIMATED_ MODEL
3463,C053,Tuberose,Flower,Tamil Nadu,2023,7,Jul,2023-07,2587.5,2587.5,2433.8,153.7,0.06,Balance d,7496,6511,8728,ESTIMATED_ MODEL
3464,C053,Tuberose,Flower,Tamil Nadu,2023,8,Aug,2023-08,2373.6,2373.6,2433.8,-60.2,-0.02,Balance d,7958,6919,8764,ESTIMATED_ MODEL
3465,C053,Tuberose,Flower,Tamil Nadu,2023,9,Sep,2023-09,2447.4,2447.4,2433.8,13.5,0.01,Balance d,7807,6319,9503,ESTIMATED_ MODEL
3466,C053,Tuberose,Flower,Tamil Nadu,2023,10,Oct,2023-10,2569.6,2569.6,2920.6,-351.0,-0.12,Shortag e,8128,6934,9774,ESTIMATED_ MODEL
3467,C053,Tuberose,Flower,Tamil Nadu,2023,11,Nov,2023-11,2328.3,2328.3,2433.8,-105.5,-0.04,Balance d,7688,6486,9444,ESTIMATED_ MODEL
3468,C053,Tuberose,Flower,Tamil Nadu,2023,12,Dec,2023-12,2355.9,2355.9,2433.8,-77.9,-0.03,Balance d,7642,6316,8917,ESTIMATED_ MODEL
3469,C054,Chrysanthemum,Flower,Tamil Nadu,2023,1,Jan,2023-01,1631.4,1631.4,1794.3,-162.9,-0.09,Balance d,9004,7502,10705,ESTIMATED_ MODEL
3470,C054,Chrysanthemum,Flower,Tamil Nadu,2023,2,Feb,2023-02,1741.1,1741.1,1631.2,109.8,0.07,Balance d,8639,7728,10471,ESTIMATED_ MODEL
3471,C054,Chrysanthemum,Flower,Tamil Nadu,2023,3,Mar,2023-03,1575.5,1575.5,1631.2,-55.8,-0.03,Balance d,8895,7157,10518,ESTIMATED_ MODEL
3472,C054,Chrysanthemum,Flower,Tamil Nadu,2023,4,Apr,2023-04,1630.4,1630.4,1631.2,-0.8,-0.0,Balance d,8713,7779,9921,ESTIMATED_ MODEL
3473,C054,Chrysanthemum,Flower,Tamil Nadu,2023,5,May,2023-05,1697.6,1697.6,1631.2,66.4,0.04,Balance d,8556,7196,9724,ESTIMATED_ MODEL
3474,C054,Chrysanthemum,Flower,Tamil Nadu,2023,6,Jun,2023-06,1601.6,1601.6,1631.2,-29.6,-0.02,Balance d,8559,7581,10132,ESTIMATED_ MODEL
3475,C054,Chrysanthemum,Flower,Tamil Nadu,2023,7,Jul,2023-07,1687.1,1687.1,1631.2,55.9,0.03,Balance d,8874,7837,10137,ESTIMATED_ MODEL
3476,C054,Chrysanthemum,Flower,Tamil Nadu,2023,8,Aug,2023-08,1589.3,1589.3,1631.2,-41.9,-0.03,Balance d,8788,7104,10874,ESTIMATED_ MODEL
3477,C054,Chrysanthemum,Flower,Tamil Nadu,2023,9,Sep,2023-09,1567.8,1567.8,1631.2,-63.4,-0.04,Balance d,8730,7328,10000,ESTIMATED_ MODEL
3478,C054,Chrysanthemum,Flower,Tamil Nadu,2023,10,Oct,2023-10,1580.7,1580.7,2039.0,-458.3,-0.22,Shortag e,9003,7429,10410,ESTIMATED_ MODEL
3479,C054,Chrysanthemum,Flower,Tamil Nadu,2023,11,Nov,2023-11,1741.5,1741.5,1631.2,110.3,0.07,Balance d,8798,7772,10079,ESTIMATED_ MODEL
3480,C054,Chrysanthemum,Flower,Tamil Nadu,2023,12,Dec,2023-12,1666.3,1666.3,1631.2,35.1,0.02,Balance d,8685,7707,9622,ESTIMATED_ MODEL
3481,C055,Coconut,Plantatio n,Tamil Nadu,2023,1,Jan,2023-01,183045.7,305113.9,236033.4,69080.5,0.29,Surplus,5001,4380,5569,ESTIMATED_ MODEL
3482,C055,Coconut,Plantatio n,Tamil Nadu,2023,2,Feb,2023-02,193487.5,314946.6,214575.8,100370.8,0.47,Surplus,4965,4004,5727,ESTIMATED_ MODEL
3483,C055,Coconut,Plantatio n,Tamil Nadu,2023,3,Mar,2023-03,191305.6,312892.0,214575.8,98316.2,0.46,Surplus,5000,4278,5804,ESTIMATED_ MODEL
3484,C055,Coconut,Plantatio n,Tamil Nadu,2023,4,Apr,2023-04,190632.5,312258.1,214575.8,97682.3,0.46,Surplus,4947,4070,5781,ESTIMATED_ MODEL
3485,C055,Coconut,Plantatio n,Tamil Nadu,2023,5,May,2023-05,197597.9,318817.2,214575.8,104241.4,0.49,Surplus,5091,4506,5711,ESTIMATED_ MODEL
3486,C055,Coconut,Plantatio n,Tamil Nadu,2023,6,Jun,2023-06,180372.2,302596.4,214575.8,88020.6,0.41,Surplus,4856,4338,5725,ESTIMATED_ MODEL
3487,C055,Coconut,Plantatio n,Tamil Nadu,2023,7,Jul,2023-07,185951.8,307850.5,214575.8,93274.7,0.43,Surplus,4999,4389,5735,ESTIMATED_ MODEL
3488,C055,Coconut,Plantatio n,Tamil Nadu,2023,8,Aug,2023-08,190298.6,311943.7,214575.8,97367.9,0.45,Surplus,4966,4453,5963,ESTIMATED_ MODEL
3489,C055,Coconut,Plantatio n,Tamil Nadu,2023,9,Sep,2023-09,196505.1,317788.2,236033.4,81754.8,0.35,Surplus,4946,4023,5593,ESTIMATED_ MODEL
3490,C055,Coconut,Plantatio n,Tamil Nadu,2023,10,Oct,2023-10,182983.4,305055.2,236033.4,69021.9,0.29,Surplus,5186,4302,5721,ESTIMATED_ MODEL
3491,C055,Coconut,Plantatio n,Tamil Nadu,2023,11,Nov,2023-11,196315.1,317609.3,214575.8,103033.5,0.48,Surplus,5092,4160,5609,ESTIMATED_ MODEL
3492,C055,Coconut,Plantatio n,Tamil Nadu,2023,12,Dec,2023-12,187147.7,308976.6,214575.8,94400.8,0.44,Surplus,4898,4034,5698,ESTIMATED_ MODEL
3493,C056,Arecanut,Plantatio n,Tamil Nadu,2023,1,Jan,2023-01,860.3,1454.0,810.5,643.5,0.79,Surplus,37529,31442,45131,ESTIMATED_ MODEL
3494,C056,Arecanut,Plantatio n,Tamil Nadu,2023,2,Feb,2023-02,818.6,1415.0,810.5,604.6,0.75,Surplus,38054,32053,45041,ESTIMATED_ MODEL
3495,C056,Arecanut,Plantatio n,Tamil Nadu,2023,3,Mar,2023-03,814.0,1410.8,810.5,600.3,0.74,Surplus,39817,33152,44597,ESTIMATED_ MODEL
3496,C056,Arecanut,Plantatio n,Tamil Nadu,2023,4,Apr,2023-04,828.3,1424.1,810.5,613.6,0.76,Surplus,38664,33819,43168,ESTIMATED_ MODEL
3497,C056,Arecanut,Plantatio n,Tamil Nadu,2023,5,May,2023-05,797.5,1395.4,810.5,584.9,0.72,Surplus,38727,31051,42795,ESTIMATED_ MODEL
3498,C056,Arecanut,Plantatio n,Tamil Nadu,2023,6,Jun,2023-06,778.6,1377.7,810.5,567.3,0.7,Surplus,39022,32381,47871,ESTIMATED_ MODEL
3499,C056,Arecanut,Plantatio n,Tamil Nadu,2023,7,Jul,2023-07,866.2,1459.5,810.5,649.0,0.8,Surplus,38674,32695,44908,ESTIMATED_ MODEL
3500,C056,Arecanut,Plantatio n,Tamil Nadu,2023,8,Aug,2023-08,791.9,1390.1,810.5,579.7,0.72,Surplus,38959,31325,48073,ESTIMATED_ MODEL
3501,C056,Arecanut,Plantatio n,Tamil Nadu,2023,9,Sep,2023-09,793.0,1391.2,810.5,580.7,0.72,Surplus,40263,32941,45016,ESTIMATED_ MODEL
3502,C056,Arecanut,Plantatio n,Tamil Nadu,2023,10,Oct,2023-10,820.1,1416.5,810.5,606.0,0.75,Surplus,37820,32756,45355,ESTIMATED_ MODEL
3503,C056,Arecanut,Plantatio n,Tamil Nadu,2023,11,Nov,2023-11,822.0,1418.2,810.5,607.8,0.75,Surplus,39651,34702,46291,ESTIMATED_ MODEL
3504,C056,Arecanut,Plantatio n,Tamil Nadu,2023,12,Dec,2023-12,775.3,1374.6,810.5,564.2,0.7,Surplus,39388,34221,46356,ESTIMATED_ MODEL
3505,C057,Cashew,Plantatio n,Tamil Nadu,2023,1,Jan,2023-01,0.0,2034.1,3942.9,-1908.8,-0.48,Shortag e,12585,10722,15130,ESTIMATED_ MODEL
3506,C057,Cashew,Plantatio n,Tamil Nadu,2023,2,Feb,2023-02,6108.9,7735.7,3942.9,3792.8,0.96,Surplus,9925,8179,10919,ESTIMATED_ MODEL
3507,C057,Cashew,Plantatio n,Tamil Nadu,2023,3,Mar,2023-03,6045.8,7676.8,3942.9,3733.9,0.95,Surplus,10028,8615,12493,ESTIMATED_ MODEL
3508,C057,Cashew,Plantatio n,Tamil Nadu,2023,4,Apr,2023-04,6108.1,7734.9,3942.9,3792.1,0.96,Surplus,9864,8280,11149,ESTIMATED_ MODEL
3509,C057,Cashew,Plantatio n,Tamil Nadu,2023,5,May,2023-05,6085.7,7714.0,3942.9,3771.2,0.96,Surplus,9670,8483,10999,ESTIMATED_ MODEL
3510,C057,Cashew,Plantatio n,Tamil Nadu,2023,6,Jun,2023-06,6162.3,7785.6,3942.9,3842.7,0.97,Surplus,10014,8700,11723,ESTIMATED_ MODEL
3511,C057,Cashew,Plantatio n,Tamil Nadu,2023,7,Jul,2023-07,0.0,2034.1,3942.9,-1908.8,-0.48,Shortag e,12748,10764,14567,ESTIMATED_ MODEL
3512,C057,Cashew,Plantatio n,Tamil Nadu,2023,8,Aug,2023-08,0.0,2034.1,3942.9,-1908.8,-0.48,Shortag e,12761,11308,14352,ESTIMATED_ MODEL
3513,C057,Cashew,Plantatio n,Tamil Nadu,2023,9,Sep,2023-09,0.0,2034.1,3942.9,-1908.8,-0.48,Shortag e,12154,9832,13892,ESTIMATED_ MODEL
3514,C057,Cashew,Plantatio n,Tamil Nadu,2023,10,Oct,2023-10,0.0,2034.1,4534.3,-2500.3,-0.55,Shortag e,12932,11068,14949,ESTIMATED_ MODEL
3515,C057,Cashew,Plantatio n,Tamil Nadu,2023,11,Nov,2023-11,0.0,2034.1,4337.2,-2303.1,-0.53,Shortag e,12838,10852,14729,ESTIMATED_ MODEL
3516,C057,Cashew,Plantatio n,Tamil Nadu,2023,12,Dec,2023-12,0.0,2034.1,4337.2,-2303.1,-0.53,Shortag e,12875,11394,15792,ESTIMATED_ MODEL
3517,C058,Coffee,Plantatio n,Tamil Nadu,2023,1,Jan,2023-01,2585.9,3425.3,1230.8,2194.5,1.78,Surplus,20354,16364,24719,ESTIMATED_ MODEL
3518,C058,Coffee,Plantatio n,Tamil Nadu,2023,2,Feb,2023-02,2402.9,3254.6,1230.8,2023.8,1.64,Surplus,19921,17194,22169,ESTIMATED_ MODEL
3519,C058,Coffee,Plantatio n,Tamil Nadu,2023,3,Mar,2023-03,2521.0,3364.8,1230.8,2134.0,1.73,Surplus,21098,17494,23924,ESTIMATED_ MODEL
3520,C058,Coffee,Plantatio n,Tamil Nadu,2023,4,Apr,2023-04,2644.2,3479.8,1230.8,2249.0,1.83,Surplus,19765,17682,23852,ESTIMATED_ MODEL
3521,C058,Coffee,Plantatio n,Tamil Nadu,2023,5,May,2023-05,0.0,1011.9,1230.8,-218.9,-0.18,Shortag e,28278,24035,33120,ESTIMATED_ MODEL
3522,C058,Coffee,Plantatio n,Tamil Nadu,2023,6,Jun,2023-06,0.0,1011.9,1230.8,-218.9,-0.18,Shortag e,27249,23324,30983,ESTIMATED_ MODEL
3523,C058,Coffee,Plantatio n,Tamil Nadu,2023,7,Jul,2023-07,0.0,1011.9,1230.8,-218.9,-0.18,Shortag e,28662,25213,33304,ESTIMATED_ MODEL
3524,C058,Coffee,Plantatio n,Tamil Nadu,2023,8,Aug,2023-08,0.0,1011.9,1230.8,-218.9,-0.18,Shortag e,27316,23998,30548,ESTIMATED_ MODEL
3525,C058,Coffee,Plantatio n,Tamil Nadu,2023,9,Sep,2023-09,0.0,1011.9,1230.8,-218.9,-0.18,Shortag e,27378,22481,32403,ESTIMATED_ MODEL
3526,C058,Coffee,Plantatio n,Tamil Nadu,2023,10,Oct,2023-10,0.0,1011.9,1230.8,-218.9,-0.18,Shortag e,28352,23573,31547,ESTIMATED_ MODEL
3527,C058,Coffee,Plantatio n,Tamil Nadu,2023,11,Nov,2023-11,2436.4,3285.8,1230.8,2055.0,1.67,Surplus,20312,17769,23018,ESTIMATED_ MODEL
3528,C058,Coffee,Plantatio n,Tamil Nadu,2023,12,Dec,2023-12,2587.4,3426.7,1230.8,2195.9,1.78,Surplus,19913,17817,24755,ESTIMATED_ MODEL
3529,C059,Tea,Plantatio n,Tamil Nadu,2023,1,Jan,2023-01,63853.9,69505.8,54591.0,14914.8,0.27,Surplus,1903,1574,2117,ESTIMATED_ MODEL
3530,C059,Tea,Plantatio n,Tamil Nadu,2023,2,Feb,2023-02,59276.2,64966.3,54591.0,10375.3,0.19,Surplus,1902,1646,2120,ESTIMATED_ MODEL
3531,C059,Tea,Plantatio n,Tamil Nadu,2023,3,Mar,2023-03,59452.0,65140.7,54591.0,10549.7,0.19,Surplus,1862,1675,2238,ESTIMATED_ MODEL
3532,C059,Tea,Plantatio n,Tamil Nadu,2023,4,Apr,2023-04,60399.7,66080.4,54591.0,11489.4,0.21,Surplus,1905,1565,2118,ESTIMATED_ MODEL
3533,C059,Tea,Plantatio n,Tamil Nadu,2023,5,May,2023-05,60236.4,65918.5,54591.0,11327.5,0.21,Surplus,1853,1529,2104,ESTIMATED_ MODEL
3534,C059,Tea,Plantatio n,Tamil Nadu,2023,6,Jun,2023-06,64954.0,70596.7,54591.0,16005.7,0.29,Surplus,1818,1559,2090,ESTIMATED_ MODEL
3535,C059,Tea,Plantatio n,Tamil Nadu,2023,7,Jul,2023-07,63716.5,69369.6,54591.0,14778.6,0.27,Surplus,1898,1553,2220,ESTIMATED_ MODEL
3536,C059,Tea,Plantatio n,Tamil Nadu,2023,8,Aug,2023-08,63235.7,68892.8,54591.0,14301.8,0.26,Surplus,1807,1532,2003,ESTIMATED_ MODEL
3537,C059,Tea,Plantatio n,Tamil Nadu,2023,9,Sep,2023-09,59259.8,64950.0,54591.0,10359.0,0.19,Surplus,1940,1705,2277,ESTIMATED_ MODEL
3538,C059,Tea,Plantatio n,Tamil Nadu,2023,10,Oct,2023-10,64606.6,70252.3,54591.0,15661.3,0.29,Surplus,1808,1553,2195,ESTIMATED_ MODEL
3539,C059,Tea,Plantatio n,Tamil Nadu,2023,11,Nov,2023-11,64003.2,69653.9,54591.0,15062.9,0.28,Surplus,1823,1562,2228,ESTIMATED_ MODEL
3540,C059,Tea,Plantatio n,Tamil Nadu,2023,12,Dec,2023-12,59094.8,64786.4,54591.0,10195.4,0.19,Surplus,1916,1687,2361,ESTIMATED_ MODEL
3541,C001,Rice/Paddy,Cereal,Tamil Nadu,2024,1,Jan,2024-01,3625096.0,4155742.6,1028500.0,3127242.6,3.04,Surplus,1752,1576,1931,ESTIMATED_ MODEL
3542,C001,Rice/Paddy,Cereal,Tamil Nadu,2024,2,Feb,2024-02,3696925.1,4222483.8,935000.0,3287483.8,3.52,Surplus,1705,1411,1942,ESTIMATED_ MODEL
3543,C001,Rice/Paddy,Cereal,Tamil Nadu,2024,3,Mar,2024-03,0.0,787424.3,935000.0,-147575.7,-0.16,Shortag e,2316,2017,2577,ESTIMATED_ MODEL
3544,C001,Rice/Paddy,Cereal,Tamil Nadu,2024,4,Apr,2024-04,0.0,787424.3,935000.0,-147575.7,-0.16,Shortag e,2387,2075,2716,ESTIMATED_ MODEL
3545,C001,Rice/Paddy,Cereal,Tamil Nadu,2024,5,May,2024-05,0.0,787424.3,935000.0,-147575.7,-0.16,Shortag e,2320,2002,2817,ESTIMATED_ MODEL
3546,C001,Rice/Paddy,Cereal,Tamil Nadu,2024,6,Jun,2024-06,0.0,787424.3,935000.0,-147575.7,-0.16,Shortag e,2406,2130,2995,ESTIMATED_ MODEL
3547,C001,Rice/Paddy,Cereal,Tamil Nadu,2024,7,Jul,2024-07,0.0,787424.3,935000.0,-147575.7,-0.16,Shortag e,2365,2107,2889,ESTIMATED_ MODEL
3548,C001,Rice/Paddy,Cereal,Tamil Nadu,2024,8,Aug,2024-08,0.0,787424.3,935000.0,-147575.7,-0.16,Shortag e,2408,1929,2998,ESTIMATED_ MODEL
3549,C001,Rice/Paddy,Cereal,Tamil Nadu,2024,9,Sep,2024-09,0.0,787424.3,935000.0,-147575.7,-0.16,Shortag e,2350,2068,2630,ESTIMATED_ MODEL
3550,C001,Rice/Paddy,Cereal,Tamil Nadu,2024,10,Oct,2024-10,0.0,787424.3,981750.0,-194325.7,-0.2,Shortag e,2353,1947,2692,ESTIMATED_ MODEL
3551,C001,Rice/Paddy,Cereal,Tamil Nadu,2024,11,Nov,2024-11,0.0,787424.3,935000.0,-147575.7,-0.16,Shortag e,2302,2027,2535,ESTIMATED_ MODEL
3552,C001,Rice/Paddy,Cereal,Tamil Nadu,2024,12,Dec,2024-12,3794556.9,4313200.0,935000.0,3378200.0,3.61,Surplus,1699,1388,2019,ESTIMATED_ MODEL
3553,C002,Maize,Cereal,Tamil Nadu,2024,1,Jan,2024-01,279185.4,379044.4,220416.7,158627.7,0.72,Surplus,1975,1628,2318,ESTIMATED_ MODEL
3554,C002,Maize,Cereal,Tamil Nadu,2024,2,Feb,2024-02,287097.7,386561.0,220416.7,166144.3,0.75,Surplus,1895,1522,2217,ESTIMATED_ MODEL
3555,C002,Maize,Cereal,Tamil Nadu,2024,3,Mar,2024-03,292767.8,391947.6,220416.7,171530.9,0.78,Surplus,1929,1570,2321,ESTIMATED_ MODEL
3556,C002,Maize,Cereal,Tamil Nadu,2024,4,Apr,2024-04,274435.0,374531.5,220416.7,154114.8,0.7,Surplus,2034,1707,2428,ESTIMATED_ MODEL
3557,C002,Maize,Cereal,Tamil Nadu,2024,5,May,2024-05,0.0,113818.2,220416.7,-106598.4,-0.48,Shortag e,2420,2137,2831,ESTIMATED_ MODEL
3558,C002,Maize,Cereal,Tamil Nadu,2024,6,Jun,2024-06,0.0,113818.2,220416.7,-106598.4,-0.48,Shortag e,2390,1943,2813,ESTIMATED_ MODEL
3559,C002,Maize,Cereal,Tamil Nadu,2024,7,Jul,2024-07,0.0,113818.2,220416.7,-106598.4,-0.48,Shortag e,2330,1901,2712,ESTIMATED_ MODEL
3560,C002,Maize,Cereal,Tamil Nadu,2024,8,Aug,2024-08,276305.1,376308.1,220416.7,155891.5,0.71,Surplus,1917,1668,2240,ESTIMATED_ MODEL
3561,C002,Maize,Cereal,Tamil Nadu,2024,9,Sep,2024-09,278777.5,378656.9,220416.7,158240.2,0.72,Surplus,1967,1602,2205,ESTIMATED_ MODEL
3562,C002,Maize,Cereal,Tamil Nadu,2024,10,Oct,2024-10,303844.3,402470.3,220416.7,182053.7,0.83,Surplus,1938,1741,2160,ESTIMATED_ MODEL
3563,C002,Maize,Cereal,Tamil Nadu,2024,11,Nov,2024-11,283951.8,383572.4,220416.7,163155.7,0.74,Surplus,1927,1709,2141,ESTIMATED_ MODEL
3564,C002,Maize,Cereal,Tamil Nadu,2024,12,Dec,2024-12,0.0,113818.2,220416.7,-106598.4,-0.48,Shortag e,2409,2053,2797,ESTIMATED_ MODEL
3565,C003,Sorghum/Cholam,Millet,Tamil Nadu,2024,1,Jan,2024-01,62441.9,79807.6,28000.0,51807.6,1.85,Surplus,2457,2029,2930,ESTIMATED_ MODEL
3566,C003,Sorghum/Cholam,Millet,Tamil Nadu,2024,2,Feb,2024-02,62508.6,79869.9,26666.7,53203.2,2.0,Surplus,2392,2101,2742,ESTIMATED_ MODEL
3567,C003,Sorghum/Cholam,Millet,Tamil Nadu,2024,3,Mar,2024-03,66955.3,84020.1,26666.7,57353.5,2.15,Surplus,2427,2156,2816,ESTIMATED_ MODEL
3568,C003,Sorghum/Cholam,Millet,Tamil Nadu,2024,4,Apr,2024-04,0.0,21528.5,26666.7,-5138.1,-0.19,Shortag e,3209,2733,3696,ESTIMATED_ MODEL
3569,C003,Sorghum/Cholam,Millet,Tamil Nadu,2024,5,May,2024-05,0.0,21528.5,26666.7,-5138.1,-0.19,Shortag e,3325,2976,3900,ESTIMATED_ MODEL
3570,C003,Sorghum/Cholam,Millet,Tamil Nadu,2024,6,Jun,2024-06,0.0,21528.5,26666.7,-5138.1,-0.19,Shortag e,3285,2843,3665,ESTIMATED_ MODEL
3571,C003,Sorghum/Cholam,Millet,Tamil Nadu,2024,7,Jul,2024-07,0.0,21528.5,26666.7,-5138.1,-0.19,Shortag e,3245,2894,3895,ESTIMATED_ MODEL
3572,C003,Sorghum/Cholam,Millet,Tamil Nadu,2024,8,Aug,2024-08,0.0,21528.5,26666.7,-5138.1,-0.19,Shortag e,3199,2624,3846,ESTIMATED_ MODEL
3573,C003,Sorghum/Cholam,Millet,Tamil Nadu,2024,9,Sep,2024-09,65718.7,82866.0,26666.7,56199.4,2.11,Surplus,2450,2166,2803,ESTIMATED_ MODEL
3574,C003,Sorghum/Cholam,Millet,Tamil Nadu,2024,10,Oct,2024-10,65303.5,82478.4,26666.7,55811.8,2.09,Surplus,2482,2123,2990,ESTIMATED_ MODEL
3575,C003,Sorghum/Cholam,Millet,Tamil Nadu,2024,11,Nov,2024-11,0.0,21528.5,26666.7,-5138.1,-0.19,Shortag e,3311,2689,4120,ESTIMATED_ MODEL
3576,C003,Sorghum/Cholam,Millet,Tamil Nadu,2024,12,Dec,2024-12,0.0,21528.5,26666.7,-5138.1,-0.19,Shortag e,3220,2658,3935,ESTIMATED_ MODEL
3577,C004,Pearl Millet/Kambu,Millet,Tamil Nadu,2024,1,Jan,2024-01,31217.3,39181.5,12500.0,26681.5,2.13,Surplus,2005,1650,2461,ESTIMATED_ MODEL
3578,C004,Pearl Millet/Kambu,Millet,Tamil Nadu,2024,2,Feb,2024-02,30056.7,38098.2,12500.0,25598.2,2.05,Surplus,1893,1624,2335,ESTIMATED_ MODEL
3579,C004,Pearl Millet/Kambu,Millet,Tamil Nadu,2024,3,Mar,2024-03,29557.2,37632.1,12500.0,25132.1,2.01,Surplus,1945,1701,2375,ESTIMATED_ MODEL
3580,C004,Pearl Millet/Kambu,Millet,Tamil Nadu,2024,4,Apr,2024-04,0.0,10045.4,12500.0,-2454.6,-0.2,Shortag e,2713,2421,3166,ESTIMATED_ MODEL
3581,C004,Pearl Millet/Kambu,Millet,Tamil Nadu,2024,5,May,2024-05,0.0,10045.4,12500.0,-2454.6,-0.2,Shortag e,2625,2113,2985,ESTIMATED_ MODEL
3582,C004,Pearl Millet/Kambu,Millet,Tamil Nadu,2024,6,Jun,2024-06,0.0,10045.4,12500.0,-2454.6,-0.2,Shortag e,2620,2242,2955,ESTIMATED_ MODEL
3583,C004,Pearl Millet/Kambu,Millet,Tamil Nadu,2024,7,Jul,2024-07,0.0,10045.4,12500.0,-2454.6,-0.2,Shortag e,2604,2093,3190,ESTIMATED_ MODEL
3584,C004,Pearl Millet/Kambu,Millet,Tamil Nadu,2024,8,Aug,2024-08,0.0,10045.4,12500.0,-2454.6,-0.2,Shortag e,2690,2249,3320,ESTIMATED_ MODEL
3585,C004,Pearl Millet/Kambu,Millet,Tamil Nadu,2024,9,Sep,2024-09,31518.6,39462.8,12500.0,26962.8,2.16,Surplus,1882,1690,2245,ESTIMATED_ MODEL
3586,C004,Pearl Millet/Kambu,Millet,Tamil Nadu,2024,10,Oct,2024-10,28330.5,36487.2,12500.0,23987.2,1.92,Surplus,1900,1649,2308,ESTIMATED_ MODEL
3587,C004,Pearl Millet/Kambu,Millet,Tamil Nadu,2024,11,Nov,2024-11,0.0,10045.4,12500.0,-2454.6,-0.2,Shortag e,2665,2362,2992,ESTIMATED_ MODEL
3588,C004,Pearl Millet/Kambu,Millet,Tamil Nadu,2024,12,Dec,2024-12,0.0,10045.4,12500.0,-2454.6,-0.2,Shortag e,2642,2138,2989,ESTIMATED_ MODEL
3589,C005,Ragi,Millet,Tamil Nadu,2024,1,Jan,2024-01,52505.8,69346.2,25000.0,44346.2,1.77,Surplus,3213,2883,3914,ESTIMATED_ MODEL
3590,C005,Ragi,Millet,Tamil Nadu,2024,2,Feb,2024-02,47468.7,64644.9,25000.0,39644.9,1.59,Surplus,3317,2888,3689,ESTIMATED_ MODEL
3591,C005,Ragi,Millet,Tamil Nadu,2024,3,Mar,2024-03,49564.5,66601.0,25000.0,41601.0,1.66,Surplus,3126,2703,3604,ESTIMATED_ MODEL
3592,C005,Ragi,Millet,Tamil Nadu,2024,4,Apr,2024-04,0.0,20340.8,25000.0,-4659.2,-0.19,Shortag e,4260,3654,5282,ESTIMATED_ MODEL
3593,C005,Ragi,Millet,Tamil Nadu,2024,5,May,2024-05,0.0,20340.8,25000.0,-4659.2,-0.19,Shortag e,4200,3683,5075,ESTIMATED_ MODEL
3594,C005,Ragi,Millet,Tamil Nadu,2024,6,Jun,2024-06,0.0,20340.8,25000.0,-4659.2,-0.19,Shortag e,4434,3960,5384,ESTIMATED_ MODEL
3595,C005,Ragi,Millet,Tamil Nadu,2024,7,Jul,2024-07,0.0,20340.8,25000.0,-4659.2,-0.19,Shortag e,4322,3546,5108,ESTIMATED_ MODEL
3596,C005,Ragi,Millet,Tamil Nadu,2024,8,Aug,2024-08,0.0,20340.8,25000.0,-4659.2,-0.19,Shortag e,4384,3900,5342,ESTIMATED_ MODEL
3597,C005,Ragi,Millet,Tamil Nadu,2024,9,Sep,2024-09,50194.4,67188.9,25000.0,42188.9,1.69,Surplus,3073,2642,3533,ESTIMATED_ MODEL
3598,C005,Ragi,Millet,Tamil Nadu,2024,10,Oct,2024-10,52392.2,69240.1,25000.0,44240.1,1.77,Surplus,3026,2481,3380,ESTIMATED_ MODEL
3599,C005,Ragi,Millet,Tamil Nadu,2024,11,Nov,2024-11,0.0,20340.8,25000.0,-4659.2,-0.19,Shortag e,4403,3636,5032,ESTIMATED_ MODEL
3600,C005,Ragi,Millet,Tamil Nadu,2024,12,Dec,2024-12,52986.2,69794.5,25000.0,44794.5,1.79,Surplus,3265,2736,3597,ESTIMATED_ MODEL
3601,C006,Green Gram,Pulse,Tamil Nadu,2024,1,Jan,2024-01,6362.1,8656.6,7666.7,989.9,0.13,Surplus,7818,6586,9674,ESTIMATED_ MODEL
3602,C006,Green Gram,Pulse,Tamil Nadu,2024,2,Feb,2024-02,0.0,2745.1,6666.7,-3921.5,-0.59,Shortag e,8487,7128,10291,ESTIMATED_ MODEL
3603,C006,Green Gram,Pulse,Tamil Nadu,2024,3,Mar,2024-03,6348.9,8644.3,6666.7,1977.7,0.3,Surplus,7253,5867,8687,ESTIMATED_ MODEL
3604,C006,Green Gram,Pulse,Tamil Nadu,2024,4,Apr,2024-04,6328.7,8625.5,6666.7,1958.8,0.29,Surplus,7450,6548,9219,ESTIMATED_ MODEL
3605,C006,Green Gram,Pulse,Tamil Nadu,2024,5,May,2024-05,0.0,2745.1,6666.7,-3921.5,-0.59,Shortag e,8435,7251,9913,ESTIMATED_ MODEL
3606,C006,Green Gram,Pulse,Tamil Nadu,2024,6,Jun,2024-06,0.0,2745.1,6666.7,-3921.5,-0.59,Shortag e,8713,7695,10776,ESTIMATED_ MODEL
3607,C006,Green Gram,Pulse,Tamil Nadu,2024,7,Jul,2024-07,0.0,2745.1,6666.7,-3921.5,-0.59,Shortag e,8373,7345,9544,ESTIMATED_ MODEL
3608,C006,Green Gram,Pulse,Tamil Nadu,2024,8,Aug,2024-08,0.0,2745.1,6666.7,-3921.5,-0.59,Shortag e,8351,7470,9211,ESTIMATED_ MODEL
3609,C006,Green Gram,Pulse,Tamil Nadu,2024,9,Sep,2024-09,6741.3,9008.9,6666.7,2342.2,0.35,Surplus,7606,6198,9302,ESTIMATED_ MODEL
3610,C006,Green Gram,Pulse,Tamil Nadu,2024,10,Oct,2024-10,6418.1,8708.7,6666.7,2042.0,0.31,Surplus,7336,6126,8308,ESTIMATED_ MODEL
3611,C006,Green Gram,Pulse,Tamil Nadu,2024,11,Nov,2024-11,0.0,2745.1,6666.7,-3921.5,-0.59,Shortag e,8528,7119,10222,ESTIMATED_ MODEL
3612,C006,Green Gram,Pulse,Tamil Nadu,2024,12,Dec,2024-12,6555.7,8836.4,6666.7,2169.8,0.33,Surplus,7192,5800,8019,ESTIMATED_ MODEL
3613,C007,Black Gram,Pulse,Tamil Nadu,2024,1,Jan,2024-01,22238.0,31376.8,35937.5,-4560.7,-0.13,Shortag e,7551,6143,8336,ESTIMATED_ MODEL
3614,C007,Black Gram,Pulse,Tamil Nadu,2024,2,Feb,2024-02,0.0,10714.0,31250.0,-20536.0,-0.66,Shortag e,7975,6880,8860,ESTIMATED_ MODEL
3615,C007,Black Gram,Pulse,Tamil Nadu,2024,3,Mar,2024-03,22426.7,31552.1,31250.0,302.1,0.01,Balance d,7251,6046,8061,ESTIMATED_ MODEL
3616,C007,Black Gram,Pulse,Tamil Nadu,2024,4,Apr,2024-04,20772.4,30014.9,31250.0,-1235.1,-0.04,Balance d,7306,6511,8058,ESTIMATED_ MODEL
3617,C007,Black Gram,Pulse,Tamil Nadu,2024,5,May,2024-05,21619.8,30802.4,31250.0,-447.6,-0.01,Balance d,7484,6274,8987,ESTIMATED_ MODEL
3618,C007,Black Gram,Pulse,Tamil Nadu,2024,6,Jun,2024-06,0.0,10714.0,31250.0,-20536.0,-0.66,Shortag e,8168,6717,10023,ESTIMATED_ MODEL
3619,C007,Black Gram,Pulse,Tamil Nadu,2024,7,Jul,2024-07,0.0,10714.0,31250.0,-20536.0,-0.66,Shortag e,8125,7169,9433,ESTIMATED_ MODEL
3620,C007,Black Gram,Pulse,Tamil Nadu,2024,8,Aug,2024-08,0.0,10714.0,31250.0,-20536.0,-0.66,Shortag e,8344,7318,10388,ESTIMATED_ MODEL
3621,C007,Black Gram,Pulse,Tamil Nadu,2024,9,Sep,2024-09,22118.7,31265.9,31250.0,15.9,0.0,Balance d,7405,6275,8985,ESTIMATED_ MODEL
3622,C007,Black Gram,Pulse,Tamil Nadu,2024,10,Oct,2024-10,20885.6,30120.1,31250.0,-1129.9,-0.04,Balance d,7608,6820,8740,ESTIMATED_ MODEL
3623,C007,Black Gram,Pulse,Tamil Nadu,2024,11,Nov,2024-11,0.0,10714.0,31250.0,-20536.0,-0.66,Shortag e,8262,6783,9764,ESTIMATED_ MODEL
3624,C007,Black Gram,Pulse,Tamil Nadu,2024,12,Dec,2024-12,21194.6,30407.3,31250.0,-842.7,-0.03,Balance d,7287,6083,9034,ESTIMATED_ MODEL
3625,C008,Red Gram/Pigeon Pea,Pulse,Tamil Nadu,2024,1,Jan,2024-01,17778.0,21428.3,23333.3,-1905.0,-0.08,Balance d,7620,6238,9297,ESTIMATED_ MODEL
3626,C008,Red Gram/Pigeon Pea,Pulse,Tamil Nadu,2024,2,Feb,2024-02,17695.2,21351.3,23333.3,-1982.0,-0.08,Balance d,7808,6414,8807,ESTIMATED_ MODEL
3627,C008,Red Gram/Pigeon Pea,Pulse,Tamil Nadu,2024,3,Mar,2024-03,16703.6,20429.9,23333.3,-2903.4,-0.12,Shortag e,7619,6665,8703,ESTIMATED_ MODEL
3628,C008,Red Gram/Pigeon Pea,Pulse,Tamil Nadu,2024,4,Apr,2024-04,0.0,4909.6,23333.3,-18423.8,-0.79,Shortag e,8172,6980,10162,ESTIMATED_ MODEL
3629,C008,Red Gram/Pigeon Pea,Pulse,Tamil Nadu,2024,5,May,2024-05,0.0,4909.6,23333.3,-18423.8,-0.79,Shortag e,8339,7021,10385,ESTIMATED_ MODEL
3630,C008,Red Gram/Pigeon Pea,Pulse,Tamil Nadu,2024,6,Jun,2024-06,0.0,4909.6,23333.3,-18423.8,-0.79,Shortag e,8475,7390,10038,ESTIMATED_ MODEL
3631,C008,Red Gram/Pigeon Pea,Pulse,Tamil Nadu,2024,7,Jul,2024-07,0.0,4909.6,23333.3,-18423.8,-0.79,Shortag e,8601,7474,10616,ESTIMATED_ MODEL
3632,C008,Red Gram/Pigeon Pea,Pulse,Tamil Nadu,2024,8,Aug,2024-08,0.0,4909.6,23333.3,-18423.8,-0.79,Shortag e,8478,7405,9695,ESTIMATED_ MODEL
3633,C008,Red Gram/Pigeon Pea,Pulse,Tamil Nadu,2024,9,Sep,2024-09,0.0,4909.6,23333.3,-18423.8,-0.79,Shortag e,8299,7289,9499,ESTIMATED_ MODEL
3634,C008,Red Gram/Pigeon Pea,Pulse,Tamil Nadu,2024,10,Oct,2024-10,0.0,4909.6,23333.3,-18423.8,-0.79,Shortag e,8416,6943,10289,ESTIMATED_ MODEL
3635,C008,Red Gram/Pigeon Pea,Pulse,Tamil Nadu,2024,11,Nov,2024-11,0.0,4909.6,23333.3,-18423.8,-0.79,Shortag e,8213,7251,9776,ESTIMATED_ MODEL
3636,C008,Red Gram/Pigeon Pea,Pulse,Tamil Nadu,2024,12,Dec,2024-12,17134.6,20830.4,23333.3,-2502.9,-0.11,Shortag e,7479,6389,8544,ESTIMATED_ MODEL
3637,C009,Bengal Gram/Chickpea,Pulse,Tamil Nadu,2024,1,Jan,2024-01,982.2,1124.3,2000.0,-875.7,-0.44,Shortag e,6017,5213,6954,ESTIMATED_ MODEL
3638,C009,Bengal Gram/Chickpea,Pulse,Tamil Nadu,2024,2,Feb,2024-02,947.6,1092.1,2000.0,-907.9,-0.45,Shortag e,6245,5219,7501,ESTIMATED_ MODEL
3639,C009,Bengal Gram/Chickpea,Pulse,Tamil Nadu,2024,3,Mar,2024-03,1058.3,1195.0,2000.0,-805.0,-0.4,Shortag e,6229,5414,6959,ESTIMATED_ MODEL
3640,C009,Bengal Gram/Chickpea,Pulse,Tamil Nadu,2024,4,Apr,2024-04,0.0,211.7,2000.0,-1788.3,-0.89,Shortag e,6632,5491,7324,ESTIMATED_ MODEL
3641,C009,Bengal Gram/Chickpea,Pulse,Tamil Nadu,2024,5,May,2024-05,0.0,211.7,2000.0,-1788.3,-0.89,Shortag e,6548,5522,7661,ESTIMATED_ MODEL
3642,C009,Bengal Gram/Chickpea,Pulse,Tamil Nadu,2024,6,Jun,2024-06,0.0,211.7,2000.0,-1788.3,-0.89,Shortag e,6649,5524,7628,ESTIMATED_ MODEL
3643,C009,Bengal Gram/Chickpea,Pulse,Tamil Nadu,2024,7,Jul,2024-07,0.0,211.7,2000.0,-1788.3,-0.89,Shortag e,6425,5581,7614,ESTIMATED_ MODEL
3644,C009,Bengal Gram/Chickpea,Pulse,Tamil Nadu,2024,8,Aug,2024-08,0.0,211.7,2000.0,-1788.3,-0.89,Shortag e,6525,5680,7704,ESTIMATED_ MODEL
3645,C009,Bengal Gram/Chickpea,Pulse,Tamil Nadu,2024,9,Sep,2024-09,0.0,211.7,2000.0,-1788.3,-0.89,Shortag e,6567,5589,7850,ESTIMATED_ MODEL
3646,C009,Bengal Gram/Chickpea,Pulse,Tamil Nadu,2024,10,Oct,2024-10,0.0,211.7,2400.0,-2188.3,-0.91,Shortag e,6648,5511,7454,ESTIMATED_ MODEL
3647,C009,Bengal Gram/Chickpea,Pulse,Tamil Nadu,2024,11,Nov,2024-11,0.0,211.7,2000.0,-1788.3,-0.89,Shortag e,6458,5579,7949,ESTIMATED_ MODEL
3648,C009,Bengal Gram/Chickpea,Pulse,Tamil Nadu,2024,12,Dec,2024-12,0.0,211.7,2000.0,-1788.3,-0.89,Shortag e,6546,5348,7944,ESTIMATED_ MODEL
3649,C010,Groundnut,Oilseed,Tamil Nadu,2024,1,Jan,2024-01,126974.2,174958.3,67291.7,107666.6,1.6,Surplus,4772,4054,5587,ESTIMATED_ MODEL
3650,C010,Groundnut,Oilseed,Tamil Nadu,2024,2,Feb,2024-02,122985.3,171235.3,67291.7,103943.6,1.54,Surplus,4920,4364,5537,ESTIMATED_ MODEL
3651,C010,Groundnut,Oilseed,Tamil Nadu,2024,3,Mar,2024-03,0.0,56449.0,67291.7,-10842.6,-0.16,Shortag e,6599,5790,7289,ESTIMATED_ MODEL
3652,C010,Groundnut,Oilseed,Tamil Nadu,2024,4,Apr,2024-04,126684.9,174688.3,67291.7,107396.6,1.6,Surplus,5011,4418,6213,ESTIMATED_ MODEL
3653,C010,Groundnut,Oilseed,Tamil Nadu,2024,5,May,2024-05,114367.5,163192.0,67291.7,95900.4,1.43,Surplus,5257,4373,6245,ESTIMATED_ MODEL
3654,C010,Groundnut,Oilseed,Tamil Nadu,2024,6,Jun,2024-06,0.0,56449.0,67291.7,-10842.6,-0.16,Shortag e,6492,5361,7233,ESTIMATED_ MODEL
3655,C010,Groundnut,Oilseed,Tamil Nadu,2024,7,Jul,2024-07,0.0,56449.0,67291.7,-10842.6,-0.16,Shortag e,6585,5844,7586,ESTIMATED_ MODEL
3656,C010,Groundnut,Oilseed,Tamil Nadu,2024,8,Aug,2024-08,0.0,56449.0,67291.7,-10842.6,-0.16,Shortag e,6681,5634,7809,ESTIMATED_ MODEL
3657,C010,Groundnut,Oilseed,Tamil Nadu,2024,9,Sep,2024-09,0.0,56449.0,67291.7,-10842.6,-0.16,Shortag e,6840,5674,8167,ESTIMATED_ MODEL
3658,C010,Groundnut,Oilseed,Tamil Nadu,2024,10,Oct,2024-10,115705.4,164440.8,67291.7,97149.1,1.44,Surplus,5061,4079,5938,ESTIMATED_ MODEL
3659,C010,Groundnut,Oilseed,Tamil Nadu,2024,11,Nov,2024-11,115491.8,164241.4,67291.7,96949.7,1.44,Surplus,5217,4225,5793,ESTIMATED_ MODEL
3660,C010,Groundnut,Oilseed,Tamil Nadu,2024,12,Dec,2024-12,124526.5,172673.8,67291.7,105382.1,1.57,Surplus,4838,4240,5847,ESTIMATED_ MODEL
3661,C011,Sesame/Gingelly,Oilseed,Tamil Nadu,2024,1,Jan,2024-01,3557.8,5025.8,3250.0,1775.8,0.55,Surplus,8929,7970,9854,ESTIMATED_ MODEL
3662,C011,Sesame/Gingelly,Oilseed,Tamil Nadu,2024,2,Feb,2024-02,0.0,1705.2,2708.3,-1003.1,-0.37,Shortag e,9772,8754,11155,ESTIMATED_ MODEL
3663,C011,Sesame/Gingelly,Oilseed,Tamil Nadu,2024,3,Mar,2024-03,3737.9,5193.9,2708.3,2485.5,0.92,Surplus,8405,7050,9395,ESTIMATED_ MODEL
3664,C011,Sesame/Gingelly,Oilseed,Tamil Nadu,2024,4,Apr,2024-04,3685.7,5145.2,2708.3,2436.9,0.9,Surplus,7978,6507,9075,ESTIMATED_ MODEL
3665,C011,Sesame/Gingelly,Oilseed,Tamil Nadu,2024,5,May,2024-05,3705.1,5163.3,2708.3,2455.0,0.91,Surplus,8201,7136,10235,ESTIMATED_ MODEL
3666,C011,Sesame/Gingelly,Oilseed,Tamil Nadu,2024,6,Jun,2024-06,0.0,1705.2,2708.3,-1003.1,-0.37,Shortag e,9994,8513,11776,ESTIMATED_ MODEL
3667,C011,Sesame/Gingelly,Oilseed,Tamil Nadu,2024,7,Jul,2024-07,0.0,1705.2,2708.3,-1003.1,-0.37,Shortag e,10050,8560,11068,ESTIMATED_ MODEL
3668,C011,Sesame/Gingelly,Oilseed,Tamil Nadu,2024,8,Aug,2024-08,0.0,1705.2,2708.3,-1003.1,-0.37,Shortag e,9743,7890,10866,ESTIMATED_ MODEL
3669,C011,Sesame/Gingelly,Oilseed,Tamil Nadu,2024,9,Sep,2024-09,3705.7,5163.9,2708.3,2455.5,0.91,Surplus,8324,6830,10274,ESTIMATED_ MODEL
3670,C011,Sesame/Gingelly,Oilseed,Tamil Nadu,2024,10,Oct,2024-10,3632.6,5095.6,2708.3,2387.3,0.88,Surplus,8488,7618,10532,ESTIMATED_ MODEL
3671,C011,Sesame/Gingelly,Oilseed,Tamil Nadu,2024,11,Nov,2024-11,0.0,1705.2,2708.3,-1003.1,-0.37,Shortag e,9897,8422,11148,ESTIMATED_ MODEL
3672,C011,Sesame/Gingelly,Oilseed,Tamil Nadu,2024,12,Dec,2024-12,3553.4,5021.8,2708.3,2313.4,0.85,Surplus,8457,7517,10383,ESTIMATED_ MODEL
3673,C012,Sunflower,Oilseed,Tamil Nadu,2024,1,Jan,2024-01,2209.4,3056.4,3750.0,-693.6,-0.18,Shortag e,7133,6049,8732,ESTIMATED_ MODEL
3674,C012,Sunflower,Oilseed,Tamil Nadu,2024,2,Feb,2024-02,2039.4,2897.7,3750.0,-852.3,-0.23,Shortag e,7161,6384,8197,ESTIMATED_ MODEL
3675,C012,Sunflower,Oilseed,Tamil Nadu,2024,3,Mar,2024-03,0.0,994.3,3750.0,-2755.7,-0.73,Shortag e,7733,6303,8601,ESTIMATED_ MODEL
3676,C012,Sunflower,Oilseed,Tamil Nadu,2024,4,Apr,2024-04,2024.6,2884.0,3750.0,-866.0,-0.23,Shortag e,7007,6186,8206,ESTIMATED_ MODEL
3677,C012,Sunflower,Oilseed,Tamil Nadu,2024,5,May,2024-05,2208.0,3055.1,3750.0,-694.9,-0.19,Shortag e,7123,6218,8059,ESTIMATED_ MODEL
3678,C012,Sunflower,Oilseed,Tamil Nadu,2024,6,Jun,2024-06,0.0,994.3,3750.0,-2755.7,-0.73,Shortag e,7732,6233,9547,ESTIMATED_ MODEL
3679,C012,Sunflower,Oilseed,Tamil Nadu,2024,7,Jul,2024-07,0.0,994.3,3750.0,-2755.7,-0.73,Shortag e,7469,6349,8689,ESTIMATED_ MODEL
3680,C012,Sunflower,Oilseed,Tamil Nadu,2024,8,Aug,2024-08,0.0,994.3,3750.0,-2755.7,-0.73,Shortag e,7415,6198,8371,ESTIMATED_ MODEL
3681,C012,Sunflower,Oilseed,Tamil Nadu,2024,9,Sep,2024-09,2123.7,2976.4,3750.0,-773.6,-0.21,Shortag e,6889,5640,8083,ESTIMATED_ MODEL
3682,C012,Sunflower,Oilseed,Tamil Nadu,2024,10,Oct,2024-10,2270.3,3113.2,3750.0,-636.8,-0.17,Shortag e,7094,6079,8754,ESTIMATED_ MODEL
3683,C012,Sunflower,Oilseed,Tamil Nadu,2024,11,Nov,2024-11,0.0,994.3,3750.0,-2755.7,-0.73,Shortag e,7605,6608,9127,ESTIMATED_ MODEL
3684,C012,Sunflower,Oilseed,Tamil Nadu,2024,12,Dec,2024-12,2039.3,2897.6,3750.0,-852.4,-0.23,Shortag e,7011,6092,7785,ESTIMATED_ MODEL
3685,C013,Cotton,Fibre,Tamil Nadu,2024,1,Jan,2024-01,8857.2,11381.7,75000.0,-63618.3,-0.85,Shortag e,7998,7049,8803,ESTIMATED_ MODEL
3686,C013,Cotton,Fibre,Tamil Nadu,2024,2,Feb,2024-02,8309.4,10861.3,75000.0,-64138.7,-0.86,Shortag e,7898,6875,8872,ESTIMATED_ MODEL
3687,C013,Cotton,Fibre,Tamil Nadu,2024,3,Mar,2024-03,8847.1,11372.2,75000.0,-63627.8,-0.85,Shortag e,7953,6429,8965,ESTIMATED_ MODEL
3688,C013,Cotton,Fibre,Tamil Nadu,2024,4,Apr,2024-04,8070.1,10634.1,75000.0,-64365.9,-0.86,Shortag e,7890,6828,8852,ESTIMATED_ MODEL
3689,C013,Cotton,Fibre,Tamil Nadu,2024,5,May,2024-05,8280.6,10834.0,75000.0,-64166.0,-0.86,Shortag e,7766,6371,8820,ESTIMATED_ MODEL
3690,C013,Cotton,Fibre,Tamil Nadu,2024,6,Jun,2024-06,0.0,2967.4,75000.0,-72032.6,-0.96,Shortag e,7893,6626,9457,ESTIMATED_ MODEL
3691,C013,Cotton,Fibre,Tamil Nadu,2024,7,Jul,2024-07,0.0,2967.4,75000.0,-72032.6,-0.96,Shortag e,7982,7005,9641,ESTIMATED_ MODEL
3692,C013,Cotton,Fibre,Tamil Nadu,2024,8,Aug,2024-08,0.0,2967.4,75000.0,-72032.6,-0.96,Shortag e,7851,6319,9670,ESTIMATED_ MODEL
3693,C013,Cotton,Fibre,Tamil Nadu,2024,9,Sep,2024-09,0.0,2967.4,75000.0,-72032.6,-0.96,Shortag e,7831,6381,8641,ESTIMATED_ MODEL
3694,C013,Cotton,Fibre,Tamil Nadu,2024,10,Oct,2024-10,0.0,2967.4,82500.0,-79532.6,-0.96,Shortag e,8066,6922,10066,ESTIMATED_ MODEL
3695,C013,Cotton,Fibre,Tamil Nadu,2024,11,Nov,2024-11,8124.1,10685.3,75000.0,-64314.7,-0.86,Shortag e,8062,6781,9318,ESTIMATED_ MODEL
3696,C013,Cotton,Fibre,Tamil Nadu,2024,12,Dec,2024-12,8859.7,11384.1,75000.0,-63615.9,-0.85,Shortag e,7805,6363,8747,ESTIMATED_ MODEL
3697,C014,Sugarcane,Commerc ial,Tamil Nadu,2024,1,Jan,2024-01,1525910.0,1645769.9,1686666.7,-40896.8,-0.02,Balance d,333,298,416,ESTIMATED_ MODEL
3698,C014,Sugarcane,Commerc ial,Tamil Nadu,2024,2,Feb,2024-02,1550178.3,1669835.9,1466666.7,203169.2,0.14,Surplus,323,263,376,ESTIMATED_ MODEL
3699,C014,Sugarcane,Commerc ial,Tamil Nadu,2024,3,Mar,2024-03,1562880.4,1682432.1,1466666.7,215765.4,0.15,Surplus,326,272,365,ESTIMATED_ MODEL
3700,C014,Sugarcane,Commerc ial,Tamil Nadu,2024,4,Apr,2024-04,1688623.2,1807127.0,1466666.7,340460.4,0.23,Surplus,327,270,377,ESTIMATED_ MODEL
3701,C014,Sugarcane,Commerc ial,Tamil Nadu,2024,5,May,2024-05,1615066.9,1734183.7,1466666.7,267517.0,0.18,Surplus,322,271,402,ESTIMATED_ MODEL
3702,C014,Sugarcane,Commerc ial,Tamil Nadu,2024,6,Jun,2024-06,1693618.4,1812080.6,1466666.7,345414.0,0.24,Surplus,324,288,397,ESTIMATED_ MODEL
3703,C014,Sugarcane,Commerc ial,Tamil Nadu,2024,7,Jul,2024-07,1575513.7,1694960.1,1466666.7,228293.4,0.16,Surplus,341,299,409,ESTIMATED_ MODEL
3704,C014,Sugarcane,Commerc ial,Tamil Nadu,2024,8,Aug,2024-08,1591864.3,1711174.5,1466666.7,244507.8,0.17,Surplus,338,273,396,ESTIMATED_ MODEL
3705,C014,Sugarcane,Commerc ial,Tamil Nadu,2024,9,Sep,2024-09,0.0,132575.7,1466666.7,-1334090.9,-0.91,Shortag e,396,347,493,ESTIMATED_ MODEL
3706,C014,Sugarcane,Commerc ial,Tamil Nadu,2024,10,Oct,2024-10,0.0,132575.7,1540000.0,-1407424.3,-0.91,Shortag e,392,348,473,ESTIMATED_ MODEL
3707,C014,Sugarcane,Commerc ial,Tamil Nadu,2024,11,Nov,2024-11,1566319.1,1685842.2,1466666.7,219175.5,0.15,Surplus,337,287,418,ESTIMATED_ MODEL
3708,C014,Sugarcane,Commerc ial,Tamil Nadu,2024,12,Dec,2024-12,1539114.4,1658864.2,1466666.7,192197.5,0.13,Surplus,339,300,408,ESTIMATED_ MODEL
3709,C015,Ladies Finger/Okra,Vegetabl e,Tamil Nadu,2024,1,Jan,2024-01,23606.9,24756.1,25000.0,-243.9,-0.01,Balance d,3064,2478,3660,ESTIMATED_ MODEL
3710,C015,Ladies Finger/Okra,Vegetabl e,Tamil Nadu,2024,2,Feb,2024-02,26307.0,27445.0,25000.0,2445.0,0.1,Balance d,2956,2521,3663,ESTIMATED_ MODEL
3711,C015,Ladies Finger/Okra,Vegetabl e,Tamil Nadu,2024,3,Mar,2024-03,25258.4,26400.7,25000.0,1400.7,0.06,Balance d,2890,2535,3202,ESTIMATED_ MODEL
3712,C015,Ladies Finger/Okra,Vegetabl e,Tamil Nadu,2024,4,Apr,2024-04,24394.4,25540.4,25000.0,540.4,0.02,Balance d,2907,2450,3225,ESTIMATED_ MODEL
3713,C015,Ladies Finger/Okra,Vegetabl e,Tamil Nadu,2024,5,May,2024-05,23947.4,25095.2,25000.0,95.2,0.0,Balance d,3050,2601,3368,ESTIMATED_ MODEL
3714,C015,Ladies Finger/Okra,Vegetabl e,Tamil Nadu,2024,6,Jun,2024-06,25988.6,27127.9,25000.0,2127.9,0.09,Balance d,2878,2479,3515,ESTIMATED_ MODEL
3715,C015,Ladies Finger/Okra,Vegetabl e,Tamil Nadu,2024,7,Jul,2024-07,26009.6,27148.8,25000.0,2148.8,0.09,Balance d,2950,2523,3599,ESTIMATED_ MODEL
3716,C015,Ladies Finger/Okra,Vegetabl e,Tamil Nadu,2024,8,Aug,2024-08,25943.5,27083.0,25000.0,2083.0,0.08,Balance d,2982,2452,3554,ESTIMATED_ MODEL
3717,C015,Ladies Finger/Okra,Vegetabl e,Tamil Nadu,2024,9,Sep,2024-09,25435.2,26576.9,25000.0,1576.9,0.06,Balance d,2994,2615,3573,ESTIMATED_ MODEL
3718,C015,Ladies Finger/Okra,Vegetabl e,Tamil Nadu,2024,10,Oct,2024-10,24598.0,25743.2,25000.0,743.2,0.03,Balance d,3071,2517,3816,ESTIMATED_ MODEL
3719,C015,Ladies Finger/Okra,Vegetabl e,Tamil Nadu,2024,11,Nov,2024-11,24412.2,25558.1,25000.0,558.1,0.02,Balance d,2996,2598,3341,ESTIMATED_ MODEL
3720,C015,Ladies Finger/Okra,Vegetabl e,Tamil Nadu,2024,12,Dec,2024-12,23525.7,24675.3,25000.0,-324.7,-0.01,Balance d,2984,2617,3599,ESTIMATED_ MODEL
3721,C016,Tomato,Vegetabl e,Tamil Nadu,2024,1,Jan,2024-01,92179.2,96416.9,96250.0,166.9,0.0,Balance d,1978,1666,2219,ESTIMATED_ MODEL
3722,C016,Tomato,Vegetabl e,Tamil Nadu,2024,2,Feb,2024-02,87137.7,91396.4,96250.0,-4853.6,-0.05,Balance d,2054,1715,2383,ESTIMATED_ MODEL
3723,C016,Tomato,Vegetabl e,Tamil Nadu,2024,3,Mar,2024-03,97121.1,101338.2,96250.0,5088.2,0.05,Balance d,2031,1726,2400,ESTIMATED_ MODEL
3724,C016,Tomato,Vegetabl e,Tamil Nadu,2024,4,Apr,2024-04,96036.9,100258.5,96250.0,4008.5,0.04,Balance d,2042,1814,2298,ESTIMATED_ MODEL
3725,C016,Tomato,Vegetabl e,Tamil Nadu,2024,5,May,2024-05,86398.6,90660.3,96250.0,-5589.7,-0.06,Balance d,2014,1807,2328,ESTIMATED_ MODEL
3726,C016,Tomato,Vegetabl e,Tamil Nadu,2024,6,Jun,2024-06,95611.8,99835.2,96250.0,3585.2,0.04,Balance d,1973,1617,2204,ESTIMATED_ MODEL
3727,C016,Tomato,Vegetabl e,Tamil Nadu,2024,7,Jul,2024-07,96280.4,100501.0,96250.0,4251.0,0.04,Balance d,2015,1767,2510,ESTIMATED_ MODEL
3728,C016,Tomato,Vegetabl e,Tamil Nadu,2024,8,Aug,2024-08,90055.7,94302.2,96250.0,-1947.8,-0.02,Balance d,2038,1680,2255,ESTIMATED_ MODEL
3729,C016,Tomato,Vegetabl e,Tamil Nadu,2024,9,Sep,2024-09,94081.2,98310.9,96250.0,2060.9,0.02,Balance d,2051,1711,2353,ESTIMATED_ MODEL
3730,C016,Tomato,Vegetabl e,Tamil Nadu,2024,10,Oct,2024-10,91029.8,95272.3,96250.0,-977.7,-0.01,Balance d,2051,1761,2323,ESTIMATED_ MODEL
3731,C016,Tomato,Vegetabl e,Tamil Nadu,2024,11,Nov,2024-11,93374.2,97606.9,96250.0,1356.9,0.01,Balance d,2042,1836,2273,ESTIMATED_ MODEL
3732,C016,Tomato,Vegetabl e,Tamil Nadu,2024,12,Dec,2024-12,89910.2,94157.3,96250.0,-2092.7,-0.02,Balance d,2049,1720,2416,ESTIMATED_ MODEL
3733,C017,Brinjal,Vegetabl e,Tamil Nadu,2024,1,Jan,2024-01,39630.2,41304.1,37500.0,3804.1,0.1,Surplus,2436,2160,2952,ESTIMATED_ MODEL
3734,C017,Brinjal,Vegetabl e,Tamil Nadu,2024,2,Feb,2024-02,36429.7,38116.9,37500.0,616.9,0.02,Balance d,2451,1978,2960,ESTIMATED_ MODEL
3735,C017,Brinjal,Vegetabl e,Tamil Nadu,2024,3,Mar,2024-03,36207.8,37896.0,37500.0,396.0,0.01,Balance d,2479,2173,2893,ESTIMATED_ MODEL
3736,C017,Brinjal,Vegetabl e,Tamil Nadu,2024,4,Apr,2024-04,35612.3,37302.9,37500.0,-197.1,-0.01,Balance d,2478,2094,3005,ESTIMATED_ MODEL
3737,C017,Brinjal,Vegetabl e,Tamil Nadu,2024,5,May,2024-05,37778.1,39459.7,37500.0,1959.7,0.05,Balance d,2540,2045,2994,ESTIMATED_ MODEL
3738,C017,Brinjal,Vegetabl e,Tamil Nadu,2024,6,Jun,2024-06,35311.2,37003.1,37500.0,-496.9,-0.01,Balance d,2434,2061,3001,ESTIMATED_ MODEL
3739,C017,Brinjal,Vegetabl e,Tamil Nadu,2024,7,Jul,2024-07,37103.5,38787.9,37500.0,1287.9,0.03,Balance d,2466,2203,2946,ESTIMATED_ MODEL
3740,C017,Brinjal,Vegetabl e,Tamil Nadu,2024,8,Aug,2024-08,35580.2,37271.0,37500.0,-229.0,-0.01,Balance d,2567,2248,2863,ESTIMATED_ MODEL
3741,C017,Brinjal,Vegetabl e,Tamil Nadu,2024,9,Sep,2024-09,37073.5,38758.0,37500.0,1258.0,0.03,Balance d,2447,2054,2754,ESTIMATED_ MODEL
3742,C017,Brinjal,Vegetabl e,Tamil Nadu,2024,10,Oct,2024-10,35429.7,37121.1,37500.0,-378.9,-0.01,Balance d,2503,2120,3112,ESTIMATED_ MODEL
3743,C017,Brinjal,Vegetabl e,Tamil Nadu,2024,11,Nov,2024-11,39008.5,40684.9,37500.0,3184.9,0.08,Balance d,2458,2159,3051,ESTIMATED_ MODEL
3744,C017,Brinjal,Vegetabl e,Tamil Nadu,2024,12,Dec,2024-12,36193.8,37882.0,37500.0,382.0,0.01,Balance d,2552,2095,2997,ESTIMATED_ MODEL
3745,C018,Green Chilli,Vegetabl e,Tamil Nadu,2024,1,Jan,2024-01,12349.8,13495.2,12500.0,995.2,0.08,Balance d,4040,3364,4643,ESTIMATED_ MODEL
3746,C018,Green Chilli,Vegetabl e,Tamil Nadu,2024,2,Feb,2024-02,12291.2,13437.2,12500.0,937.2,0.07,Balance d,3978,3255,4546,ESTIMATED_ MODEL
3747,C018,Green Chilli,Vegetabl e,Tamil Nadu,2024,3,Mar,2024-03,12989.5,14129.7,12500.0,1629.7,0.13,Surplus,3901,3259,4599,ESTIMATED_ MODEL
3748,C018,Green Chilli,Vegetabl e,Tamil Nadu,2024,4,Apr,2024-04,12428.2,13573.0,12500.0,1073.0,0.09,Balance d,3972,3403,4759,ESTIMATED_ MODEL
3749,C018,Green Chilli,Vegetabl e,Tamil Nadu,2024,5,May,2024-05,12535.5,13679.4,12500.0,1179.4,0.09,Balance d,3897,3167,4731,ESTIMATED_ MODEL
3750,C018,Green Chilli,Vegetabl e,Tamil Nadu,2024,6,Jun,2024-06,13223.7,14361.8,12500.0,1861.8,0.15,Surplus,3994,3298,4638,ESTIMATED_ MODEL
3751,C018,Green Chilli,Vegetabl e,Tamil Nadu,2024,7,Jul,2024-07,11840.0,12989.7,12500.0,489.7,0.04,Balance d,3976,3392,4767,ESTIMATED_ MODEL
3752,C018,Green Chilli,Vegetabl e,Tamil Nadu,2024,8,Aug,2024-08,12481.9,13626.3,12500.0,1126.3,0.09,Balance d,3835,3345,4255,ESTIMATED_ MODEL
3753,C018,Green Chilli,Vegetabl e,Tamil Nadu,2024,9,Sep,2024-09,12911.1,14051.9,12500.0,1551.9,0.12,Surplus,3917,3458,4574,ESTIMATED_ MODEL
3754,C018,Green Chilli,Vegetabl e,Tamil Nadu,2024,10,Oct,2024-10,11976.7,13125.3,12500.0,625.3,0.05,Balance d,3885,3491,4792,ESTIMATED_ MODEL
3755,C018,Green Chilli,Vegetabl e,Tamil Nadu,2024,11,Nov,2024-11,12667.3,13810.1,12500.0,1310.1,0.1,Surplus,4002,3366,4512,ESTIMATED_ MODEL
3756,C018,Green Chilli,Vegetabl e,Tamil Nadu,2024,12,Dec,2024-12,12109.2,13256.7,12500.0,756.7,0.06,Balance d,4069,3472,4996,ESTIMATED_ MODEL
3757,C019,French Beans,Vegetabl e,Tamil Nadu,2024,1,Jan,2024-01,8168.6,8550.1,8333.3,216.8,0.03,Balance d,4396,3776,4895,ESTIMATED_ MODEL
3758,C019,French Beans,Vegetabl e,Tamil Nadu,2024,2,Feb,2024-02,8818.9,9197.7,8333.3,864.3,0.1,Surplus,4493,4041,5494,ESTIMATED_ MODEL
3759,C019,French Beans,Vegetabl e,Tamil Nadu,2024,3,Mar,2024-03,8355.2,8735.9,8333.3,402.5,0.05,Balance d,4482,3803,5492,ESTIMATED_ MODEL
3760,C019,French Beans,Vegetabl e,Tamil Nadu,2024,4,Apr,2024-04,7974.0,8356.3,8333.3,23.0,0.0,Balance d,4615,4149,5351,ESTIMATED_ MODEL
3761,C019,French Beans,Vegetabl e,Tamil Nadu,2024,5,May,2024-05,8053.0,8435.0,8333.3,101.6,0.01,Balance d,4624,3771,5262,ESTIMATED_ MODEL
3762,C019,French Beans,Vegetabl e,Tamil Nadu,2024,6,Jun,2024-06,8315.3,8696.2,8333.3,362.8,0.04,Balance d,4359,3606,5297,ESTIMATED_ MODEL
3763,C019,French Beans,Vegetabl e,Tamil Nadu,2024,7,Jul,2024-07,7875.8,8258.5,8333.3,-74.8,-0.01,Balance d,4601,4039,5497,ESTIMATED_ MODEL
3764,C019,French Beans,Vegetabl e,Tamil Nadu,2024,8,Aug,2024-08,8295.9,8676.8,8333.3,343.5,0.04,Balance d,4475,3897,5185,ESTIMATED_ MODEL
3765,C019,French Beans,Vegetabl e,Tamil Nadu,2024,9,Sep,2024-09,8252.3,8633.4,8333.3,300.1,0.04,Balance d,4567,3963,5502,ESTIMATED_ MODEL
3766,C019,French Beans,Vegetabl e,Tamil Nadu,2024,10,Oct,2024-10,8612.7,8992.3,8333.3,659.0,0.08,Balance d,4456,3959,5070,ESTIMATED_ MODEL
3767,C019,French Beans,Vegetabl e,Tamil Nadu,2024,11,Nov,2024-11,8188.3,8569.7,8333.3,236.3,0.03,Balance d,4448,3904,5222,ESTIMATED_ MODEL
3768,C019,French Beans,Vegetabl e,Tamil Nadu,2024,12,Dec,2024-12,8815.9,9194.7,8333.3,861.3,0.1,Surplus,4535,3785,5240,ESTIMATED_ MODEL
3769,C020,Cluster Beans,Vegetabl e,Tamil Nadu,2024,1,Jan,2024-01,4978.6,5207.1,5000.0,207.1,0.04,Balance d,3920,3296,4724,ESTIMATED_ MODEL
3770,C020,Cluster Beans,Vegetabl e,Tamil Nadu,2024,2,Feb,2024-02,5009.7,5238.0,5000.0,238.0,0.05,Balance d,4004,3416,4866,ESTIMATED_ MODEL
3771,C020,Cluster Beans,Vegetabl e,Tamil Nadu,2024,3,Mar,2024-03,4899.7,5128.5,5000.0,128.5,0.03,Balance d,4046,3487,4928,ESTIMATED_ MODEL
3772,C020,Cluster Beans,Vegetabl e,Tamil Nadu,2024,4,Apr,2024-04,4866.0,5095.0,5000.0,95.0,0.02,Balance d,3948,3507,4707,ESTIMATED_ MODEL
3773,C020,Cluster Beans,Vegetabl e,Tamil Nadu,2024,5,May,2024-05,5093.6,5321.6,5000.0,321.6,0.06,Balance d,4038,3451,4574,ESTIMATED_ MODEL
3774,C020,Cluster Beans,Vegetabl e,Tamil Nadu,2024,6,Jun,2024-06,4771.9,5001.3,5000.0,1.3,0.0,Balance d,4010,3356,4830,ESTIMATED_ MODEL
3775,C020,Cluster Beans,Vegetabl e,Tamil Nadu,2024,7,Jul,2024-07,5227.6,5455.0,5000.0,455.0,0.09,Balance d,3939,3481,4734,ESTIMATED_ MODEL
3776,C020,Cluster Beans,Vegetabl e,Tamil Nadu,2024,8,Aug,2024-08,5167.5,5395.2,5000.0,395.2,0.08,Balance d,3996,3284,4986,ESTIMATED_ MODEL
3777,C020,Cluster Beans,Vegetabl e,Tamil Nadu,2024,9,Sep,2024-09,4814.4,5043.6,5000.0,43.6,0.01,Balance d,4076,3583,4686,ESTIMATED_ MODEL
3778,C020,Cluster Beans,Vegetabl e,Tamil Nadu,2024,10,Oct,2024-10,5116.4,5344.3,5000.0,344.3,0.07,Balance d,3967,3228,4684,ESTIMATED_ MODEL
3779,C020,Cluster Beans,Vegetabl e,Tamil Nadu,2024,11,Nov,2024-11,5061.6,5289.7,5000.0,289.7,0.06,Balance d,3880,3318,4645,ESTIMATED_ MODEL
3780,C020,Cluster Beans,Vegetabl e,Tamil Nadu,2024,12,Dec,2024-12,4810.7,5039.9,5000.0,39.9,0.01,Balance d,3968,3372,4887,ESTIMATED_ MODEL
3781,C021,Cucumber,Vegetabl e,Tamil Nadu,2024,1,Jan,2024-01,7762.6,8102.9,7500.0,602.9,0.08,Balance d,1936,1615,2350,ESTIMATED_ MODEL
3782,C021,Cucumber,Vegetabl e,Tamil Nadu,2024,2,Feb,2024-02,7203.7,7546.4,7500.0,46.4,0.01,Balance d,2052,1718,2513,ESTIMATED_ MODEL
3783,C021,Cucumber,Vegetabl e,Tamil Nadu,2024,3,Mar,2024-03,7083.0,7426.2,7500.0,-73.8,-0.01,Balance d,1965,1731,2356,ESTIMATED_ MODEL
3784,C021,Cucumber,Vegetabl e,Tamil Nadu,2024,4,Apr,2024-04,7217.0,7559.7,9000.0,-1440.3,-0.16,Shortag e,2011,1669,2252,ESTIMATED_ MODEL
3785,C021,Cucumber,Vegetabl e,Tamil Nadu,2024,5,May,2024-05,7738.5,8079.0,9000.0,-921.0,-0.1,Shortag e,2016,1654,2413,ESTIMATED_ MODEL
3786,C021,Cucumber,Vegetabl e,Tamil Nadu,2024,6,Jun,2024-06,7414.6,7756.4,7500.0,256.4,0.03,Balance d,2049,1641,2420,ESTIMATED_ MODEL
3787,C021,Cucumber,Vegetabl e,Tamil Nadu,2024,7,Jul,2024-07,7835.3,8175.3,7500.0,675.3,0.09,Balance d,1981,1766,2330,ESTIMATED_ MODEL
3788,C021,Cucumber,Vegetabl e,Tamil Nadu,2024,8,Aug,2024-08,7522.2,7863.6,7500.0,363.6,0.05,Balance d,1990,1686,2270,ESTIMATED_ MODEL
3789,C021,Cucumber,Vegetabl e,Tamil Nadu,2024,9,Sep,2024-09,7070.0,7413.3,7500.0,-86.7,-0.01,Balance d,1950,1639,2160,ESTIMATED_ MODEL
3790,C021,Cucumber,Vegetabl e,Tamil Nadu,2024,10,Oct,2024-10,7695.0,8035.7,7500.0,535.7,0.07,Balance d,1984,1648,2341,ESTIMATED_ MODEL
3791,C021,Cucumber,Vegetabl e,Tamil Nadu,2024,11,Nov,2024-11,7149.2,7492.1,7500.0,-7.9,-0.0,Balance d,1956,1747,2414,ESTIMATED_ MODEL
3792,C021,Cucumber,Vegetabl e,Tamil Nadu,2024,12,Dec,2024-12,7760.4,8100.8,7500.0,600.8,0.08,Balance d,1938,1617,2311,ESTIMATED_ MODEL
3793,C022,Bitter Gourd,Vegetabl e,Tamil Nadu,2024,1,Jan,2024-01,5731.5,6003.0,5833.3,169.7,0.03,Balance d,3493,2801,3875,ESTIMATED_ MODEL
3794,C022,Bitter Gourd,Vegetabl e,Tamil Nadu,2024,2,Feb,2024-02,5659.1,5930.9,5833.3,97.6,0.02,Balance d,3572,3168,4121,ESTIMATED_ MODEL
3795,C022,Bitter Gourd,Vegetabl e,Tamil Nadu,2024,3,Mar,2024-03,6124.2,6394.0,5833.3,560.7,0.1,Balance d,3531,3034,4311,ESTIMATED_ MODEL
3796,C022,Bitter Gourd,Vegetabl e,Tamil Nadu,2024,4,Apr,2024-04,6080.1,6350.1,5833.3,516.8,0.09,Balance d,3438,2789,4005,ESTIMATED_ MODEL
3797,C022,Bitter Gourd,Vegetabl e,Tamil Nadu,2024,5,May,2024-05,5889.2,6160.0,5833.3,326.7,0.06,Balance d,3461,2960,3862,ESTIMATED_ MODEL
3798,C022,Bitter Gourd,Vegetabl e,Tamil Nadu,2024,6,Jun,2024-06,5847.6,6118.6,5833.3,285.2,0.05,Balance d,3577,2949,4041,ESTIMATED_ MODEL
3799,C022,Bitter Gourd,Vegetabl e,Tamil Nadu,2024,7,Jul,2024-07,6134.8,6404.6,5833.3,571.3,0.1,Balance d,3454,2948,4027,ESTIMATED_ MODEL
3800,C022,Bitter Gourd,Vegetabl e,Tamil Nadu,2024,8,Aug,2024-08,6136.0,6405.8,5833.3,572.5,0.1,Balance d,3505,2985,4176,ESTIMATED_ MODEL
3801,C022,Bitter Gourd,Vegetabl e,Tamil Nadu,2024,9,Sep,2024-09,6161.9,6431.6,5833.3,598.2,0.1,Surplus,3493,2803,4141,ESTIMATED_ MODEL
3802,C022,Bitter Gourd,Vegetabl e,Tamil Nadu,2024,10,Oct,2024-10,5571.1,5843.3,5833.3,9.9,0.0,Balance d,3579,2870,4155,ESTIMATED_ MODEL
3803,C022,Bitter Gourd,Vegetabl e,Tamil Nadu,2024,11,Nov,2024-11,5595.7,5867.8,5833.3,34.4,0.01,Balance d,3586,2995,4191,ESTIMATED_ MODEL
3804,C022,Bitter Gourd,Vegetabl e,Tamil Nadu,2024,12,Dec,2024-12,5957.0,6227.6,5833.3,394.3,0.07,Balance d,3565,2923,3957,ESTIMATED_ MODEL
3805,C023,Bottle Gourd,Vegetabl e,Tamil Nadu,2024,1,Jan,2024-01,21754.5,22724.1,20833.3,1890.7,0.09,Balance d,1784,1506,2169,ESTIMATED_ MODEL
3806,C023,Bottle Gourd,Vegetabl e,Tamil Nadu,2024,2,Feb,2024-02,20763.5,21737.2,20833.3,903.9,0.04,Balance d,1814,1548,2019,ESTIMATED_ MODEL
3807,C023,Bottle Gourd,Vegetabl e,Tamil Nadu,2024,3,Mar,2024-03,20868.9,21842.1,20833.3,1008.8,0.05,Balance d,1832,1549,2116,ESTIMATED_ MODEL
3808,C023,Bottle Gourd,Vegetabl e,Tamil Nadu,2024,4,Apr,2024-04,21672.8,22642.8,20833.3,1809.4,0.09,Balance d,1790,1553,2026,ESTIMATED_ MODEL
3809,C023,Bottle Gourd,Vegetabl e,Tamil Nadu,2024,5,May,2024-05,21429.7,22400.7,20833.3,1567.3,0.08,Balance d,1816,1505,2048,ESTIMATED_ MODEL
3810,C023,Bottle Gourd,Vegetabl e,Tamil Nadu,2024,6,Jun,2024-06,20246.2,21222.1,20833.3,388.7,0.02,Balance d,1784,1558,2221,ESTIMATED_ MODEL
3811,C023,Bottle Gourd,Vegetabl e,Tamil Nadu,2024,7,Jul,2024-07,19625.6,20604.0,20833.3,-229.3,-0.01,Balance d,1836,1641,2058,ESTIMATED_ MODEL
3812,C023,Bottle Gourd,Vegetabl e,Tamil Nadu,2024,8,Aug,2024-08,20782.6,21756.2,20833.3,922.9,0.04,Balance d,1741,1490,1991,ESTIMATED_ MODEL
3813,C023,Bottle Gourd,Vegetabl e,Tamil Nadu,2024,9,Sep,2024-09,21730.6,22700.3,20833.3,1867.0,0.09,Balance d,1811,1570,2256,ESTIMATED_ MODEL
3814,C023,Bottle Gourd,Vegetabl e,Tamil Nadu,2024,10,Oct,2024-10,21822.9,22792.2,20833.3,1958.9,0.09,Balance d,1748,1483,2054,ESTIMATED_ MODEL
3815,C023,Bottle Gourd,Vegetabl e,Tamil Nadu,2024,11,Nov,2024-11,21973.9,22942.6,20833.3,2109.2,0.1,Surplus,1744,1498,2034,ESTIMATED_ MODEL
3816,C023,Bottle Gourd,Vegetabl e,Tamil Nadu,2024,12,Dec,2024-12,21782.2,22751.7,20833.3,1918.4,0.09,Balance d,1769,1479,1950,ESTIMATED_ MODEL
3817,C024,Ridge Gourd,Vegetabl e,Tamil Nadu,2024,1,Jan,2024-01,8168.6,8547.3,8333.3,213.9,0.03,Balance d,3044,2565,3669,ESTIMATED_ MODEL
3818,C024,Ridge Gourd,Vegetabl e,Tamil Nadu,2024,2,Feb,2024-02,7834.7,8214.7,8333.3,-118.6,-0.01,Balance d,2994,2520,3635,ESTIMATED_ MODEL
3819,C024,Ridge Gourd,Vegetabl e,Tamil Nadu,2024,3,Mar,2024-03,8141.3,8520.1,8333.3,186.7,0.02,Balance d,2931,2444,3323,ESTIMATED_ MODEL
3820,C024,Ridge Gourd,Vegetabl e,Tamil Nadu,2024,4,Apr,2024-04,8112.0,8490.9,8333.3,157.6,0.02,Balance d,2966,2441,3520,ESTIMATED_ MODEL
3821,C024,Ridge Gourd,Vegetabl e,Tamil Nadu,2024,5,May,2024-05,8226.8,8605.2,8333.3,271.9,0.03,Balance d,3038,2670,3509,ESTIMATED_ MODEL
3822,C024,Ridge Gourd,Vegetabl e,Tamil Nadu,2024,6,Jun,2024-06,7965.2,8344.7,8333.3,11.4,0.0,Balance d,3087,2653,3581,ESTIMATED_ MODEL
3823,C024,Ridge Gourd,Vegetabl e,Tamil Nadu,2024,7,Jul,2024-07,8341.0,8719.0,8333.3,385.7,0.05,Balance d,3039,2653,3685,ESTIMATED_ MODEL
3824,C024,Ridge Gourd,Vegetabl e,Tamil Nadu,2024,8,Aug,2024-08,8525.8,8903.0,8333.3,569.6,0.07,Balance d,2914,2468,3582,ESTIMATED_ MODEL
3825,C024,Ridge Gourd,Vegetabl e,Tamil Nadu,2024,9,Sep,2024-09,8463.5,8841.0,8333.3,507.6,0.06,Balance d,2973,2581,3532,ESTIMATED_ MODEL
3826,C024,Ridge Gourd,Vegetabl e,Tamil Nadu,2024,10,Oct,2024-10,8637.1,9013.8,8333.3,680.5,0.08,Balance d,3024,2505,3588,ESTIMATED_ MODEL
3827,C024,Ridge Gourd,Vegetabl e,Tamil Nadu,2024,11,Nov,2024-11,8285.3,8663.5,8333.3,330.2,0.04,Balance d,2914,2532,3525,ESTIMATED_ MODEL
3828,C024,Ridge Gourd,Vegetabl e,Tamil Nadu,2024,12,Dec,2024-12,8352.4,8730.3,8333.3,397.0,0.05,Balance d,2896,2512,3366,ESTIMATED_ MODEL
3829,C025,Ash Gourd,Vegetabl e,Tamil Nadu,2024,1,Jan,2024-01,5942.3,6619.6,5000.0,1619.6,0.32,Surplus,1385,1221,1565,ESTIMATED_ MODEL
3830,C025,Ash Gourd,Vegetabl e,Tamil Nadu,2024,2,Feb,2024-02,5779.8,6459.2,5000.0,1459.2,0.29,Surplus,1441,1220,1676,ESTIMATED_ MODEL
3831,C025,Ash Gourd,Vegetabl e,Tamil Nadu,2024,3,Mar,2024-03,5939.2,6616.5,5000.0,1616.5,0.32,Surplus,1462,1233,1625,ESTIMATED_ MODEL
3832,C025,Ash Gourd,Vegetabl e,Tamil Nadu,2024,4,Apr,2024-04,5916.7,6594.3,5000.0,1594.3,0.32,Surplus,1468,1309,1766,ESTIMATED_ MODEL
3833,C025,Ash Gourd,Vegetabl e,Tamil Nadu,2024,5,May,2024-05,0.0,751.6,5000.0,-4248.4,-0.85,Shortag e,1688,1366,2057,ESTIMATED_ MODEL
3834,C025,Ash Gourd,Vegetabl e,Tamil Nadu,2024,6,Jun,2024-06,0.0,751.6,5000.0,-4248.4,-0.85,Shortag e,1652,1333,1951,ESTIMATED_ MODEL
3835,C025,Ash Gourd,Vegetabl e,Tamil Nadu,2024,7,Jul,2024-07,6171.6,6846.1,5000.0,1846.1,0.37,Surplus,1386,1110,1612,ESTIMATED_ MODEL
3836,C025,Ash Gourd,Vegetabl e,Tamil Nadu,2024,8,Aug,2024-08,6197.4,6871.5,5000.0,1871.5,0.37,Surplus,1383,1128,1537,ESTIMATED_ MODEL
3837,C025,Ash Gourd,Vegetabl e,Tamil Nadu,2024,9,Sep,2024-09,6077.1,6752.7,5000.0,1752.7,0.35,Surplus,1394,1215,1703,ESTIMATED_ MODEL
3838,C025,Ash Gourd,Vegetabl e,Tamil Nadu,2024,10,Oct,2024-10,5656.3,6337.2,6500.0,-162.8,-0.03,Balance d,1501,1277,1658,ESTIMATED_ MODEL
3839,C025,Ash Gourd,Vegetabl e,Tamil Nadu,2024,11,Nov,2024-11,6310.3,6983.0,5000.0,1983.0,0.4,Surplus,1372,1132,1621,ESTIMATED_ MODEL
3840,C025,Ash Gourd,Vegetabl e,Tamil Nadu,2024,12,Dec,2024-12,6134.1,6809.0,5000.0,1809.0,0.36,Surplus,1440,1239,1668,ESTIMATED_ MODEL
3841,C026,Pumpkin,Vegetabl e,Tamil Nadu,2024,1,Jan,2024-01,12921.2,15247.5,12500.0,2747.5,0.22,Surplus,1417,1194,1585,ESTIMATED_ MODEL
3842,C026,Pumpkin,Vegetabl e,Tamil Nadu,2024,2,Feb,2024-02,12295.7,14632.4,12500.0,2132.4,0.17,Surplus,1461,1251,1682,ESTIMATED_ MODEL
3843,C026,Pumpkin,Vegetabl e,Tamil Nadu,2024,3,Mar,2024-03,12854.1,15181.5,12500.0,2681.5,0.21,Surplus,1413,1263,1718,ESTIMATED_ MODEL
3844,C026,Pumpkin,Vegetabl e,Tamil Nadu,2024,4,Apr,2024-04,12519.5,14852.5,12500.0,2352.5,0.19,Surplus,1488,1245,1806,ESTIMATED_ MODEL
3845,C026,Pumpkin,Vegetabl e,Tamil Nadu,2024,5,May,2024-05,12858.0,15185.4,12500.0,2685.4,0.21,Surplus,1450,1189,1622,ESTIMATED_ MODEL
3846,C026,Pumpkin,Vegetabl e,Tamil Nadu,2024,6,Jun,2024-06,13110.9,15434.1,12500.0,2934.1,0.23,Surplus,1433,1166,1791,ESTIMATED_ MODEL
3847,C026,Pumpkin,Vegetabl e,Tamil Nadu,2024,7,Jul,2024-07,13131.5,15454.3,12500.0,2954.3,0.24,Surplus,1406,1187,1642,ESTIMATED_ MODEL
3848,C026,Pumpkin,Vegetabl e,Tamil Nadu,2024,8,Aug,2024-08,12552.7,14885.1,12500.0,2385.1,0.19,Surplus,1439,1233,1615,ESTIMATED_ MODEL
3849,C026,Pumpkin,Vegetabl e,Tamil Nadu,2024,9,Sep,2024-09,12517.3,14850.3,12500.0,2350.3,0.19,Surplus,1483,1235,1763,ESTIMATED_ MODEL
3850,C026,Pumpkin,Vegetabl e,Tamil Nadu,2024,10,Oct,2024-10,12148.5,14487.7,15000.0,-512.3,-0.03,Balance d,1527,1357,1871,ESTIMATED_ MODEL
3851,C026,Pumpkin,Vegetabl e,Tamil Nadu,2024,11,Nov,2024-11,13153.7,15476.1,12500.0,2976.1,0.24,Surplus,1456,1221,1711,ESTIMATED_ MODEL
3852,C026,Pumpkin,Vegetabl e,Tamil Nadu,2024,12,Dec,2024-12,12436.9,14771.3,12500.0,2271.3,0.18,Surplus,1483,1316,1654,ESTIMATED_ MODEL
3853,C027,Cabbage,Vegetabl e,Tamil Nadu,2024,1,Jan,2024-01,17218.9,18734.8,13333.3,5401.5,0.41,Surplus,1382,1201,1674,ESTIMATED_ MODEL
3854,C027,Cabbage,Vegetabl e,Tamil Nadu,2024,2,Feb,2024-02,16530.0,18051.6,13333.3,4718.3,0.35,Surplus,1398,1167,1746,ESTIMATED_ MODEL
3855,C027,Cabbage,Vegetabl e,Tamil Nadu,2024,3,Mar,2024-03,16331.1,17854.4,13333.3,4521.1,0.34,Surplus,1412,1237,1649,ESTIMATED_ MODEL
3856,C027,Cabbage,Vegetabl e,Tamil Nadu,2024,4,Apr,2024-04,16489.3,18011.3,13333.3,4678.0,0.35,Surplus,1447,1269,1737,ESTIMATED_ MODEL
3857,C027,Cabbage,Vegetabl e,Tamil Nadu,2024,5,May,2024-05,16872.4,18391.2,13333.3,5057.8,0.38,Surplus,1446,1293,1717,ESTIMATED_ MODEL
3858,C027,Cabbage,Vegetabl e,Tamil Nadu,2024,6,Jun,2024-06,17666.3,19178.5,13333.3,5845.1,0.44,Surplus,1377,1157,1672,ESTIMATED_ MODEL
3859,C027,Cabbage,Vegetabl e,Tamil Nadu,2024,7,Jul,2024-07,16652.7,18173.3,13333.3,4839.9,0.36,Surplus,1431,1170,1586,ESTIMATED_ MODEL
3860,C027,Cabbage,Vegetabl e,Tamil Nadu,2024,8,Aug,2024-08,16083.7,17609.0,13333.3,4275.7,0.32,Surplus,1444,1191,1696,ESTIMATED_ MODEL
3861,C027,Cabbage,Vegetabl e,Tamil Nadu,2024,9,Sep,2024-09,15992.4,17518.5,13333.3,4185.2,0.31,Surplus,1451,1242,1614,ESTIMATED_ MODEL
3862,C027,Cabbage,Vegetabl e,Tamil Nadu,2024,10,Oct,2024-10,15751.4,17279.5,13333.3,3946.2,0.3,Surplus,1405,1154,1599,ESTIMATED_ MODEL
3863,C027,Cabbage,Vegetabl e,Tamil Nadu,2024,11,Nov,2024-11,16784.3,18303.8,13333.3,4970.5,0.37,Surplus,1422,1209,1607,ESTIMATED_ MODEL
3864,C027,Cabbage,Vegetabl e,Tamil Nadu,2024,12,Dec,2024-12,16755.8,18275.6,13333.3,4942.2,0.37,Surplus,1377,1125,1718,ESTIMATED_ MODEL
3865,C028,Cauliflower,Vegetabl e,Tamil Nadu,2024,1,Jan,2024-01,5220.4,5450.6,5000.0,450.6,0.09,Balance d,2144,1855,2515,ESTIMATED_ MODEL
3866,C028,Cauliflower,Vegetabl e,Tamil Nadu,2024,2,Feb,2024-02,5209.3,5439.4,5000.0,439.4,0.09,Balance d,2153,1861,2674,ESTIMATED_ MODEL
3867,C028,Cauliflower,Vegetabl e,Tamil Nadu,2024,3,Mar,2024-03,5006.9,5237.9,5000.0,237.9,0.05,Balance d,2123,1894,2530,ESTIMATED_ MODEL
3868,C028,Cauliflower,Vegetabl e,Tamil Nadu,2024,4,Apr,2024-04,5124.0,5354.6,5000.0,354.6,0.07,Balance d,2217,1858,2595,ESTIMATED_ MODEL
3869,C028,Cauliflower,Vegetabl e,Tamil Nadu,2024,5,May,2024-05,4815.7,5047.5,5000.0,47.5,0.01,Balance d,2245,1889,2650,ESTIMATED_ MODEL
3870,C028,Cauliflower,Vegetabl e,Tamil Nadu,2024,6,Jun,2024-06,5113.0,5343.6,5000.0,343.6,0.07,Balance d,2113,1724,2528,ESTIMATED_ MODEL
3871,C028,Cauliflower,Vegetabl e,Tamil Nadu,2024,7,Jul,2024-07,4863.4,5095.1,5000.0,95.1,0.02,Balance d,2222,1907,2492,ESTIMATED_ MODEL
3872,C028,Cauliflower,Vegetabl e,Tamil Nadu,2024,8,Aug,2024-08,5199.2,5429.5,5000.0,429.5,0.09,Balance d,2164,1808,2541,ESTIMATED_ MODEL
3873,C028,Cauliflower,Vegetabl e,Tamil Nadu,2024,9,Sep,2024-09,4750.2,4982.3,5000.0,-17.7,-0.0,Balance d,2250,1974,2503,ESTIMATED_ MODEL
3874,C028,Cauliflower,Vegetabl e,Tamil Nadu,2024,10,Oct,2024-10,5163.9,5394.3,5000.0,394.3,0.08,Balance d,2225,1885,2696,ESTIMATED_ MODEL
3875,C028,Cauliflower,Vegetabl e,Tamil Nadu,2024,11,Nov,2024-11,4760.0,4992.0,5000.0,-8.0,-0.0,Balance d,2153,1866,2444,ESTIMATED_ MODEL
3876,C028,Cauliflower,Vegetabl e,Tamil Nadu,2024,12,Dec,2024-12,5228.7,5458.8,5000.0,458.8,0.09,Balance d,2161,1732,2426,ESTIMATED_ MODEL
3877,C029,Carrot,Root vegetable,Tamil Nadu,2024,1,Jan,2024-01,20182.7,23992.0,16666.7,7325.4,0.44,Surplus,3274,2633,3769,ESTIMATED_ MODEL
3878,C029,Carrot,Root vegetable,Tamil Nadu,2024,2,Feb,2024-02,19833.4,23648.5,16666.7,6981.9,0.42,Surplus,3191,2678,3831,ESTIMATED_ MODEL
3879,C029,Carrot,Root vegetable,Tamil Nadu,2024,3,Mar,2024-03,21313.1,25103.6,16666.7,8436.9,0.51,Surplus,3227,2706,3608,ESTIMATED_ MODEL
3880,C029,Carrot,Root vegetable,Tamil Nadu,2024,4,Apr,2024-04,19655.9,23474.0,16666.7,6807.4,0.41,Surplus,3232,2617,3946,ESTIMATED_ MODEL
3881,C029,Carrot,Root vegetable,Tamil Nadu,2024,5,May,2024-05,21127.7,24921.3,16666.7,8254.6,0.5,Surplus,3163,2719,3642,ESTIMATED_ MODEL
3882,C029,Carrot,Root vegetable,Tamil Nadu,2024,6,Jun,2024-06,19935.1,23748.6,16666.7,7081.9,0.42,Surplus,3219,2781,3762,ESTIMATED_ MODEL
3883,C029,Carrot,Root vegetable,Tamil Nadu,2024,7,Jul,2024-07,21946.2,25726.2,16666.7,9059.5,0.54,Surplus,3193,2744,3748,ESTIMATED_ MODEL
3884,C029,Carrot,Root vegetable,Tamil Nadu,2024,8,Aug,2024-08,21916.1,25696.5,16666.7,9029.8,0.54,Surplus,3174,2716,3810,ESTIMATED_ MODEL
3885,C029,Carrot,Root vegetable,Tamil Nadu,2024,9,Sep,2024-09,20147.1,23957.0,16666.7,7290.4,0.44,Surplus,3170,2684,3515,ESTIMATED_ MODEL
3886,C029,Carrot,Root vegetable,Tamil Nadu,2024,10,Oct,2024-10,21119.4,24913.1,16666.7,8246.4,0.49,Surplus,3174,2717,3904,ESTIMATED_ MODEL
3887,C029,Carrot,Root vegetable,Tamil Nadu,2024,11,Nov,2024-11,19653.3,23471.5,16666.7,6804.8,0.41,Surplus,3366,2716,3914,ESTIMATED_ MODEL
3888,C029,Carrot,Root vegetable,Tamil Nadu,2024,12,Dec,2024-12,21912.8,25693.3,16666.7,9026.6,0.54,Surplus,3233,2634,3927,ESTIMATED_ MODEL
3889,C030,Radish,Root vegetable,Tamil Nadu,2024,1,Jan,2024-01,7863.0,8204.9,7500.0,704.9,0.09,Balance d,1741,1440,2082,ESTIMATED_ MODEL
3890,C030,Radish,Root vegetable,Tamil Nadu,2024,2,Feb,2024-02,7057.6,7402.9,7500.0,-97.1,-0.01,Balance d,1800,1594,2072,ESTIMATED_ MODEL
3891,C030,Radish,Root vegetable,Tamil Nadu,2024,3,Mar,2024-03,7245.0,7589.5,7500.0,89.5,0.01,Balance d,1771,1591,2190,ESTIMATED_ MODEL
3892,C030,Radish,Root vegetable,Tamil Nadu,2024,4,Apr,2024-04,7794.5,8136.6,7500.0,636.6,0.08,Balance d,1726,1514,1927,ESTIMATED_ MODEL
3893,C030,Radish,Root vegetable,Tamil Nadu,2024,5,May,2024-05,7653.5,7996.3,7500.0,496.3,0.07,Balance d,1731,1432,1974,ESTIMATED_ MODEL
3894,C030,Radish,Root vegetable,Tamil Nadu,2024,6,Jun,2024-06,7855.0,8196.9,7500.0,696.9,0.09,Balance d,1809,1576,2256,ESTIMATED_ MODEL
3895,C030,Radish,Root vegetable,Tamil Nadu,2024,7,Jul,2024-07,7101.5,7446.5,7500.0,-53.5,-0.01,Balance d,1824,1536,2198,ESTIMATED_ MODEL
3896,C030,Radish,Root vegetable,Tamil Nadu,2024,8,Aug,2024-08,7587.3,7930.3,7500.0,430.3,0.06,Balance d,1838,1601,2232,ESTIMATED_ MODEL
3897,C030,Radish,Root vegetable,Tamil Nadu,2024,9,Sep,2024-09,7562.1,7905.3,7500.0,405.3,0.05,Balance d,1832,1487,2209,ESTIMATED_ MODEL
3898,C030,Radish,Root vegetable,Tamil Nadu,2024,10,Oct,2024-10,7082.1,7427.2,7500.0,-72.8,-0.01,Balance d,1840,1648,2082,ESTIMATED_ MODEL
3899,C030,Radish,Root vegetable,Tamil Nadu,2024,11,Nov,2024-11,7512.2,7855.5,7500.0,355.5,0.05,Balance d,1787,1551,2032,ESTIMATED_ MODEL
3900,C030,Radish,Root vegetable,Tamil Nadu,2024,12,Dec,2024-12,7598.6,7941.5,7500.0,441.5,0.06,Balance d,1794,1482,2064,ESTIMATED_ MODEL
3901,C031,Beetroot,Root vegetable,Tamil Nadu,2024,1,Jan,2024-01,5017.5,5694.1,5000.0,694.1,0.14,Surplus,2902,2598,3503,ESTIMATED_ MODEL
3902,C031,Beetroot,Root vegetable,Tamil Nadu,2024,2,Feb,2024-02,4969.6,5646.8,5000.0,646.8,0.13,Surplus,2910,2412,3430,ESTIMATED_ MODEL
3903,C031,Beetroot,Root vegetable,Tamil Nadu,2024,3,Mar,2024-03,4995.9,5672.7,5000.0,672.7,0.13,Surplus,2863,2324,3225,ESTIMATED_ MODEL
3904,C031,Beetroot,Root vegetable,Tamil Nadu,2024,4,Apr,2024-04,4879.2,5557.4,5000.0,557.4,0.11,Surplus,2999,2553,3303,ESTIMATED_ MODEL
3905,C031,Beetroot,Root vegetable,Tamil Nadu,2024,5,May,2024-05,4795.4,5474.7,5000.0,474.7,0.09,Balance d,2988,2517,3516,ESTIMATED_ MODEL
3906,C031,Beetroot,Root vegetable,Tamil Nadu,2024,6,Jun,2024-06,4728.4,5408.6,5000.0,408.6,0.08,Balance d,2911,2490,3630,ESTIMATED_ MODEL
3907,C031,Beetroot,Root vegetable,Tamil Nadu,2024,7,Jul,2024-07,4817.6,5496.6,5000.0,496.6,0.1,Balance d,2878,2384,3271,ESTIMATED_ MODEL
3908,C031,Beetroot,Root vegetable,Tamil Nadu,2024,8,Aug,2024-08,5049.2,5725.3,5000.0,725.3,0.15,Surplus,2889,2420,3532,ESTIMATED_ MODEL
3909,C031,Beetroot,Root vegetable,Tamil Nadu,2024,9,Sep,2024-09,5171.7,5846.3,5000.0,846.3,0.17,Surplus,2998,2459,3542,ESTIMATED_ MODEL
3910,C031,Beetroot,Root vegetable,Tamil Nadu,2024,10,Oct,2024-10,4801.5,5480.8,5000.0,480.8,0.1,Balance d,2981,2540,3473,ESTIMATED_ MODEL
3911,C031,Beetroot,Root vegetable,Tamil Nadu,2024,11,Nov,2024-11,4765.1,5444.8,5000.0,444.8,0.09,Balance d,2904,2465,3369,ESTIMATED_ MODEL
3912,C031,Beetroot,Root vegetable,Tamil Nadu,2024,12,Dec,2024-12,5149.6,5824.5,5000.0,824.5,0.16,Surplus,2978,2610,3336,ESTIMATED_ MODEL
3913,C032,Onion,Bulb vegetable,Tamil Nadu,2024,1,Jan,2024-01,83918.3,119737.2,100000.0,19737.2,0.2,Surplus,2977,2661,3718,ESTIMATED_ MODEL
3914,C032,Onion,Bulb vegetable,Tamil Nadu,2024,2,Feb,2024-02,80340.9,116338.6,100000.0,16338.6,0.16,Surplus,3009,2409,3331,ESTIMATED_ MODEL
3915,C032,Onion,Bulb vegetable,Tamil Nadu,2024,3,Mar,2024-03,83434.9,119278.0,100000.0,19278.0,0.19,Surplus,2849,2379,3489,ESTIMATED_ MODEL
3916,C032,Onion,Bulb vegetable,Tamil Nadu,2024,4,Apr,2024-04,75758.3,111985.1,100000.0,11985.1,0.12,Surplus,3016,2469,3598,ESTIMATED_ MODEL
3917,C032,Onion,Bulb vegetable,Tamil Nadu,2024,5,May,2024-05,80254.5,116256.6,100000.0,16256.6,0.16,Surplus,3001,2540,3348,ESTIMATED_ MODEL
3918,C032,Onion,Bulb vegetable,Tamil Nadu,2024,6,Jun,2024-06,0.0,40014.8,100000.0,-59985.2,-0.6,Shortag e,3262,2732,3871,ESTIMATED_ MODEL
3919,C032,Onion,Bulb vegetable,Tamil Nadu,2024,7,Jul,2024-07,0.0,40014.8,100000.0,-59985.2,-0.6,Shortag e,3258,2612,4070,ESTIMATED_ MODEL
3920,C032,Onion,Bulb vegetable,Tamil Nadu,2024,8,Aug,2024-08,80378.5,116374.4,100000.0,16374.4,0.16,Surplus,2934,2486,3647,ESTIMATED_ MODEL
3921,C032,Onion,Bulb vegetable,Tamil Nadu,2024,9,Sep,2024-09,83462.7,119304.4,100000.0,19304.4,0.19,Surplus,2851,2334,3481,ESTIMATED_ MODEL
3922,C032,Onion,Bulb vegetable,Tamil Nadu,2024,10,Oct,2024-10,76137.1,112345.0,115000.0,-2655.0,-0.02,Balance d,2967,2611,3384,ESTIMATED_ MODEL
3923,C032,Onion,Bulb vegetable,Tamil Nadu,2024,11,Nov,2024-11,77508.3,113647.7,100000.0,13647.7,0.14,Surplus,2854,2431,3224,ESTIMATED_ MODEL
3924,C032,Onion,Bulb vegetable,Tamil Nadu,2024,12,Dec,2024-12,79102.8,115162.4,100000.0,15162.4,0.15,Surplus,2978,2573,3688,ESTIMATED_ MODEL
3925,C033,Potato,Tuber crop,Tamil Nadu,2024,1,Jan,2024-01,13891.1,18772.2,43333.3,-24561.1,-0.57,Shortag e,2664,2296,3024,ESTIMATED_ MODEL
3926,C033,Potato,Tuber crop,Tamil Nadu,2024,2,Feb,2024-02,14964.7,19801.1,43333.3,-23532.3,-0.54,Shortag e,2640,2112,3145,ESTIMATED_ MODEL
3927,C033,Potato,Tuber crop,Tamil Nadu,2024,3,Mar,2024-03,14690.1,19537.9,43333.3,-23795.4,-0.55,Shortag e,2685,2350,3104,ESTIMATED_ MODEL
3928,C033,Potato,Tuber crop,Tamil Nadu,2024,4,Apr,2024-04,14737.3,19583.1,43333.3,-23750.2,-0.55,Shortag e,2703,2272,3237,ESTIMATED_ MODEL
3929,C033,Potato,Tuber crop,Tamil Nadu,2024,5,May,2024-05,15020.4,19854.4,43333.3,-23478.9,-0.54,Shortag e,2681,2403,3326,ESTIMATED_ MODEL
3930,C033,Potato,Tuber crop,Tamil Nadu,2024,6,Jun,2024-06,14572.4,19425.1,43333.3,-23908.2,-0.55,Shortag e,2759,2461,3220,ESTIMATED_ MODEL
3931,C033,Potato,Tuber crop,Tamil Nadu,2024,7,Jul,2024-07,0.0,5459.9,43333.3,-37873.5,-0.87,Shortag e,2833,2476,3412,ESTIMATED_ MODEL
3932,C033,Potato,Tuber crop,Tamil Nadu,2024,8,Aug,2024-08,0.0,5459.9,43333.3,-37873.5,-0.87,Shortag e,2886,2515,3607,ESTIMATED_ MODEL
3933,C033,Potato,Tuber crop,Tamil Nadu,2024,9,Sep,2024-09,14385.5,19246.0,43333.3,-24087.3,-0.56,Shortag e,2685,2372,3235,ESTIMATED_ MODEL
3934,C033,Potato,Tuber crop,Tamil Nadu,2024,10,Oct,2024-10,14681.3,19529.4,43333.3,-23803.9,-0.55,Shortag e,2734,2276,3330,ESTIMATED_ MODEL
3935,C033,Potato,Tuber crop,Tamil Nadu,2024,11,Nov,2024-11,14094.2,18966.9,43333.3,-24366.5,-0.56,Shortag e,2770,2277,3307,ESTIMATED_ MODEL
3936,C033,Potato,Tuber crop,Tamil Nadu,2024,12,Dec,2024-12,0.0,5459.9,43333.3,-37873.5,-0.87,Shortag e,2811,2527,3294,ESTIMATED_ MODEL
3937,C034,Sweet Potato,Tuber crop,Tamil Nadu,2024,1,Jan,2024-01,7393.7,8721.4,5500.0,3221.4,0.59,Surplus,2772,2262,3054,ESTIMATED_ MODEL
3938,C034,Sweet Potato,Tuber crop,Tamil Nadu,2024,2,Feb,2024-02,7638.5,8960.0,5000.0,3960.0,0.79,Surplus,2584,2284,2851,ESTIMATED_ MODEL
3939,C034,Sweet Potato,Tuber crop,Tamil Nadu,2024,3,Mar,2024-03,7118.5,8453.1,5000.0,3453.1,0.69,Surplus,2641,2312,3137,ESTIMATED_ MODEL
3940,C034,Sweet Potato,Tuber crop,Tamil Nadu,2024,4,Apr,2024-04,7593.2,8916.0,5000.0,3916.0,0.78,Surplus,2698,2360,2988,ESTIMATED_ MODEL
3941,C034,Sweet Potato,Tuber crop,Tamil Nadu,2024,5,May,2024-05,0.0,1512.6,5000.0,-3487.4,-0.7,Shortag e,3384,2784,4003,ESTIMATED_ MODEL
3942,C034,Sweet Potato,Tuber crop,Tamil Nadu,2024,6,Jun,2024-06,0.0,1512.6,5000.0,-3487.4,-0.7,Shortag e,3339,2728,4162,ESTIMATED_ MODEL
3943,C034,Sweet Potato,Tuber crop,Tamil Nadu,2024,7,Jul,2024-07,0.0,1512.6,5000.0,-3487.4,-0.7,Shortag e,3311,2668,4108,ESTIMATED_ MODEL
3944,C034,Sweet Potato,Tuber crop,Tamil Nadu,2024,8,Aug,2024-08,0.0,1512.6,5000.0,-3487.4,-0.7,Shortag e,3329,2896,3924,ESTIMATED_ MODEL
3945,C034,Sweet Potato,Tuber crop,Tamil Nadu,2024,9,Sep,2024-09,7888.1,9203.5,5000.0,4203.5,0.84,Surplus,2681,2154,3058,ESTIMATED_ MODEL
3946,C034,Sweet Potato,Tuber crop,Tamil Nadu,2024,10,Oct,2024-10,7815.3,9132.5,5000.0,4132.5,0.83,Surplus,2622,2118,3162,ESTIMATED_ MODEL
3947,C034,Sweet Potato,Tuber crop,Tamil Nadu,2024,11,Nov,2024-11,7110.9,8445.7,5000.0,3445.7,0.69,Surplus,2670,2209,2939,ESTIMATED_ MODEL
3948,C034,Sweet Potato,Tuber crop,Tamil Nadu,2024,12,Dec,2024-12,7944.1,9258.0,5000.0,4258.0,0.85,Surplus,2656,2346,3079,ESTIMATED_ MODEL
3949,C035,Tapioca/Cassava,Tuber crop,Tamil Nadu,2024,1,Jan,2024-01,241830.6,336651.4,187500.0,149151.4,0.8,Surplus,1136,945,1401,ESTIMATED_ MODEL
3950,C035,Tapioca/Cassava,Tuber crop,Tamil Nadu,2024,2,Feb,2024-02,253665.9,347993.5,187500.0,160493.5,0.86,Surplus,1097,893,1221,ESTIMATED_ MODEL
3951,C035,Tapioca/Cassava,Tuber crop,Tamil Nadu,2024,3,Mar,2024-03,235364.1,330454.3,187500.0,142954.3,0.76,Surplus,1178,943,1448,ESTIMATED_ MODEL
3952,C035,Tapioca/Cassava,Tuber crop,Tamil Nadu,2024,4,Apr,2024-04,249659.3,344153.9,187500.0,156653.9,0.84,Surplus,1133,907,1314,ESTIMATED_ MODEL
3953,C035,Tapioca/Cassava,Tuber crop,Tamil Nadu,2024,5,May,2024-05,254326.2,348626.3,187500.0,161126.3,0.86,Surplus,1107,955,1331,ESTIMATED_ MODEL
3954,C035,Tapioca/Cassava,Tuber crop,Tamil Nadu,2024,6,Jun,2024-06,0.0,104897.0,187500.0,-82603.0,-0.44,Shortag e,1384,1113,1659,ESTIMATED_ MODEL
3955,C035,Tapioca/Cassava,Tuber crop,Tamil Nadu,2024,7,Jul,2024-07,0.0,104897.0,187500.0,-82603.0,-0.44,Shortag e,1412,1231,1729,ESTIMATED_ MODEL
3956,C035,Tapioca/Cassava,Tuber crop,Tamil Nadu,2024,8,Aug,2024-08,262545.8,356503.4,187500.0,169003.4,0.9,Surplus,1100,978,1264,ESTIMATED_ MODEL
3957,C035,Tapioca/Cassava,Tuber crop,Tamil Nadu,2024,9,Sep,2024-09,246440.1,341068.8,187500.0,153568.8,0.82,Surplus,1102,974,1368,ESTIMATED_ MODEL
3958,C035,Tapioca/Cassava,Tuber crop,Tamil Nadu,2024,10,Oct,2024-10,257955.7,352104.6,187500.0,164604.6,0.88,Surplus,1140,939,1298,ESTIMATED_ MODEL
3959,C035,Tapioca/Cassava,Tuber crop,Tamil Nadu,2024,11,Nov,2024-11,252930.6,347288.9,187500.0,159788.9,0.85,Surplus,1131,1006,1269,ESTIMATED_ MODEL
3960,C035,Tapioca/Cassava,Tuber crop,Tamil Nadu,2024,12,Dec,2024-12,262810.4,356757.0,187500.0,169257.0,0.9,Surplus,1149,953,1403,ESTIMATED_ MODEL
3961,C036,Elephant Foot Yam,Tuber crop,Tamil Nadu,2024,1,Jan,2024-01,11152.1,14461.6,7500.0,6961.6,0.93,Surplus,2948,2633,3354,ESTIMATED_ MODEL
3962,C036,Elephant Foot Yam,Tuber crop,Tamil Nadu,2024,2,Feb,2024-02,11067.8,14380.8,7500.0,6880.8,0.92,Surplus,3067,2541,3520,ESTIMATED_ MODEL
3963,C036,Elephant Foot Yam,Tuber crop,Tamil Nadu,2024,3,Mar,2024-03,11658.0,14946.4,7500.0,7446.4,0.99,Surplus,2938,2570,3478,ESTIMATED_ MODEL
3964,C036,Elephant Foot Yam,Tuber crop,Tamil Nadu,2024,4,Apr,2024-04,11289.8,14593.5,7500.0,7093.5,0.95,Surplus,3083,2561,3712,ESTIMATED_ MODEL
3965,C036,Elephant Foot Yam,Tuber crop,Tamil Nadu,2024,5,May,2024-05,0.0,3774.1,7500.0,-3725.9,-0.5,Shortag e,3813,3108,4424,ESTIMATED_ MODEL
3966,C036,Elephant Foot Yam,Tuber crop,Tamil Nadu,2024,6,Jun,2024-06,0.0,3774.1,7500.0,-3725.9,-0.5,Shortag e,3757,3139,4314,ESTIMATED_ MODEL
3967,C036,Elephant Foot Yam,Tuber crop,Tamil Nadu,2024,7,Jul,2024-07,0.0,3774.1,7500.0,-3725.9,-0.5,Shortag e,3799,3121,4584,ESTIMATED_ MODEL
3968,C036,Elephant Foot Yam,Tuber crop,Tamil Nadu,2024,8,Aug,2024-08,0.0,3774.1,7500.0,-3725.9,-0.5,Shortag e,3852,3299,4590,ESTIMATED_ MODEL
3969,C036,Elephant Foot Yam,Tuber crop,Tamil Nadu,2024,9,Sep,2024-09,11499.0,14794.0,7500.0,7294.0,0.97,Surplus,2898,2569,3312,ESTIMATED_ MODEL
3970,C036,Elephant Foot Yam,Tuber crop,Tamil Nadu,2024,10,Oct,2024-10,11415.8,14714.3,7500.0,7214.3,0.96,Surplus,3019,2710,3590,ESTIMATED_ MODEL
3971,C036,Elephant Foot Yam,Tuber crop,Tamil Nadu,2024,11,Nov,2024-11,10781.4,14106.3,7500.0,6606.3,0.88,Surplus,3084,2605,3421,ESTIMATED_ MODEL
3972,C036,Elephant Foot Yam,Tuber crop,Tamil Nadu,2024,12,Dec,2024-12,11715.5,15001.5,7500.0,7501.5,1.0,Surplus,3037,2440,3660,ESTIMATED_ MODEL
3973,C037,Watermelon,Fruit,Tamil Nadu,2024,1,Jan,2024-01,32608.6,33509.9,20833.3,12676.6,0.61,Surplus,1357,1134,1608,ESTIMATED_ MODEL
3974,C037,Watermelon,Fruit,Tamil Nadu,2024,2,Feb,2024-02,29966.1,30878.4,20833.3,10045.1,0.48,Surplus,1367,1229,1607,ESTIMATED_ MODEL
3975,C037,Watermelon,Fruit,Tamil Nadu,2024,3,Mar,2024-03,31303.5,32210.2,20833.3,11376.9,0.55,Surplus,1349,1144,1659,ESTIMATED_ MODEL
3976,C037,Watermelon,Fruit,Tamil Nadu,2024,4,Apr,2024-04,31614.3,32519.7,27083.3,5436.4,0.2,Surplus,1411,1225,1669,ESTIMATED_ MODEL
3977,C037,Watermelon,Fruit,Tamil Nadu,2024,5,May,2024-05,31090.8,31998.4,27083.3,4915.0,0.18,Surplus,1429,1260,1651,ESTIMATED_ MODEL
3978,C037,Watermelon,Fruit,Tamil Nadu,2024,6,Jun,2024-06,30652.9,31562.3,20833.3,10728.9,0.52,Surplus,1365,1205,1632,ESTIMATED_ MODEL
3979,C037,Watermelon,Fruit,Tamil Nadu,2024,7,Jul,2024-07,31129.3,32036.7,20833.3,11203.4,0.54,Surplus,1414,1220,1713,ESTIMATED_ MODEL
3980,C037,Watermelon,Fruit,Tamil Nadu,2024,8,Aug,2024-08,0.0,1037.1,20833.3,-19796.2,-0.95,Shortag e,1744,1404,2121,ESTIMATED_ MODEL
3981,C037,Watermelon,Fruit,Tamil Nadu,2024,9,Sep,2024-09,0.0,1037.1,20833.3,-19796.2,-0.95,Shortag e,1724,1391,2027,ESTIMATED_ MODEL
3982,C037,Watermelon,Fruit,Tamil Nadu,2024,10,Oct,2024-10,0.0,1037.1,20833.3,-19796.2,-0.95,Shortag e,1676,1464,1981,ESTIMATED_ MODEL
3983,C037,Watermelon,Fruit,Tamil Nadu,2024,11,Nov,2024-11,0.0,1037.1,20833.3,-19796.2,-0.95,Shortag e,1754,1435,2089,ESTIMATED_ MODEL
3984,C037,Watermelon,Fruit,Tamil Nadu,2024,12,Dec,2024-12,30542.8,31452.7,20833.3,10619.3,0.51,Surplus,1359,1170,1642,ESTIMATED_ MODEL
3985,C038,Muskmelon,Fruit,Tamil Nadu,2024,1,Jan,2024-01,7783.6,8001.2,5000.0,3001.2,0.6,Surplus,2261,1897,2761,ESTIMATED_ MODEL
3986,C038,Muskmelon,Fruit,Tamil Nadu,2024,2,Feb,2024-02,7818.2,8035.7,5000.0,3035.7,0.61,Surplus,2258,1812,2503,ESTIMATED_ MODEL
3987,C038,Muskmelon,Fruit,Tamil Nadu,2024,3,Mar,2024-03,7119.5,7339.9,5000.0,2339.9,0.47,Surplus,2377,2130,2861,ESTIMATED_ MODEL
3988,C038,Muskmelon,Fruit,Tamil Nadu,2024,4,Apr,2024-04,7358.9,7578.3,6000.0,1578.3,0.26,Surplus,2381,2128,2855,ESTIMATED_ MODEL
3989,C038,Muskmelon,Fruit,Tamil Nadu,2024,5,May,2024-05,7668.4,7886.5,6000.0,1886.5,0.31,Surplus,2433,2133,2815,ESTIMATED_ MODEL
3990,C038,Muskmelon,Fruit,Tamil Nadu,2024,6,Jun,2024-06,7498.7,7717.6,5000.0,2717.6,0.54,Surplus,2292,1877,2622,ESTIMATED_ MODEL
3991,C038,Muskmelon,Fruit,Tamil Nadu,2024,7,Jul,2024-07,7221.6,7441.6,5000.0,2441.6,0.49,Surplus,2358,2097,2850,ESTIMATED_ MODEL
3992,C038,Muskmelon,Fruit,Tamil Nadu,2024,8,Aug,2024-08,0.0,250.1,5000.0,-4749.9,-0.95,Shortag e,2851,2305,3160,ESTIMATED_ MODEL
3993,C038,Muskmelon,Fruit,Tamil Nadu,2024,9,Sep,2024-09,0.0,250.1,5000.0,-4749.9,-0.95,Shortag e,2837,2401,3380,ESTIMATED_ MODEL
3994,C038,Muskmelon,Fruit,Tamil Nadu,2024,10,Oct,2024-10,0.0,250.1,5000.0,-4749.9,-0.95,Shortag e,2782,2501,3212,ESTIMATED_ MODEL
3995,C038,Muskmelon,Fruit,Tamil Nadu,2024,11,Nov,2024-11,0.0,250.1,5000.0,-4749.9,-0.95,Shortag e,2908,2482,3256,ESTIMATED_ MODEL
3996,C038,Muskmelon,Fruit,Tamil Nadu,2024,12,Dec,2024-12,7547.4,7766.1,5000.0,2766.1,0.55,Surplus,2337,2035,2755,ESTIMATED_ MODEL
3997,C039,Papaya,Fruit,Tamil Nadu,2024,1,Jan,2024-01,23762.4,24909.7,25000.0,-90.3,-0.0,Balance d,1946,1702,2359,ESTIMATED_ MODEL
3998,C039,Papaya,Fruit,Tamil Nadu,2024,2,Feb,2024-02,25467.5,26607.7,25000.0,1607.7,0.06,Balance d,2001,1729,2274,ESTIMATED_ MODEL
3999,C039,Papaya,Fruit,Tamil Nadu,2024,3,Mar,2024-03,26233.7,27370.7,25000.0,2370.7,0.09,Balance d,1914,1686,2246,ESTIMATED_ MODEL
4000,C039,Papaya,Fruit,Tamil Nadu,2024,4,Apr,2024-04,23779.7,24926.9,25000.0,-73.1,-0.0,Balance d,1977,1602,2194,ESTIMATED_ MODEL
4001,C039,Papaya,Fruit,Tamil Nadu,2024,5,May,2024-05,24290.5,25435.6,25000.0,435.6,0.02,Balance d,1976,1740,2446,ESTIMATED_ MODEL
4002,C039,Papaya,Fruit,Tamil Nadu,2024,6,Jun,2024-06,26206.9,27344.0,25000.0,2344.0,0.09,Balance d,2019,1801,2496,ESTIMATED_ MODEL
4003,C039,Papaya,Fruit,Tamil Nadu,2024,7,Jul,2024-07,24353.0,25497.8,25000.0,497.8,0.02,Balance d,1997,1641,2436,ESTIMATED_ MODEL
4004,C039,Papaya,Fruit,Tamil Nadu,2024,8,Aug,2024-08,25461.8,26602.0,25000.0,1602.0,0.06,Balance d,1946,1609,2209,ESTIMATED_ MODEL
4005,C039,Papaya,Fruit,Tamil Nadu,2024,9,Sep,2024-09,25104.5,26246.1,25000.0,1246.1,0.05,Balance d,1986,1653,2231,ESTIMATED_ MODEL
4006,C039,Papaya,Fruit,Tamil Nadu,2024,10,Oct,2024-10,25289.0,26429.8,25000.0,1429.8,0.06,Balance d,1977,1754,2344,ESTIMATED_ MODEL
4007,C039,Papaya,Fruit,Tamil Nadu,2024,11,Nov,2024-11,24747.4,25890.5,25000.0,890.5,0.04,Balance d,2034,1667,2289,ESTIMATED_ MODEL
4008,C039,Papaya,Fruit,Tamil Nadu,2024,12,Dec,2024-12,24400.0,25544.5,25000.0,544.5,0.02,Balance d,2002,1694,2401,ESTIMATED_ MODEL
4009,C040,Banana,Fruit,Tamil Nadu,2024,1,Jan,2024-01,326216.3,368998.8,313500.0,55498.8,0.18,Surplus,2940,2560,3525,ESTIMATED_ MODEL
4010,C040,Banana,Fruit,Tamil Nadu,2024,2,Feb,2024-02,333472.6,376164.4,285000.0,91164.4,0.32,Surplus,2786,2310,3119,ESTIMATED_ MODEL
4011,C040,Banana,Fruit,Tamil Nadu,2024,3,Mar,2024-03,312800.4,355750.6,285000.0,70750.6,0.25,Surplus,2950,2580,3334,ESTIMATED_ MODEL
4012,C040,Banana,Fruit,Tamil Nadu,2024,4,Apr,2024-04,305509.4,348550.7,285000.0,63550.7,0.22,Surplus,2871,2574,3414,ESTIMATED_ MODEL
4013,C040,Banana,Fruit,Tamil Nadu,2024,5,May,2024-05,318601.3,361479.0,285000.0,76479.0,0.27,Surplus,2933,2424,3319,ESTIMATED_ MODEL
4014,C040,Banana,Fruit,Tamil Nadu,2024,6,Jun,2024-06,301874.9,344961.7,285000.0,59961.7,0.21,Surplus,2956,2567,3554,ESTIMATED_ MODEL
4015,C040,Banana,Fruit,Tamil Nadu,2024,7,Jul,2024-07,308643.0,351645.2,285000.0,66645.2,0.23,Surplus,2904,2487,3515,ESTIMATED_ MODEL
4016,C040,Banana,Fruit,Tamil Nadu,2024,8,Aug,2024-08,305566.4,348607.0,285000.0,63607.0,0.22,Surplus,2858,2387,3517,ESTIMATED_ MODEL
4017,C040,Banana,Fruit,Tamil Nadu,2024,9,Sep,2024-09,312736.1,355687.1,285000.0,70687.1,0.25,Surplus,2853,2439,3440,ESTIMATED_ MODEL
4018,C040,Banana,Fruit,Tamil Nadu,2024,10,Oct,2024-10,301892.9,344979.4,313500.0,31479.4,0.1,Surplus,3044,2568,3544,ESTIMATED_ MODEL
4019,C040,Banana,Fruit,Tamil Nadu,2024,11,Nov,2024-11,298876.7,342000.9,285000.0,57000.9,0.2,Surplus,2971,2616,3594,ESTIMATED_ MODEL
4020,C040,Banana,Fruit,Tamil Nadu,2024,12,Dec,2024-12,322624.8,365452.2,285000.0,80452.2,0.28,Surplus,2866,2385,3414,ESTIMATED_ MODEL
4021,C041,Guava,Fruit,Tamil Nadu,2024,1,Jan,2024-01,16562.5,18011.3,15833.3,2178.0,0.14,Surplus,3419,2882,4221,ESTIMATED_ MODEL
4022,C041,Guava,Fruit,Tamil Nadu,2024,2,Feb,2024-02,15089.5,16550.6,15833.3,717.3,0.05,Balance d,3431,2830,4258,ESTIMATED_ MODEL
4023,C041,Guava,Fruit,Tamil Nadu,2024,3,Mar,2024-03,15697.2,17153.2,15833.3,1319.9,0.08,Balance d,3521,3105,3976,ESTIMATED_ MODEL
4024,C041,Guava,Fruit,Tamil Nadu,2024,4,Apr,2024-04,15766.3,17221.8,15833.3,1388.4,0.09,Balance d,3379,2712,3837,ESTIMATED_ MODEL
4025,C041,Guava,Fruit,Tamil Nadu,2024,5,May,2024-05,16740.8,18188.2,15833.3,2354.8,0.15,Surplus,3479,2867,4207,ESTIMATED_ MODEL
4026,C041,Guava,Fruit,Tamil Nadu,2024,6,Jun,2024-06,16171.5,17623.6,15833.3,1790.3,0.11,Surplus,3388,2844,4227,ESTIMATED_ MODEL
4027,C041,Guava,Fruit,Tamil Nadu,2024,7,Jul,2024-07,15657.1,17113.5,15833.3,1280.2,0.08,Balance d,3403,2851,3898,ESTIMATED_ MODEL
4028,C041,Guava,Fruit,Tamil Nadu,2024,8,Aug,2024-08,14932.8,16395.3,15833.3,561.9,0.04,Balance d,3399,2886,3932,ESTIMATED_ MODEL
4029,C041,Guava,Fruit,Tamil Nadu,2024,9,Sep,2024-09,15957.6,17411.4,15833.3,1578.1,0.1,Balance d,3488,3076,4122,ESTIMATED_ MODEL
4030,C041,Guava,Fruit,Tamil Nadu,2024,10,Oct,2024-10,15065.9,16527.2,15833.3,693.9,0.04,Balance d,3378,2912,3744,ESTIMATED_ MODEL
4031,C041,Guava,Fruit,Tamil Nadu,2024,11,Nov,2024-11,16468.8,17918.4,15833.3,2085.1,0.13,Surplus,3455,3000,3903,ESTIMATED_ MODEL
4032,C041,Guava,Fruit,Tamil Nadu,2024,12,Dec,2024-12,16313.1,17764.0,15833.3,1930.7,0.12,Surplus,3503,3121,4280,ESTIMATED_ MODEL
4033,C042,Mango,Fruit,Tamil Nadu,2024,1,Jan,2024-01,0.0,6206.9,56250.0,-50043.1,-0.89,Shortag e,5745,5033,6999,ESTIMATED_ MODEL
4034,C042,Mango,Fruit,Tamil Nadu,2024,2,Feb,2024-02,126299.6,131454.1,56250.0,75204.1,1.34,Surplus,4126,3349,4682,ESTIMATED_ MODEL
4035,C042,Mango,Fruit,Tamil Nadu,2024,3,Mar,2024-03,131222.2,136335.6,56250.0,80085.6,1.42,Surplus,4053,3314,4873,ESTIMATED_ MODEL
4036,C042,Mango,Fruit,Tamil Nadu,2024,4,Apr,2024-04,122310.0,127497.6,56250.0,71247.6,1.27,Surplus,4059,3281,4638,ESTIMATED_ MODEL
4037,C042,Mango,Fruit,Tamil Nadu,2024,5,May,2024-05,129800.4,134925.7,56250.0,78675.7,1.4,Surplus,3957,3502,4772,ESTIMATED_ MODEL
4038,C042,Mango,Fruit,Tamil Nadu,2024,6,Jun,2024-06,117642.1,122868.7,56250.0,66618.7,1.18,Surplus,4148,3524,4749,ESTIMATED_ MODEL
4039,C042,Mango,Fruit,Tamil Nadu,2024,7,Jul,2024-07,117554.7,122782.0,56250.0,66532.0,1.18,Surplus,3998,3362,4415,ESTIMATED_ MODEL
4040,C042,Mango,Fruit,Tamil Nadu,2024,8,Aug,2024-08,0.0,6206.9,56250.0,-50043.1,-0.89,Shortag e,5580,4705,6489,ESTIMATED_ MODEL
4041,C042,Mango,Fruit,Tamil Nadu,2024,9,Sep,2024-09,0.0,6206.9,56250.0,-50043.1,-0.89,Shortag e,5530,4750,6539,ESTIMATED_ MODEL
4042,C042,Mango,Fruit,Tamil Nadu,2024,10,Oct,2024-10,0.0,6206.9,56250.0,-50043.1,-0.89,Shortag e,5540,4955,6177,ESTIMATED_ MODEL
4043,C042,Mango,Fruit,Tamil Nadu,2024,11,Nov,2024-11,0.0,6206.9,56250.0,-50043.1,-0.89,Shortag e,5773,4619,7115,ESTIMATED_ MODEL
4044,C042,Mango,Fruit,Tamil Nadu,2024,12,Dec,2024-12,0.0,6206.9,56250.0,-50043.1,-0.89,Shortag e,5523,4837,6375,ESTIMATED_ MODEL
4045,C043,Pomegranate,Fruit,Tamil Nadu,2024,1,Jan,2024-01,5352.8,6838.1,5416.7,1421.5,0.26,Surplus,8873,7432,10435,ESTIMATED_ MODEL
4046,C043,Pomegranate,Fruit,Tamil Nadu,2024,2,Feb,2024-02,5137.8,6628.5,5416.7,1211.8,0.22,Surplus,8624,7120,10458,ESTIMATED_ MODEL
4047,C043,Pomegranate,Fruit,Tamil Nadu,2024,3,Mar,2024-03,5590.5,7069.9,5416.7,1653.3,0.31,Surplus,8501,7165,9866,ESTIMATED_ MODEL
4048,C043,Pomegranate,Fruit,Tamil Nadu,2024,4,Apr,2024-04,5138.0,6628.7,5416.7,1212.0,0.22,Surplus,8812,7859,10575,ESTIMATED_ MODEL
4049,C043,Pomegranate,Fruit,Tamil Nadu,2024,5,May,2024-05,5691.0,7167.9,5416.7,1751.3,0.32,Surplus,8548,7504,10224,ESTIMATED_ MODEL
4050,C043,Pomegranate,Fruit,Tamil Nadu,2024,6,Jun,2024-06,5124.8,6615.8,5416.7,1199.2,0.22,Surplus,8463,6852,9358,ESTIMATED_ MODEL
4051,C043,Pomegranate,Fruit,Tamil Nadu,2024,7,Jul,2024-07,5403.2,6887.3,5416.7,1470.6,0.27,Surplus,8610,7599,9875,ESTIMATED_ MODEL
4052,C043,Pomegranate,Fruit,Tamil Nadu,2024,8,Aug,2024-08,5561.6,7041.8,5416.7,1625.1,0.3,Surplus,8532,7601,10456,ESTIMATED_ MODEL
4053,C043,Pomegranate,Fruit,Tamil Nadu,2024,9,Sep,2024-09,5347.3,6832.8,5416.7,1416.1,0.26,Surplus,8736,7222,9763,ESTIMATED_ MODEL
4054,C043,Pomegranate,Fruit,Tamil Nadu,2024,10,Oct,2024-10,5232.9,6721.2,5416.7,1304.5,0.24,Surplus,8413,6820,9624,ESTIMATED_ MODEL
4055,C043,Pomegranate,Fruit,Tamil Nadu,2024,11,Nov,2024-11,5585.1,7064.6,5416.7,1647.9,0.3,Surplus,8617,6948,9655,ESTIMATED_ MODEL
4056,C043,Pomegranate,Fruit,Tamil Nadu,2024,12,Dec,2024-12,5601.5,7080.6,5416.7,1663.9,0.31,Surplus,8413,7262,10031,ESTIMATED_ MODEL
4057,C044,Sapota/Chikoo,Fruit,Tamil Nadu,2024,1,Jan,2024-01,10509.0,11506.5,10833.3,673.1,0.06,Balance d,3505,2893,4062,ESTIMATED_ MODEL
4058,C044,Sapota/Chikoo,Fruit,Tamil Nadu,2024,2,Feb,2024-02,10665.8,11662.0,10833.3,828.6,0.08,Balance d,3490,2944,3970,ESTIMATED_ MODEL
4059,C044,Sapota/Chikoo,Fruit,Tamil Nadu,2024,3,Mar,2024-03,10309.0,11308.2,10833.3,474.8,0.04,Balance d,3442,2871,4281,ESTIMATED_ MODEL
4060,C044,Sapota/Chikoo,Fruit,Tamil Nadu,2024,4,Apr,2024-04,10477.7,11475.5,10833.3,642.1,0.06,Balance d,3531,2987,3990,ESTIMATED_ MODEL
4061,C044,Sapota/Chikoo,Fruit,Tamil Nadu,2024,5,May,2024-05,11350.4,12340.8,10833.3,1507.5,0.14,Surplus,3492,2848,3951,ESTIMATED_ MODEL
4062,C044,Sapota/Chikoo,Fruit,Tamil Nadu,2024,6,Jun,2024-06,11456.9,12446.5,10833.3,1613.2,0.15,Surplus,3393,3013,3800,ESTIMATED_ MODEL
4063,C044,Sapota/Chikoo,Fruit,Tamil Nadu,2024,7,Jul,2024-07,11025.3,12018.5,10833.3,1185.1,0.11,Surplus,3363,2856,3839,ESTIMATED_ MODEL
4064,C044,Sapota/Chikoo,Fruit,Tamil Nadu,2024,8,Aug,2024-08,11375.2,12365.5,10833.3,1532.1,0.14,Surplus,3440,2907,4008,ESTIMATED_ MODEL
4065,C044,Sapota/Chikoo,Fruit,Tamil Nadu,2024,9,Sep,2024-09,11018.9,12012.1,10833.3,1178.8,0.11,Surplus,3361,2736,4111,ESTIMATED_ MODEL
4066,C044,Sapota/Chikoo,Fruit,Tamil Nadu,2024,10,Oct,2024-10,10226.5,11226.3,10833.3,393.0,0.04,Balance d,3561,2933,3978,ESTIMATED_ MODEL
4067,C044,Sapota/Chikoo,Fruit,Tamil Nadu,2024,11,Nov,2024-11,11479.1,12468.5,10833.3,1635.2,0.15,Surplus,3326,2863,4016,ESTIMATED_ MODEL
4068,C044,Sapota/Chikoo,Fruit,Tamil Nadu,2024,12,Dec,2024-12,10312.0,11311.1,10833.3,477.8,0.04,Balance d,3450,2994,4164,ESTIMATED_ MODEL
4069,C045,Turmeric,Spice,Tamil Nadu,2024,1,Jan,2024-01,14893.8,21126.6,9166.7,11960.0,1.3,Surplus,9488,7873,11235,ESTIMATED_ MODEL
4070,C045,Turmeric,Spice,Tamil Nadu,2024,2,Feb,2024-02,15134.0,21350.9,9166.7,12184.2,1.33,Surplus,9433,7615,11410,ESTIMATED_ MODEL
4071,C045,Turmeric,Spice,Tamil Nadu,2024,3,Mar,2024-03,14900.6,21133.1,9166.7,11966.4,1.31,Surplus,9505,8034,10638,ESTIMATED_ MODEL
4072,C045,Turmeric,Spice,Tamil Nadu,2024,4,Apr,2024-04,16408.2,22540.1,9166.7,13373.5,1.46,Surplus,9591,8215,11848,ESTIMATED_ MODEL
4073,C045,Turmeric,Spice,Tamil Nadu,2024,5,May,2024-05,16266.0,22407.4,9166.7,13240.7,1.44,Surplus,9396,8402,11593,ESTIMATED_ MODEL
4074,C045,Turmeric,Spice,Tamil Nadu,2024,6,Jun,2024-06,15855.0,22023.8,9166.7,12857.2,1.4,Surplus,9530,8514,10945,ESTIMATED_ MODEL
4075,C045,Turmeric,Spice,Tamil Nadu,2024,7,Jul,2024-07,0.0,7225.8,9166.7,-1940.9,-0.21,Shortag e,12284,9883,14598,ESTIMATED_ MODEL
4076,C045,Turmeric,Spice,Tamil Nadu,2024,8,Aug,2024-08,0.0,7225.8,9166.7,-1940.9,-0.21,Shortag e,12540,11002,14076,ESTIMATED_ MODEL
4077,C045,Turmeric,Spice,Tamil Nadu,2024,9,Sep,2024-09,0.0,7225.8,9166.7,-1940.9,-0.21,Shortag e,12340,10090,14800,ESTIMATED_ MODEL
4078,C045,Turmeric,Spice,Tamil Nadu,2024,10,Oct,2024-10,0.0,7225.8,9166.7,-1940.9,-0.21,Shortag e,12134,10805,13768,ESTIMATED_ MODEL
4079,C045,Turmeric,Spice,Tamil Nadu,2024,11,Nov,2024-11,0.0,7225.8,9166.7,-1940.9,-0.21,Shortag e,12230,10825,14295,ESTIMATED_ MODEL
4080,C045,Turmeric,Spice,Tamil Nadu,2024,12,Dec,2024-12,14929.2,21159.7,9166.7,11993.0,1.31,Surplus,9302,7901,10350,ESTIMATED_ MODEL
4081,C046,Ginger,Spice,Tamil Nadu,2024,1,Jan,2024-01,13895.4,17122.3,9166.7,7955.7,0.87,Surplus,5156,4143,6175,ESTIMATED_ MODEL
4082,C046,Ginger,Spice,Tamil Nadu,2024,2,Feb,2024-02,13348.3,16593.5,9166.7,7426.8,0.81,Surplus,5283,4469,6531,ESTIMATED_ MODEL
4083,C046,Ginger,Spice,Tamil Nadu,2024,3,Mar,2024-03,13855.1,17083.4,9166.7,7916.8,0.86,Surplus,5103,4087,5669,ESTIMATED_ MODEL
4084,C046,Ginger,Spice,Tamil Nadu,2024,4,Apr,2024-04,13051.8,16306.9,9166.7,7140.2,0.78,Surplus,5199,4176,6111,ESTIMATED_ MODEL
4085,C046,Ginger,Spice,Tamil Nadu,2024,5,May,2024-05,0.0,3690.1,9166.7,-5476.5,-0.6,Shortag e,6470,5293,7845,ESTIMATED_ MODEL
4086,C046,Ginger,Spice,Tamil Nadu,2024,6,Jun,2024-06,0.0,3690.1,9166.7,-5476.5,-0.6,Shortag e,6431,5587,7411,ESTIMATED_ MODEL
4087,C046,Ginger,Spice,Tamil Nadu,2024,7,Jul,2024-07,0.0,3690.1,9166.7,-5476.5,-0.6,Shortag e,6541,5844,7232,ESTIMATED_ MODEL
4088,C046,Ginger,Spice,Tamil Nadu,2024,8,Aug,2024-08,0.0,3690.1,9166.7,-5476.5,-0.6,Shortag e,6537,5788,7768,ESTIMATED_ MODEL
4089,C046,Ginger,Spice,Tamil Nadu,2024,9,Sep,2024-09,14244.8,17460.1,9166.7,8293.5,0.9,Surplus,5105,4287,6136,ESTIMATED_ MODEL
4090,C046,Ginger,Spice,Tamil Nadu,2024,10,Oct,2024-10,14451.8,17660.2,9166.7,8493.5,0.93,Surplus,5306,4267,5894,ESTIMATED_ MODEL
4091,C046,Ginger,Spice,Tamil Nadu,2024,11,Nov,2024-11,14367.8,17579.0,9166.7,8412.4,0.92,Surplus,5111,4207,5825,ESTIMATED_ MODEL
4092,C046,Ginger,Spice,Tamil Nadu,2024,12,Dec,2024-12,13488.9,16729.4,9166.7,7562.7,0.82,Surplus,5157,4226,5773,ESTIMATED_ MODEL
4093,C047,Coriander,Herb/spic e,Tamil Nadu,2024,1,Jan,2024-01,6382.0,6689.0,6666.7,22.4,0.0,Balance d,3048,2710,3777,ESTIMATED_ MODEL
4094,C047,Coriander,Herb/spic e,Tamil Nadu,2024,2,Feb,2024-02,6430.2,6737.0,6666.7,70.3,0.01,Balance d,2948,2483,3249,ESTIMATED_ MODEL
4095,C047,Coriander,Herb/spic e,Tamil Nadu,2024,3,Mar,2024-03,6463.7,6770.4,6666.7,103.7,0.02,Balance d,3061,2496,3762,ESTIMATED_ MODEL
4096,C047,Coriander,Herb/spic e,Tamil Nadu,2024,4,Apr,2024-04,7013.1,7317.5,6666.7,650.8,0.1,Balance d,2925,2447,3235,ESTIMATED_ MODEL
4097,C047,Coriander,Herb/spic e,Tamil Nadu,2024,5,May,2024-05,6871.2,7176.2,6666.7,509.6,0.08,Balance d,2934,2608,3239,ESTIMATED_ MODEL
4098,C047,Coriander,Herb/spic e,Tamil Nadu,2024,6,Jun,2024-06,6898.4,7203.3,6666.7,536.6,0.08,Balance d,2946,2366,3405,ESTIMATED_ MODEL
4099,C047,Coriander,Herb/spic e,Tamil Nadu,2024,7,Jul,2024-07,6350.5,6657.6,6666.7,-9.0,-0.0,Balance d,2941,2427,3623,ESTIMATED_ MODEL
4100,C047,Coriander,Herb/spic e,Tamil Nadu,2024,8,Aug,2024-08,6935.7,7240.4,6666.7,573.8,0.09,Balance d,2949,2440,3505,ESTIMATED_ MODEL
4101,C047,Coriander,Herb/spic e,Tamil Nadu,2024,9,Sep,2024-09,6593.2,6899.4,6666.7,232.7,0.03,Balance d,2919,2411,3451,ESTIMATED_ MODEL
4102,C047,Coriander,Herb/spic e,Tamil Nadu,2024,10,Oct,2024-10,6476.9,6783.5,6666.7,116.9,0.02,Balance d,2944,2555,3456,ESTIMATED_ MODEL
4103,C047,Coriander,Herb/spic e,Tamil Nadu,2024,11,Nov,2024-11,6727.3,7032.8,6666.7,366.2,0.05,Balance d,3024,2706,3379,ESTIMATED_ MODEL
4104,C047,Coriander,Herb/spic e,Tamil Nadu,2024,12,Dec,2024-12,6924.4,7229.2,6666.7,562.5,0.08,Balance d,2932,2439,3291,ESTIMATED_ MODEL
4105,C048,Curry Leaf,Leaf crop,Tamil Nadu,2024,1,Jan,2024-01,3007.6,3141.1,2916.7,224.4,0.08,Balance d,3434,2994,4233,ESTIMATED_ MODEL
4106,C048,Curry Leaf,Leaf crop,Tamil Nadu,2024,2,Feb,2024-02,2911.2,3045.0,2916.7,128.4,0.04,Balance d,3372,3013,3969,ESTIMATED_ MODEL
4107,C048,Curry Leaf,Leaf crop,Tamil Nadu,2024,3,Mar,2024-03,2929.9,3063.6,2916.7,147.0,0.05,Balance d,3515,3113,4113,ESTIMATED_ MODEL
4108,C048,Curry Leaf,Leaf crop,Tamil Nadu,2024,4,Apr,2024-04,2762.5,2897.0,2916.7,-19.7,-0.01,Balance d,3573,2922,4016,ESTIMATED_ MODEL
4109,C048,Curry Leaf,Leaf crop,Tamil Nadu,2024,5,May,2024-05,2936.1,3069.8,2916.7,153.2,0.05,Balance d,3505,3109,4325,ESTIMATED_ MODEL
4110,C048,Curry Leaf,Leaf crop,Tamil Nadu,2024,6,Jun,2024-06,3018.6,3152.0,2916.7,235.4,0.08,Balance d,3487,2973,4009,ESTIMATED_ MODEL
4111,C048,Curry Leaf,Leaf crop,Tamil Nadu,2024,7,Jul,2024-07,2942.5,3076.2,2916.7,159.5,0.05,Balance d,3572,2971,4328,ESTIMATED_ MODEL
4112,C048,Curry Leaf,Leaf crop,Tamil Nadu,2024,8,Aug,2024-08,2834.5,2968.7,2916.7,52.0,0.02,Balance d,3497,3010,4053,ESTIMATED_ MODEL
4113,C048,Curry Leaf,Leaf crop,Tamil Nadu,2024,9,Sep,2024-09,2975.3,3108.9,2916.7,192.2,0.07,Balance d,3563,3054,4420,ESTIMATED_ MODEL
4114,C048,Curry Leaf,Leaf crop,Tamil Nadu,2024,10,Oct,2024-10,2868.2,3002.2,2916.7,85.5,0.03,Balance d,3381,2898,4083,ESTIMATED_ MODEL
4115,C048,Curry Leaf,Leaf crop,Tamil Nadu,2024,11,Nov,2024-11,2932.4,3066.1,2916.7,149.5,0.05,Balance d,3524,3138,3879,ESTIMATED_ MODEL
4116,C048,Curry Leaf,Leaf crop,Tamil Nadu,2024,12,Dec,2024-12,2912.3,3046.1,2916.7,129.5,0.04,Balance d,3371,2856,3723,ESTIMATED_ MODEL
4117,C049,Moringa/Drumstick,Vegetabl e/tree,Tamil Nadu,2024,1,Jan,2024-01,24166.2,25305.0,23750.0,1555.0,0.07,Balance d,4534,4078,5646,ESTIMATED_ MODEL
4118,C049,Moringa/Drumstick,Vegetabl e/tree,Tamil Nadu,2024,2,Feb,2024-02,24918.0,26053.7,23750.0,2303.7,0.1,Balance d,4431,3853,4948,ESTIMATED_ MODEL
4119,C049,Moringa/Drumstick,Vegetabl e/tree,Tamil Nadu,2024,3,Mar,2024-03,23683.4,24824.2,23750.0,1074.2,0.05,Balance d,4453,3923,5236,ESTIMATED_ MODEL
4120,C049,Moringa/Drumstick,Vegetabl e/tree,Tamil Nadu,2024,4,Apr,2024-04,25066.1,26201.2,23750.0,2451.2,0.1,Surplus,4485,3922,5104,ESTIMATED_ MODEL
4121,C049,Moringa/Drumstick,Vegetabl e/tree,Tamil Nadu,2024,5,May,2024-05,24639.9,25776.7,23750.0,2026.7,0.09,Balance d,4543,3844,5141,ESTIMATED_ MODEL
4122,C049,Moringa/Drumstick,Vegetabl e/tree,Tamil Nadu,2024,6,Jun,2024-06,23634.0,24775.0,23750.0,1025.0,0.04,Balance d,4569,3846,5540,ESTIMATED_ MODEL
4123,C049,Moringa/Drumstick,Vegetabl e/tree,Tamil Nadu,2024,7,Jul,2024-07,24505.4,25642.8,23750.0,1892.8,0.08,Balance d,4459,3737,5446,ESTIMATED_ MODEL
4124,C049,Moringa/Drumstick,Vegetabl e/tree,Tamil Nadu,2024,8,Aug,2024-08,24674.3,25811.0,23750.0,2061.0,0.09,Balance d,4464,3745,4984,ESTIMATED_ MODEL
4125,C049,Moringa/Drumstick,Vegetabl e/tree,Tamil Nadu,2024,9,Sep,2024-09,26469.8,27599.0,23750.0,3849.0,0.16,Surplus,4497,3613,5529,ESTIMATED_ MODEL
4126,C049,Moringa/Drumstick,Vegetabl e/tree,Tamil Nadu,2024,10,Oct,2024-10,24123.7,25262.6,23750.0,1512.6,0.06,Balance d,4419,3817,5472,ESTIMATED_ MODEL
4127,C049,Moringa/Drumstick,Vegetabl e/tree,Tamil Nadu,2024,11,Nov,2024-11,25134.3,26269.1,23750.0,2519.1,0.11,Surplus,4334,3713,5264,ESTIMATED_ MODEL
4128,C049,Moringa/Drumstick,Vegetabl e/tree,Tamil Nadu,2024,12,Dec,2024-12,26461.9,27591.2,23750.0,3841.2,0.16,Surplus,4460,3802,5324,ESTIMATED_ MODEL
4129,C050,Jasmine,Flower,Tamil Nadu,2024,1,Jan,2024-01,5204.6,5204.6,6000.0,-795.4,-0.13,Shortag e,14914,12235,16614,ESTIMATED_ MODEL
4130,C050,Jasmine,Flower,Tamil Nadu,2024,2,Feb,2024-02,5157.1,5157.1,5000.0,157.1,0.03,Balance d,14536,12018,17236,ESTIMATED_ MODEL
4131,C050,Jasmine,Flower,Tamil Nadu,2024,3,Mar,2024-03,4912.4,4912.4,5000.0,-87.6,-0.02,Balance d,15457,13719,19034,ESTIMATED_ MODEL
4132,C050,Jasmine,Flower,Tamil Nadu,2024,4,Apr,2024-04,5298.0,5298.0,5000.0,298.0,0.06,Balance d,14574,12045,16198,ESTIMATED_ MODEL
4133,C050,Jasmine,Flower,Tamil Nadu,2024,5,May,2024-05,4960.7,4960.7,5000.0,-39.3,-0.01,Balance d,15268,12321,18070,ESTIMATED_ MODEL
4134,C050,Jasmine,Flower,Tamil Nadu,2024,6,Jun,2024-06,4714.7,4714.7,5000.0,-285.3,-0.06,Balance d,14901,12283,18606,ESTIMATED_ MODEL
4135,C050,Jasmine,Flower,Tamil Nadu,2024,7,Jul,2024-07,4917.6,4917.6,5000.0,-82.4,-0.02,Balance d,15268,13492,18104,ESTIMATED_ MODEL
4136,C050,Jasmine,Flower,Tamil Nadu,2024,8,Aug,2024-08,4776.7,4776.7,5000.0,-223.3,-0.04,Balance d,15434,13343,19168,ESTIMATED_ MODEL
4137,C050,Jasmine,Flower,Tamil Nadu,2024,9,Sep,2024-09,4772.9,4772.9,5750.0,-977.1,-0.17,Shortag e,15185,13052,18276,ESTIMATED_ MODEL
4138,C050,Jasmine,Flower,Tamil Nadu,2024,10,Oct,2024-10,4868.9,4868.9,6250.0,-1381.1,-0.22,Shortag e,15400,13675,19204,ESTIMATED_ MODEL
4139,C050,Jasmine,Flower,Tamil Nadu,2024,11,Nov,2024-11,4732.0,4732.0,5000.0,-268.0,-0.05,Balance d,15114,12682,17696,ESTIMATED_ MODEL
4140,C050,Jasmine,Flower,Tamil Nadu,2024,12,Dec,2024-12,5113.1,5113.1,5000.0,113.1,0.02,Balance d,15266,13198,16895,ESTIMATED_ MODEL
4141,C051,Marigold,Flower,Tamil Nadu,2024,1,Jan,2024-01,11776.0,11776.0,13750.0,-1974.0,-0.14,Shortag e,4178,3734,4809,ESTIMATED_ MODEL
4142,C051,Marigold,Flower,Tamil Nadu,2024,2,Feb,2024-02,12917.8,12917.8,12500.0,417.8,0.03,Balance d,3931,3237,4813,ESTIMATED_ MODEL
4143,C051,Marigold,Flower,Tamil Nadu,2024,3,Mar,2024-03,12242.5,12242.5,12500.0,-257.5,-0.02,Balance d,4055,3340,4690,ESTIMATED_ MODEL
4144,C051,Marigold,Flower,Tamil Nadu,2024,4,Apr,2024-04,12458.0,12458.0,12500.0,-42.0,-0.0,Balance d,4003,3414,4937,ESTIMATED_ MODEL
4145,C051,Marigold,Flower,Tamil Nadu,2024,5,May,2024-05,12948.0,12948.0,12500.0,448.0,0.04,Balance d,3949,3518,4606,ESTIMATED_ MODEL
4146,C051,Marigold,Flower,Tamil Nadu,2024,6,Jun,2024-06,11819.7,11819.7,12500.0,-680.3,-0.05,Balance d,4091,3654,5058,ESTIMATED_ MODEL
4147,C051,Marigold,Flower,Tamil Nadu,2024,7,Jul,2024-07,11987.8,11987.8,12500.0,-512.2,-0.04,Balance d,3918,3215,4590,ESTIMATED_ MODEL
4148,C051,Marigold,Flower,Tamil Nadu,2024,8,Aug,2024-08,12346.9,12346.9,12500.0,-153.1,-0.01,Balance d,3990,3448,4955,ESTIMATED_ MODEL
4149,C051,Marigold,Flower,Tamil Nadu,2024,9,Sep,2024-09,12094.9,12094.9,14375.0,-2280.1,-0.16,Shortag e,4002,3382,4517,ESTIMATED_ MODEL
4150,C051,Marigold,Flower,Tamil Nadu,2024,10,Oct,2024-10,12256.9,12256.9,15625.0,-3368.1,-0.22,Shortag e,4223,3786,4949,ESTIMATED_ MODEL
4151,C051,Marigold,Flower,Tamil Nadu,2024,11,Nov,2024-11,13247.3,13247.3,12500.0,747.3,0.06,Balance d,3869,3399,4660,ESTIMATED_ MODEL
4152,C051,Marigold,Flower,Tamil Nadu,2024,12,Dec,2024-12,12988.1,12988.1,12500.0,488.1,0.04,Balance d,3941,3503,4912,ESTIMATED_ MODEL
4153,C052,Rose,Flower,Tamil Nadu,2024,1,Jan,2024-01,1679.8,1679.8,1833.3,-153.5,-0.08,Balance d,8062,7122,9444,ESTIMATED_ MODEL
4154,C052,Rose,Flower,Tamil Nadu,2024,2,Feb,2024-02,1626.2,1626.2,2166.7,-540.5,-0.25,Shortag e,8533,7201,10218,ESTIMATED_ MODEL
4155,C052,Rose,Flower,Tamil Nadu,2024,3,Mar,2024-03,1683.6,1683.6,1666.7,16.9,0.01,Balance d,7772,6725,9541,ESTIMATED_ MODEL
4156,C052,Rose,Flower,Tamil Nadu,2024,4,Apr,2024-04,1654.6,1654.6,1666.7,-12.1,-0.01,Balance d,8221,7396,9391,ESTIMATED_ MODEL
4157,C052,Rose,Flower,Tamil Nadu,2024,5,May,2024-05,1627.1,1627.1,1666.7,-39.6,-0.02,Balance d,8064,6815,9553,ESTIMATED_ MODEL
4158,C052,Rose,Flower,Tamil Nadu,2024,6,Jun,2024-06,1580.1,1580.1,1666.7,-86.6,-0.05,Balance d,7897,6994,9765,ESTIMATED_ MODEL
4159,C052,Rose,Flower,Tamil Nadu,2024,7,Jul,2024-07,1617.2,1617.2,1666.7,-49.5,-0.03,Balance d,8011,6633,8981,ESTIMATED_ MODEL
4160,C052,Rose,Flower,Tamil Nadu,2024,8,Aug,2024-08,1606.2,1606.2,1666.7,-60.4,-0.04,Balance d,8131,6759,10054,ESTIMATED_ MODEL
4161,C052,Rose,Flower,Tamil Nadu,2024,9,Sep,2024-09,1675.1,1675.1,1666.7,8.4,0.01,Balance d,8076,6982,9561,ESTIMATED_ MODEL
4162,C052,Rose,Flower,Tamil Nadu,2024,10,Oct,2024-10,1687.0,1687.0,2000.0,-313.0,-0.16,Shortag e,7969,7118,9517,ESTIMATED_ MODEL
4163,C052,Rose,Flower,Tamil Nadu,2024,11,Nov,2024-11,1688.4,1688.4,1666.7,21.7,0.01,Balance d,8221,7019,9919,ESTIMATED_ MODEL
4164,C052,Rose,Flower,Tamil Nadu,2024,12,Dec,2024-12,1644.3,1644.3,1666.7,-22.4,-0.01,Balance d,7803,6735,9478,ESTIMATED_ MODEL
4165,C053,Tuberose,Flower,Tamil Nadu,2024,1,Jan,2024-01,2581.0,2581.0,2750.0,-169.0,-0.06,Balance d,8039,6693,9621,ESTIMATED_ MODEL
4166,C053,Tuberose,Flower,Tamil Nadu,2024,2,Feb,2024-02,2417.9,2417.9,2500.0,-82.1,-0.03,Balance d,7862,6853,9805,ESTIMATED_ MODEL
4167,C053,Tuberose,Flower,Tamil Nadu,2024,3,Mar,2024-03,2642.6,2642.6,2500.0,142.6,0.06,Balance d,8077,7156,9321,ESTIMATED_ MODEL
4168,C053,Tuberose,Flower,Tamil Nadu,2024,4,Apr,2024-04,2648.6,2648.6,2500.0,148.6,0.06,Balance d,7844,6681,8682,ESTIMATED_ MODEL
4169,C053,Tuberose,Flower,Tamil Nadu,2024,5,May,2024-05,2372.7,2372.7,2500.0,-127.3,-0.05,Balance d,8274,6738,10223,ESTIMATED_ MODEL
4170,C053,Tuberose,Flower,Tamil Nadu,2024,6,Jun,2024-06,2630.9,2630.9,2500.0,130.9,0.05,Balance d,7737,6826,8687,ESTIMATED_ MODEL
4171,C053,Tuberose,Flower,Tamil Nadu,2024,7,Jul,2024-07,2436.8,2436.8,2500.0,-63.2,-0.03,Balance d,7808,6808,8917,ESTIMATED_ MODEL
4172,C053,Tuberose,Flower,Tamil Nadu,2024,8,Aug,2024-08,2556.8,2556.8,2500.0,56.8,0.02,Balance d,8075,6908,9015,ESTIMATED_ MODEL
4173,C053,Tuberose,Flower,Tamil Nadu,2024,9,Sep,2024-09,2451.4,2451.4,2500.0,-48.6,-0.02,Balance d,8230,6956,9960,ESTIMATED_ MODEL
4174,C053,Tuberose,Flower,Tamil Nadu,2024,10,Oct,2024-10,2640.3,2640.3,3000.0,-359.7,-0.12,Shortag e,8144,7007,9328,ESTIMATED_ MODEL
4175,C053,Tuberose,Flower,Tamil Nadu,2024,11,Nov,2024-11,2380.5,2380.5,2500.0,-119.5,-0.05,Balance d,7913,6760,9227,ESTIMATED_ MODEL
4176,C053,Tuberose,Flower,Tamil Nadu,2024,12,Dec,2024-12,2499.3,2499.3,2500.0,-0.7,-0.0,Balance d,7947,6892,9565,ESTIMATED_ MODEL
4177,C054,Chrysanthemum,Flower,Tamil Nadu,2024,1,Jan,2024-01,1634.4,1634.4,1833.3,-198.9,-0.11,Shortag e,9375,8061,10575,ESTIMATED_ MODEL
4178,C054,Chrysanthemum,Flower,Tamil Nadu,2024,2,Feb,2024-02,1649.0,1649.0,1666.7,-17.6,-0.01,Balance d,9166,8209,10881,ESTIMATED_ MODEL
4179,C054,Chrysanthemum,Flower,Tamil Nadu,2024,3,Mar,2024-03,1586.0,1586.0,1666.7,-80.6,-0.05,Balance d,9163,7640,10604,ESTIMATED_ MODEL
4180,C054,Chrysanthemum,Flower,Tamil Nadu,2024,4,Apr,2024-04,1613.8,1613.8,1666.7,-52.8,-0.03,Balance d,9169,8186,10951,ESTIMATED_ MODEL
4181,C054,Chrysanthemum,Flower,Tamil Nadu,2024,5,May,2024-05,1577.0,1577.0,1666.7,-89.7,-0.05,Balance d,9229,7541,10445,ESTIMATED_ MODEL
4182,C054,Chrysanthemum,Flower,Tamil Nadu,2024,6,Jun,2024-06,1765.9,1765.9,1666.7,99.2,0.06,Balance d,8936,7307,10681,ESTIMATED_ MODEL
4183,C054,Chrysanthemum,Flower,Tamil Nadu,2024,7,Jul,2024-07,1714.0,1714.0,1666.7,47.3,0.03,Balance d,8849,7779,10806,ESTIMATED_ MODEL
4184,C054,Chrysanthemum,Flower,Tamil Nadu,2024,8,Aug,2024-08,1584.2,1584.2,1666.7,-82.5,-0.05,Balance d,9047,7401,10829,ESTIMATED_ MODEL
4185,C054,Chrysanthemum,Flower,Tamil Nadu,2024,9,Sep,2024-09,1570.7,1570.7,1666.7,-96.0,-0.06,Balance d,9343,8056,10328,ESTIMATED_ MODEL
4186,C054,Chrysanthemum,Flower,Tamil Nadu,2024,10,Oct,2024-10,1710.5,1710.5,2083.3,-372.8,-0.18,Shortag e,8980,7472,10142,ESTIMATED_ MODEL
4187,C054,Chrysanthemum,Flower,Tamil Nadu,2024,11,Nov,2024-11,1654.5,1654.5,1666.7,-12.2,-0.01,Balance d,9178,8118,10452,ESTIMATED_ MODEL
4188,C054,Chrysanthemum,Flower,Tamil Nadu,2024,12,Dec,2024-12,1724.0,1724.0,1666.7,57.4,0.03,Balance d,8859,7296,10952,ESTIMATED_ MODEL
4189,C055,Coconut,Plantatio n,Tamil Nadu,2024,1,Jan,2024-01,195257.8,317375.7,242458.3,74917.4,0.31,Surplus,5381,4324,6116,ESTIMATED_ MODEL
4190,C055,Coconut,Plantatio n,Tamil Nadu,2024,2,Feb,2024-02,189722.8,312163.6,220416.7,91746.9,0.42,Surplus,5055,4298,5886,ESTIMATED_ MODEL
4191,C055,Coconut,Plantatio n,Tamil Nadu,2024,3,Mar,2024-03,194680.0,316831.6,220416.7,96415.0,0.44,Surplus,5214,4298,6201,ESTIMATED_ MODEL
4192,C055,Coconut,Plantatio n,Tamil Nadu,2024,4,Apr,2024-04,189041.3,311521.9,220416.7,91105.2,0.41,Surplus,5285,4709,6574,ESTIMATED_ MODEL
4193,C055,Coconut,Plantatio n,Tamil Nadu,2024,5,May,2024-05,187979.3,310521.8,220416.7,90105.1,0.41,Surplus,5252,4678,5963,ESTIMATED_ MODEL
4194,C055,Coconut,Plantatio n,Tamil Nadu,2024,6,Jun,2024-06,194759.7,316906.7,220416.7,96490.0,0.44,Surplus,5039,4034,6077,ESTIMATED_ MODEL
4195,C055,Coconut,Plantatio n,Tamil Nadu,2024,7,Jul,2024-07,193761.1,315966.3,220416.7,95549.7,0.43,Surplus,5286,4328,6320,ESTIMATED_ MODEL
4196,C055,Coconut,Plantatio n,Tamil Nadu,2024,8,Aug,2024-08,186917.8,309522.2,220416.7,89105.6,0.4,Surplus,5247,4685,6281,ESTIMATED_ MODEL
4197,C055,Coconut,Plantatio n,Tamil Nadu,2024,9,Sep,2024-09,183601.7,306399.6,242458.3,63941.2,0.26,Surplus,5437,4537,6266,ESTIMATED_ MODEL
4198,C055,Coconut,Plantatio n,Tamil Nadu,2024,10,Oct,2024-10,188643.9,311147.7,242458.3,68689.3,0.28,Surplus,5280,4426,5809,ESTIMATED_ MODEL
4199,C055,Coconut,Plantatio n,Tamil Nadu,2024,11,Nov,2024-11,189716.2,312157.4,220416.7,91740.7,0.42,Surplus,5233,4579,6342,ESTIMATED_ MODEL
4200,C055,Coconut,Plantatio n,Tamil Nadu,2024,12,Dec,2024-12,194626.4,316781.2,220416.7,96364.5,0.44,Surplus,5088,4336,5871,ESTIMATED_ MODEL
4201,C056,Arecanut,Plantatio n,Tamil Nadu,2024,1,Jan,2024-01,839.6,1449.1,833.3,615.8,0.74,Surplus,39637,32742,48700,ESTIMATED_ MODEL
4202,C056,Arecanut,Plantatio n,Tamil Nadu,2024,2,Feb,2024-02,795.7,1408.1,833.3,574.8,0.69,Surplus,40005,32071,46348,ESTIMATED_ MODEL
4203,C056,Arecanut,Plantatio n,Tamil Nadu,2024,3,Mar,2024-03,791.3,1404.1,833.3,570.7,0.68,Surplus,40794,33673,47517,ESTIMATED_ MODEL
4204,C056,Arecanut,Plantatio n,Tamil Nadu,2024,4,Apr,2024-04,858.9,1467.1,833.3,633.8,0.76,Surplus,38669,33209,46923,ESTIMATED_ MODEL
4205,C056,Arecanut,Plantatio n,Tamil Nadu,2024,5,May,2024-05,784.3,1397.5,833.3,564.2,0.68,Surplus,40196,33846,44748,ESTIMATED_ MODEL
4206,C056,Arecanut,Plantatio n,Tamil Nadu,2024,6,Jun,2024-06,879.2,1486.1,833.3,652.8,0.78,Surplus,38907,31728,45609,ESTIMATED_ MODEL
4207,C056,Arecanut,Plantatio n,Tamil Nadu,2024,7,Jul,2024-07,834.9,1444.7,833.3,611.4,0.73,Surplus,40127,35909,44580,ESTIMATED_ MODEL
4208,C056,Arecanut,Plantatio n,Tamil Nadu,2024,8,Aug,2024-08,881.6,1488.3,833.3,655.0,0.79,Surplus,39964,34075,47055,ESTIMATED_ MODEL
4209,C056,Arecanut,Plantatio n,Tamil Nadu,2024,9,Sep,2024-09,789.1,1402.0,833.3,568.7,0.68,Surplus,41401,33971,45794,ESTIMATED_ MODEL
4210,C056,Arecanut,Plantatio n,Tamil Nadu,2024,10,Oct,2024-10,841.7,1451.1,833.3,617.7,0.74,Surplus,40461,33765,44614,ESTIMATED_ MODEL
4211,C056,Arecanut,Plantatio n,Tamil Nadu,2024,11,Nov,2024-11,818.3,1429.2,833.3,595.9,0.71,Surplus,39502,32823,47107,ESTIMATED_ MODEL
4212,C056,Arecanut,Plantatio n,Tamil Nadu,2024,12,Dec,2024-12,867.7,1475.3,833.3,642.0,0.77,Surplus,38915,32740,45623,ESTIMATED_ MODEL
4213,C057,Cashew,Plantatio n,Tamil Nadu,2024,1,Jan,2024-01,0.0,2040.7,4000.0,-1959.3,-0.49,Shortag e,12831,10847,15807,ESTIMATED_ MODEL
4214,C057,Cashew,Plantatio n,Tamil Nadu,2024,2,Feb,2024-02,6341.2,7959.2,4000.0,3959.2,0.99,Surplus,10503,8653,11867,ESTIMATED_ MODEL
4215,C057,Cashew,Plantatio n,Tamil Nadu,2024,3,Mar,2024-03,5672.8,7335.3,4000.0,3335.3,0.83,Surplus,10496,9342,12053,ESTIMATED_ MODEL
4216,C057,Cashew,Plantatio n,Tamil Nadu,2024,4,Apr,2024-04,6324.7,7943.8,4000.0,3943.8,0.99,Surplus,10334,8999,12575,ESTIMATED_ MODEL
4217,C057,Cashew,Plantatio n,Tamil Nadu,2024,5,May,2024-05,6059.0,7695.8,4000.0,3695.8,0.92,Surplus,10382,8724,12927,ESTIMATED_ MODEL
4218,C057,Cashew,Plantatio n,Tamil Nadu,2024,6,Jun,2024-06,6212.9,7839.4,4000.0,3839.4,0.96,Surplus,10352,9036,11923,ESTIMATED_ MODEL
4219,C057,Cashew,Plantatio n,Tamil Nadu,2024,7,Jul,2024-07,0.0,2040.7,4000.0,-1959.3,-0.49,Shortag e,13004,10738,14782,ESTIMATED_ MODEL
4220,C057,Cashew,Plantatio n,Tamil Nadu,2024,8,Aug,2024-08,0.0,2040.7,4000.0,-1959.3,-0.49,Shortag e,13036,11108,15676,ESTIMATED_ MODEL
4221,C057,Cashew,Plantatio n,Tamil Nadu,2024,9,Sep,2024-09,0.0,2040.7,4000.0,-1959.3,-0.49,Shortag e,12715,10933,14833,ESTIMATED_ MODEL
4222,C057,Cashew,Plantatio n,Tamil Nadu,2024,10,Oct,2024-10,0.0,2040.7,4600.0,-2559.3,-0.56,Shortag e,13071,10837,15781,ESTIMATED_ MODEL
4223,C057,Cashew,Plantatio n,Tamil Nadu,2024,11,Nov,2024-11,0.0,2040.7,4400.0,-2359.3,-0.54,Shortag e,13185,10891,15098,ESTIMATED_ MODEL
4224,C057,Cashew,Plantatio n,Tamil Nadu,2024,12,Dec,2024-12,0.0,2040.7,4400.0,-2359.3,-0.54,Shortag e,13081,11374,15770,ESTIMATED_ MODEL
4225,C058,Coffee,Plantatio n,Tamil Nadu,2024,1,Jan,2024-01,2467.8,3283.0,1250.0,2033.0,1.63,Surplus,21904,19334,26912,ESTIMATED_ MODEL
4226,C058,Coffee,Plantatio n,Tamil Nadu,2024,2,Feb,2024-02,2468.5,3283.6,1250.0,2033.6,1.63,Surplus,21850,18373,26810,ESTIMATED_ MODEL
4227,C058,Coffee,Plantatio n,Tamil Nadu,2024,3,Mar,2024-03,2426.4,3244.4,1250.0,1994.4,1.6,Surplus,20724,16624,25236,ESTIMATED_ MODEL
4228,C058,Coffee,Plantatio n,Tamil Nadu,2024,4,Apr,2024-04,2397.1,3216.9,1250.0,1966.9,1.57,Surplus,20676,18585,24837,ESTIMATED_ MODEL
4229,C058,Coffee,Plantatio n,Tamil Nadu,2024,5,May,2024-05,0.0,979.7,1250.0,-270.3,-0.22,Shortag e,29333,24188,35232,ESTIMATED_ MODEL
4230,C058,Coffee,Plantatio n,Tamil Nadu,2024,6,Jun,2024-06,0.0,979.7,1250.0,-270.3,-0.22,Shortag e,28140,24870,31670,ESTIMATED_ MODEL
4231,C058,Coffee,Plantatio n,Tamil Nadu,2024,7,Jul,2024-07,0.0,979.7,1250.0,-270.3,-0.22,Shortag e,29239,24048,32463,ESTIMATED_ MODEL
4232,C058,Coffee,Plantatio n,Tamil Nadu,2024,8,Aug,2024-08,0.0,979.7,1250.0,-270.3,-0.22,Shortag e,28877,23590,34924,ESTIMATED_ MODEL
4233,C058,Coffee,Plantatio n,Tamil Nadu,2024,9,Sep,2024-09,0.0,979.7,1250.0,-270.3,-0.22,Shortag e,28467,23748,33737,ESTIMATED_ MODEL
4234,C058,Coffee,Plantatio n,Tamil Nadu,2024,10,Oct,2024-10,0.0,979.7,1250.0,-270.3,-0.22,Shortag e,28546,23916,34894,ESTIMATED_ MODEL
4235,C058,Coffee,Plantatio n,Tamil Nadu,2024,11,Nov,2024-11,2557.8,3367.0,1250.0,2117.0,1.69,Surplus,20461,16537,23514,ESTIMATED_ MODEL
4236,C058,Coffee,Plantatio n,Tamil Nadu,2024,12,Dec,2024-12,2378.0,3199.1,1250.0,1949.1,1.56,Surplus,21323,18216,24647,ESTIMATED_ MODEL
4237,C059,Tea,Plantatio n,Tamil Nadu,2024,1,Jan,2024-01,59044.9,64751.3,56250.0,8501.3,0.15,Surplus,1906,1607,2193,ESTIMATED_ MODEL
4238,C059,Tea,Plantatio n,Tamil Nadu,2024,2,Feb,2024-02,61988.3,67670.1,56250.0,11420.1,0.2,Surplus,1893,1571,2334,ESTIMATED_ MODEL
4239,C059,Tea,Plantatio n,Tamil Nadu,2024,3,Mar,2024-03,61616.9,67301.9,56250.0,11051.9,0.2,Surplus,1917,1670,2285,ESTIMATED_ MODEL
4240,C059,Tea,Plantatio n,Tamil Nadu,2024,4,Apr,2024-04,63606.8,69275.2,56250.0,13025.2,0.23,Surplus,1921,1583,2220,ESTIMATED_ MODEL
4241,C059,Tea,Plantatio n,Tamil Nadu,2024,5,May,2024-05,65997.1,71645.5,56250.0,15395.5,0.27,Surplus,1928,1610,2184,ESTIMATED_ MODEL
4242,C059,Tea,Plantatio n,Tamil Nadu,2024,6,Jun,2024-06,62577.8,68254.8,56250.0,12004.8,0.21,Surplus,1889,1678,2203,ESTIMATED_ MODEL
4243,C059,Tea,Plantatio n,Tamil Nadu,2024,7,Jul,2024-07,66151.6,71798.7,56250.0,15548.7,0.28,Surplus,1932,1640,2378,ESTIMATED_ MODEL
4244,C059,Tea,Plantatio n,Tamil Nadu,2024,8,Aug,2024-08,61016.9,66706.8,56250.0,10456.8,0.19,Surplus,1949,1653,2415,ESTIMATED_ MODEL
4245,C059,Tea,Plantatio n,Tamil Nadu,2024,9,Sep,2024-09,58981.5,64688.4,56250.0,8438.4,0.15,Surplus,1981,1607,2232,ESTIMATED_ MODEL
4246,C059,Tea,Plantatio n,Tamil Nadu,2024,10,Oct,2024-10,59992.5,65691.0,56250.0,9441.0,0.17,Surplus,1984,1753,2344,ESTIMATED_ MODEL
4247,C059,Tea,Plantatio n,Tamil Nadu,2024,11,Nov,2024-11,61713.4,67397.6,56250.0,11147.6,0.2,Surplus,1947,1680,2270,ESTIMATED_ MODEL
4248,C059,Tea,Plantatio n,Tamil Nadu,2024,12,Dec,2024-12,61122.5,66811.6,56250.0,10561.6,0.19,Surplus,1965,1593,2445,ESTIMATED_ MODEL
4249,C001,Rice/Paddy,Cereal,Tamil Nadu,2025,1,Jan,2025-01,3752333.5,4259262.4,1051761.8,3207500.6,3.05,Surplus,1763,1527,2107,ESTIMATED_ MODEL
4250,C001,Rice/Paddy,Cereal,Tamil Nadu,2025,2,Feb,2025-02,3612758.9,4129574.3,956147.1,3173427.2,3.32,Surplus,1760,1515,2150,ESTIMATED_ MODEL
4251,C001,Rice/Paddy,Cereal,Tamil Nadu,2025,3,Mar,2025-03,0.0,772719.2,956147.1,-183427.9,-0.19,Shortag e,2369,2002,2876,ESTIMATED_ MODEL
4252,C001,Rice/Paddy,Cereal,Tamil Nadu,2025,4,Apr,2025-04,0.0,772719.2,956147.1,-183427.9,-0.19,Shortag e,2443,2114,2877,ESTIMATED_ MODEL
4253,C001,Rice/Paddy,Cereal,Tamil Nadu,2025,5,May,2025-05,0.0,772719.2,956147.1,-183427.9,-0.19,Shortag e,2507,2019,2942,ESTIMATED_ MODEL
4254,C001,Rice/Paddy,Cereal,Tamil Nadu,2025,6,Jun,2025-06,0.0,772719.2,956147.1,-183427.9,-0.19,Shortag e,2379,1941,2753,ESTIMATED_ MODEL
4255,C001,Rice/Paddy,Cereal,Tamil Nadu,2025,7,Jul,2025-07,0.0,772719.2,956147.1,-183427.9,-0.19,Shortag e,2388,2140,2966,ESTIMATED_ MODEL
4256,C001,Rice/Paddy,Cereal,Tamil Nadu,2025,8,Aug,2025-08,0.0,772719.2,956147.1,-183427.9,-0.19,Shortag e,2413,2085,2848,ESTIMATED_ MODEL
4257,C001,Rice/Paddy,Cereal,Tamil Nadu,2025,9,Sep,2025-09,0.0,772719.2,956147.1,-183427.9,-0.19,Shortag e,2482,2141,2730,ESTIMATED_ MODEL
4258,C001,Rice/Paddy,Cereal,Tamil Nadu,2025,10,Oct,2025-10,0.0,772719.2,1003954.5,-231235.2,-0.23,Shortag e,2488,2176,2927,ESTIMATED_ MODEL
4259,C001,Rice/Paddy,Cereal,Tamil Nadu,2025,11,Nov,2025-11,0.0,772719.2,956147.1,-183427.9,-0.19,Shortag e,2494,2222,2939,ESTIMATED_ MODEL
4260,C001,Rice/Paddy,Cereal,Tamil Nadu,2025,12,Dec,2025-12,3543884.6,4065578.6,956147.1,3109431.5,3.25,Surplus,1792,1612,2051,ESTIMATED_ MODEL
4261,C002,Maize,Cereal,Tamil Nadu,2025,1,Jan,2025-01,275100.6,376667.4,222545.8,154121.6,0.69,Surplus,2031,1766,2399,ESTIMATED_ MODEL
4262,C002,Maize,Cereal,Tamil Nadu,2025,2,Feb,2025-02,299572.9,399916.1,222545.8,177370.3,0.8,Surplus,2017,1779,2332,ESTIMATED_ MODEL
4263,C002,Maize,Cereal,Tamil Nadu,2025,3,Mar,2025-03,294377.8,394980.7,222545.8,172434.9,0.77,Surplus,2050,1673,2338,ESTIMATED_ MODEL
4264,C002,Maize,Cereal,Tamil Nadu,2025,4,Apr,2025-04,272453.6,374152.7,222545.8,151606.9,0.68,Surplus,1972,1649,2281,ESTIMATED_ MODEL
4265,C002,Maize,Cereal,Tamil Nadu,2025,5,May,2025-05,0.0,115321.8,222545.8,-107224.0,-0.48,Shortag e,2471,2138,2880,ESTIMATED_ MODEL
4266,C002,Maize,Cereal,Tamil Nadu,2025,6,Jun,2025-06,0.0,115321.8,222545.8,-107224.0,-0.48,Shortag e,2450,1973,2761,ESTIMATED_ MODEL
4267,C002,Maize,Cereal,Tamil Nadu,2025,7,Jul,2025-07,0.0,115321.8,222545.8,-107224.0,-0.48,Shortag e,2447,2114,2975,ESTIMATED_ MODEL
4268,C002,Maize,Cereal,Tamil Nadu,2025,8,Aug,2025-08,302520.8,402716.6,222545.8,180170.8,0.81,Surplus,1977,1725,2378,ESTIMATED_ MODEL
4269,C002,Maize,Cereal,Tamil Nadu,2025,9,Sep,2025-09,293913.6,394539.7,222545.8,171993.9,0.77,Surplus,2066,1697,2443,ESTIMATED_ MODEL
4270,C002,Maize,Cereal,Tamil Nadu,2025,10,Oct,2025-10,298016.7,398437.7,222545.8,175891.9,0.79,Surplus,2011,1809,2273,ESTIMATED_ MODEL
4271,C002,Maize,Cereal,Tamil Nadu,2025,11,Nov,2025-11,270480.5,372278.3,222545.8,149732.5,0.67,Surplus,2040,1703,2405,ESTIMATED_ MODEL
4272,C002,Maize,Cereal,Tamil Nadu,2025,12,Dec,2025-12,0.0,115321.8,222545.8,-107224.0,-0.48,Shortag e,2393,1926,2838,ESTIMATED_ MODEL
4273,C003,Sorghum/Cholam,Millet,Tamil Nadu,2025,1,Jan,2025-01,61254.2,78188.3,28280.0,49908.3,1.76,Surplus,2534,2134,3131,ESTIMATED_ MODEL
4274,C003,Sorghum/Cholam,Millet,Tamil Nadu,2025,2,Feb,2025-02,62339.3,79201.1,26933.4,52267.7,1.94,Surplus,2468,2116,2897,ESTIMATED_ MODEL
4275,C003,Sorghum/Cholam,Millet,Tamil Nadu,2025,3,Mar,2025-03,60240.4,77242.1,26933.4,50308.7,1.87,Surplus,2518,2157,2872,ESTIMATED_ MODEL
4276,C003,Sorghum/Cholam,Millet,Tamil Nadu,2025,4,Apr,2025-04,0.0,21017.7,26933.4,-5915.6,-0.22,Shortag e,3334,2869,3912,ESTIMATED_ MODEL
4277,C003,Sorghum/Cholam,Millet,Tamil Nadu,2025,5,May,2025-05,0.0,21017.7,26933.4,-5915.6,-0.22,Shortag e,3324,2791,3913,ESTIMATED_ MODEL
4278,C003,Sorghum/Cholam,Millet,Tamil Nadu,2025,6,Jun,2025-06,0.0,21017.7,26933.4,-5915.6,-0.22,Shortag e,3469,2801,3997,ESTIMATED_ MODEL
4279,C003,Sorghum/Cholam,Millet,Tamil Nadu,2025,7,Jul,2025-07,0.0,21017.7,26933.4,-5915.6,-0.22,Shortag e,3468,2999,3966,ESTIMATED_ MODEL
4280,C003,Sorghum/Cholam,Millet,Tamil Nadu,2025,8,Aug,2025-08,0.0,21017.7,26933.4,-5915.6,-0.22,Shortag e,3472,2949,4079,ESTIMATED_ MODEL
4281,C003,Sorghum/Cholam,Millet,Tamil Nadu,2025,9,Sep,2025-09,67127.2,83669.8,26933.4,56736.4,2.11,Surplus,2566,2296,2960,ESTIMATED_ MODEL
4282,C003,Sorghum/Cholam,Millet,Tamil Nadu,2025,10,Oct,2025-10,64305.0,81035.7,26933.4,54102.3,2.01,Surplus,2400,1998,2651,ESTIMATED_ MODEL
4283,C003,Sorghum/Cholam,Millet,Tamil Nadu,2025,11,Nov,2025-11,0.0,21017.7,26933.4,-5915.6,-0.22,Shortag e,3309,2778,4107,ESTIMATED_ MODEL
4284,C003,Sorghum/Cholam,Millet,Tamil Nadu,2025,12,Dec,2025-12,0.0,21017.7,26933.4,-5915.6,-0.22,Shortag e,3478,2960,4120,ESTIMATED_ MODEL
4285,C004,Pearl Millet/Kambu,Millet,Tamil Nadu,2025,1,Jan,2025-01,28546.3,36379.0,12499.4,23879.6,1.91,Surplus,2031,1671,2282,ESTIMATED_ MODEL
4286,C004,Pearl Millet/Kambu,Millet,Tamil Nadu,2025,2,Feb,2025-02,27869.9,35747.7,12499.4,23248.3,1.86,Surplus,2029,1805,2450,ESTIMATED_ MODEL
4287,C004,Pearl Millet/Kambu,Millet,Tamil Nadu,2025,3,Mar,2025-03,30458.1,38163.4,12499.4,25663.9,2.05,Surplus,1984,1703,2275,ESTIMATED_ MODEL
4288,C004,Pearl Millet/Kambu,Millet,Tamil Nadu,2025,4,Apr,2025-04,0.0,9735.8,12499.4,-2763.6,-0.22,Shortag e,2847,2490,3394,ESTIMATED_ MODEL
4289,C004,Pearl Millet/Kambu,Millet,Tamil Nadu,2025,5,May,2025-05,0.0,9735.8,12499.4,-2763.6,-0.22,Shortag e,2754,2373,3171,ESTIMATED_ MODEL
4290,C004,Pearl Millet/Kambu,Millet,Tamil Nadu,2025,6,Jun,2025-06,0.0,9735.8,12499.4,-2763.6,-0.22,Shortag e,2691,2259,3335,ESTIMATED_ MODEL
4291,C004,Pearl Millet/Kambu,Millet,Tamil Nadu,2025,7,Jul,2025-07,0.0,9735.8,12499.4,-2763.6,-0.22,Shortag e,2787,2253,3435,ESTIMATED_ MODEL
4292,C004,Pearl Millet/Kambu,Millet,Tamil Nadu,2025,8,Aug,2025-08,0.0,9735.8,12499.4,-2763.6,-0.22,Shortag e,2729,2250,3124,ESTIMATED_ MODEL
4293,C004,Pearl Millet/Kambu,Millet,Tamil Nadu,2025,9,Sep,2025-09,28298.6,36147.8,12499.4,23648.4,1.89,Surplus,2020,1726,2371,ESTIMATED_ MODEL
4294,C004,Pearl Millet/Kambu,Millet,Tamil Nadu,2025,10,Oct,2025-10,30864.2,38542.4,12499.4,26043.0,2.08,Surplus,2043,1699,2487,ESTIMATED_ MODEL
4295,C004,Pearl Millet/Kambu,Millet,Tamil Nadu,2025,11,Nov,2025-11,0.0,9735.8,12499.4,-2763.6,-0.22,Shortag e,2714,2384,3256,ESTIMATED_ MODEL
4296,C004,Pearl Millet/Kambu,Millet,Tamil Nadu,2025,12,Dec,2025-12,0.0,9735.8,12499.4,-2763.6,-0.22,Shortag e,2796,2371,3355,ESTIMATED_ MODEL
4297,C005,Ragi,Millet,Tamil Nadu,2025,1,Jan,2025-01,51452.4,67552.2,25055.1,42497.1,1.7,Surplus,3353,3009,3993,ESTIMATED_ MODEL
4298,C005,Ragi,Millet,Tamil Nadu,2025,2,Feb,2025-02,46736.6,63150.8,25055.1,38095.7,1.52,Surplus,3334,2914,3832,ESTIMATED_ MODEL
4299,C005,Ragi,Millet,Tamil Nadu,2025,3,Mar,2025-03,47288.7,63666.1,25055.1,38611.0,1.54,Surplus,3324,2963,4133,ESTIMATED_ MODEL
4300,C005,Ragi,Millet,Tamil Nadu,2025,4,Apr,2025-04,0.0,19530.0,25055.1,-5525.1,-0.22,Shortag e,4579,3784,5197,ESTIMATED_ MODEL
4301,C005,Ragi,Millet,Tamil Nadu,2025,5,May,2025-05,0.0,19530.0,25055.1,-5525.1,-0.22,Shortag e,4416,3728,5066,ESTIMATED_ MODEL
4302,C005,Ragi,Millet,Tamil Nadu,2025,6,Jun,2025-06,0.0,19530.0,25055.1,-5525.1,-0.22,Shortag e,4436,3824,5387,ESTIMATED_ MODEL
4303,C005,Ragi,Millet,Tamil Nadu,2025,7,Jul,2025-07,0.0,19530.0,25055.1,-5525.1,-0.22,Shortag e,4530,3993,5005,ESTIMATED_ MODEL
4304,C005,Ragi,Millet,Tamil Nadu,2025,8,Aug,2025-08,0.0,19530.0,25055.1,-5525.1,-0.22,Shortag e,4351,3824,5134,ESTIMATED_ MODEL
4305,C005,Ragi,Millet,Tamil Nadu,2025,9,Sep,2025-09,49824.6,66033.0,25055.1,40977.8,1.64,Surplus,3285,2645,3739,ESTIMATED_ MODEL
4306,C005,Ragi,Millet,Tamil Nadu,2025,10,Oct,2025-10,50788.1,66932.2,25055.1,41877.0,1.67,Surplus,3280,2906,4059,ESTIMATED_ MODEL
4307,C005,Ragi,Millet,Tamil Nadu,2025,11,Nov,2025-11,0.0,19530.0,25055.1,-5525.1,-0.22,Shortag e,4469,3819,5474,ESTIMATED_ MODEL
4308,C005,Ragi,Millet,Tamil Nadu,2025,12,Dec,2025-12,46859.3,63265.3,25055.1,38210.2,1.52,Surplus,3346,2849,4135,ESTIMATED_ MODEL
4309,C006,Green Gram,Pulse,Tamil Nadu,2025,1,Jan,2025-01,7054.8,9435.9,7849.4,1586.5,0.2,Surplus,7637,6727,9102,ESTIMATED_ MODEL
4310,C006,Green Gram,Pulse,Tamil Nadu,2025,2,Feb,2025-02,0.0,2880.8,6825.5,-3944.7,-0.58,Shortag e,8582,7272,10318,ESTIMATED_ MODEL
4311,C006,Green Gram,Pulse,Tamil Nadu,2025,3,Mar,2025-03,6497.3,8917.9,6825.5,2092.4,0.31,Surplus,7729,6513,9544,ESTIMATED_ MODEL
4312,C006,Green Gram,Pulse,Tamil Nadu,2025,4,Apr,2025-04,6744.3,9147.4,6825.5,2321.9,0.34,Surplus,7633,6492,8467,ESTIMATED_ MODEL
4313,C006,Green Gram,Pulse,Tamil Nadu,2025,5,May,2025-05,0.0,2880.8,6825.5,-3944.7,-0.58,Shortag e,8933,7305,10535,ESTIMATED_ MODEL
4314,C006,Green Gram,Pulse,Tamil Nadu,2025,6,Jun,2025-06,0.0,2880.8,6825.5,-3944.7,-0.58,Shortag e,8876,7292,10466,ESTIMATED_ MODEL
4315,C006,Green Gram,Pulse,Tamil Nadu,2025,7,Jul,2025-07,0.0,2880.8,6825.5,-3944.7,-0.58,Shortag e,8605,7538,10194,ESTIMATED_ MODEL
4316,C006,Green Gram,Pulse,Tamil Nadu,2025,8,Aug,2025-08,0.0,2880.8,6825.5,-3944.7,-0.58,Shortag e,8902,7917,10658,ESTIMATED_ MODEL
4317,C006,Green Gram,Pulse,Tamil Nadu,2025,9,Sep,2025-09,7001.0,9385.9,6825.5,2560.4,0.38,Surplus,7690,6574,8903,ESTIMATED_ MODEL
4318,C006,Green Gram,Pulse,Tamil Nadu,2025,10,Oct,2025-10,6410.9,8837.6,6825.5,2012.1,0.29,Surplus,7750,6904,9009,ESTIMATED_ MODEL
4319,C006,Green Gram,Pulse,Tamil Nadu,2025,11,Nov,2025-11,0.0,2880.8,6825.5,-3944.7,-0.58,Shortag e,8641,7248,10069,ESTIMATED_ MODEL
4320,C006,Green Gram,Pulse,Tamil Nadu,2025,12,Dec,2025-12,6962.4,9350.1,6825.5,2524.6,0.37,Surplus,7382,6274,8668,ESTIMATED_ MODEL
4321,C007,Black Gram,Pulse,Tamil Nadu,2025,1,Jan,2025-01,21131.7,30453.4,36573.3,-6120.0,-0.17,Shortag e,7907,6591,8872,ESTIMATED_ MODEL
4322,C007,Black Gram,Pulse,Tamil Nadu,2025,2,Feb,2025-02,0.0,10818.5,31802.9,-20984.4,-0.66,Shortag e,8213,6708,9090,ESTIMATED_ MODEL
4323,C007,Black Gram,Pulse,Tamil Nadu,2025,3,Mar,2025-03,21777.0,31053.0,31802.9,-749.9,-0.02,Balance d,7832,6689,9438,ESTIMATED_ MODEL
4324,C007,Black Gram,Pulse,Tamil Nadu,2025,4,Apr,2025-04,22460.6,31688.1,31802.9,-114.8,-0.0,Balance d,7776,6836,9583,ESTIMATED_ MODEL
4325,C007,Black Gram,Pulse,Tamil Nadu,2025,5,May,2025-05,22659.7,31873.2,31802.9,70.2,0.0,Balance d,7833,6610,9733,ESTIMATED_ MODEL
4326,C007,Black Gram,Pulse,Tamil Nadu,2025,6,Jun,2025-06,0.0,10818.5,31802.9,-20984.4,-0.66,Shortag e,8478,6842,10193,ESTIMATED_ MODEL
4327,C007,Black Gram,Pulse,Tamil Nadu,2025,7,Jul,2025-07,0.0,10818.5,31802.9,-20984.4,-0.66,Shortag e,8461,7535,9781,ESTIMATED_ MODEL
4328,C007,Black Gram,Pulse,Tamil Nadu,2025,8,Aug,2025-08,0.0,10818.5,31802.9,-20984.4,-0.66,Shortag e,8415,6742,9675,ESTIMATED_ MODEL
4329,C007,Black Gram,Pulse,Tamil Nadu,2025,9,Sep,2025-09,21701.0,30982.3,31802.9,-820.6,-0.03,Balance d,7451,6349,9110,ESTIMATED_ MODEL
4330,C007,Black Gram,Pulse,Tamil Nadu,2025,10,Oct,2025-10,20306.1,29686.2,31802.9,-2116.7,-0.07,Balance d,7563,6450,8551,ESTIMATED_ MODEL
4331,C007,Black Gram,Pulse,Tamil Nadu,2025,11,Nov,2025-11,0.0,10818.5,31802.9,-20984.4,-0.66,Shortag e,8202,6981,9120,ESTIMATED_ MODEL
4332,C007,Black Gram,Pulse,Tamil Nadu,2025,12,Dec,2025-12,22695.2,31906.1,31802.9,103.2,0.0,Balance d,7658,6150,8546,ESTIMATED_ MODEL
4333,C008,Red Gram/Pigeon Pea,Pulse,Tamil Nadu,2025,1,Jan,2025-01,17718.5,21434.0,23718.9,-2284.8,-0.1,Balance d,7939,6455,9439,ESTIMATED_ MODEL
4334,C008,Red Gram/Pigeon Pea,Pulse,Tamil Nadu,2025,2,Feb,2025-02,16535.6,20334.9,23718.9,-3383.9,-0.14,Shortag e,7970,6405,9789,ESTIMATED_ MODEL
4335,C008,Red Gram/Pigeon Pea,Pulse,Tamil Nadu,2025,3,Mar,2025-03,17680.6,21398.8,23718.9,-2320.1,-0.1,Balance d,8026,7103,9822,ESTIMATED_ MODEL
4336,C008,Red Gram/Pigeon Pea,Pulse,Tamil Nadu,2025,4,Apr,2025-04,0.0,4970.6,23718.9,-18748.3,-0.79,Shortag e,8754,7558,10521,ESTIMATED_ MODEL
4337,C008,Red Gram/Pigeon Pea,Pulse,Tamil Nadu,2025,5,May,2025-05,0.0,4970.6,23718.9,-18748.3,-0.79,Shortag e,8782,7608,10092,ESTIMATED_ MODEL
4338,C008,Red Gram/Pigeon Pea,Pulse,Tamil Nadu,2025,6,Jun,2025-06,0.0,4970.6,23718.9,-18748.3,-0.79,Shortag e,8583,7636,9463,ESTIMATED_ MODEL
4339,C008,Red Gram/Pigeon Pea,Pulse,Tamil Nadu,2025,7,Jul,2025-07,0.0,4970.6,23718.9,-18748.3,-0.79,Shortag e,8733,7820,10531,ESTIMATED_ MODEL
4340,C008,Red Gram/Pigeon Pea,Pulse,Tamil Nadu,2025,8,Aug,2025-08,0.0,4970.6,23718.9,-18748.3,-0.79,Shortag e,8869,7705,9802,ESTIMATED_ MODEL
4341,C008,Red Gram/Pigeon Pea,Pulse,Tamil Nadu,2025,9,Sep,2025-09,0.0,4970.6,23718.9,-18748.3,-0.79,Shortag e,8792,7284,10260,ESTIMATED_ MODEL
4342,C008,Red Gram/Pigeon Pea,Pulse,Tamil Nadu,2025,10,Oct,2025-10,0.0,4970.6,23718.9,-18748.3,-0.79,Shortag e,8553,7072,9962,ESTIMATED_ MODEL
4343,C008,Red Gram/Pigeon Pea,Pulse,Tamil Nadu,2025,11,Nov,2025-11,0.0,4970.6,23718.9,-18748.3,-0.79,Shortag e,8584,7411,10490,ESTIMATED_ MODEL
4344,C008,Red Gram/Pigeon Pea,Pulse,Tamil Nadu,2025,12,Dec,2025-12,18238.2,21916.9,23718.9,-1802.0,-0.08,Balance d,7718,6340,9263,ESTIMATED_ MODEL
4345,C009,Bengal Gram/Chickpea,Pulse,Tamil Nadu,2025,1,Jan,2025-01,1053.5,1194.8,2040.4,-845.6,-0.41,Shortag e,6352,5477,7075,ESTIMATED_ MODEL
4346,C009,Bengal Gram/Chickpea,Pulse,Tamil Nadu,2025,2,Feb,2025-02,946.7,1095.6,2040.4,-944.8,-0.46,Shortag e,6364,5236,7243,ESTIMATED_ MODEL
4347,C009,Bengal Gram/Chickpea,Pulse,Tamil Nadu,2025,3,Mar,2025-03,1047.7,1189.4,2040.4,-851.0,-0.42,Shortag e,6349,5595,7692,ESTIMATED_ MODEL
4348,C009,Bengal Gram/Chickpea,Pulse,Tamil Nadu,2025,4,Apr,2025-04,0.0,215.9,2040.4,-1824.5,-0.89,Shortag e,6807,5813,7925,ESTIMATED_ MODEL
4349,C009,Bengal Gram/Chickpea,Pulse,Tamil Nadu,2025,5,May,2025-05,0.0,215.9,2040.4,-1824.5,-0.89,Shortag e,6944,5944,7903,ESTIMATED_ MODEL
4350,C009,Bengal Gram/Chickpea,Pulse,Tamil Nadu,2025,6,Jun,2025-06,0.0,215.9,2040.4,-1824.5,-0.89,Shortag e,6678,5751,7870,ESTIMATED_ MODEL
4351,C009,Bengal Gram/Chickpea,Pulse,Tamil Nadu,2025,7,Jul,2025-07,0.0,215.9,2040.4,-1824.5,-0.89,Shortag e,6598,5826,7955,ESTIMATED_ MODEL
4352,C009,Bengal Gram/Chickpea,Pulse,Tamil Nadu,2025,8,Aug,2025-08,0.0,215.9,2040.4,-1824.5,-0.89,Shortag e,6833,5513,7887,ESTIMATED_ MODEL
4353,C009,Bengal Gram/Chickpea,Pulse,Tamil Nadu,2025,9,Sep,2025-09,0.0,215.9,2040.4,-1824.5,-0.89,Shortag e,6931,6142,7921,ESTIMATED_ MODEL
4354,C009,Bengal Gram/Chickpea,Pulse,Tamil Nadu,2025,10,Oct,2025-10,0.0,215.9,2448.4,-2232.6,-0.91,Shortag e,6668,5633,7690,ESTIMATED_ MODEL
4355,C009,Bengal Gram/Chickpea,Pulse,Tamil Nadu,2025,11,Nov,2025-11,0.0,215.9,2040.4,-1824.5,-0.89,Shortag e,6840,6133,7897,ESTIMATED_ MODEL
4356,C009,Bengal Gram/Chickpea,Pulse,Tamil Nadu,2025,12,Dec,2025-12,0.0,215.9,2040.4,-1824.5,-0.89,Shortag e,6618,5888,7317,ESTIMATED_ MODEL
4357,C010,Groundnut,Oilseed,Tamil Nadu,2025,1,Jan,2025-01,125508.7,174200.6,69228.8,104971.9,1.52,Surplus,5356,4725,6423,ESTIMATED_ MODEL
4358,C010,Groundnut,Oilseed,Tamil Nadu,2025,2,Feb,2025-02,129601.4,178020.5,69228.8,108791.7,1.57,Surplus,4981,4350,6022,ESTIMATED_ MODEL
4359,C010,Groundnut,Oilseed,Tamil Nadu,2025,3,Mar,2025-03,0.0,57059.2,69228.8,-12169.6,-0.18,Shortag e,6841,6105,7696,ESTIMATED_ MODEL
4360,C010,Groundnut,Oilseed,Tamil Nadu,2025,4,Apr,2025-04,118642.1,167791.8,69228.8,98563.1,1.42,Surplus,5171,4170,6306,ESTIMATED_ MODEL
4361,C010,Groundnut,Oilseed,Tamil Nadu,2025,5,May,2025-05,116294.4,165600.6,69228.8,96371.8,1.39,Surplus,5345,4445,6011,ESTIMATED_ MODEL
4362,C010,Groundnut,Oilseed,Tamil Nadu,2025,6,Jun,2025-06,0.0,57059.2,69228.8,-12169.6,-0.18,Shortag e,6686,5460,7810,ESTIMATED_ MODEL
4363,C010,Groundnut,Oilseed,Tamil Nadu,2025,7,Jul,2025-07,0.0,57059.2,69228.8,-12169.6,-0.18,Shortag e,6769,5591,8336,ESTIMATED_ MODEL
4364,C010,Groundnut,Oilseed,Tamil Nadu,2025,8,Aug,2025-08,0.0,57059.2,69228.8,-12169.6,-0.18,Shortag e,6877,6003,7602,ESTIMATED_ MODEL
4365,C010,Groundnut,Oilseed,Tamil Nadu,2025,9,Sep,2025-09,0.0,57059.2,69228.8,-12169.6,-0.18,Shortag e,6817,5780,7689,ESTIMATED_ MODEL
4366,C010,Groundnut,Oilseed,Tamil Nadu,2025,10,Oct,2025-10,122903.8,171769.4,69228.8,102540.7,1.48,Surplus,5054,4483,6272,ESTIMATED_ MODEL
4367,C010,Groundnut,Oilseed,Tamil Nadu,2025,11,Nov,2025-11,122348.7,171251.3,69228.8,102022.5,1.47,Surplus,5045,4212,6275,ESTIMATED_ MODEL
4368,C010,Groundnut,Oilseed,Tamil Nadu,2025,12,Dec,2025-12,120589.2,169609.1,69228.8,100380.3,1.45,Surplus,5071,4383,6318,ESTIMATED_ MODEL
4369,C011,Sesame/Gingelly,Oilseed,Tamil Nadu,2025,1,Jan,2025-01,3610.2,5074.9,3346.1,1728.8,0.52,Surplus,9167,7940,11221,ESTIMATED_ MODEL
4370,C011,Sesame/Gingelly,Oilseed,Tamil Nadu,2025,2,Feb,2025-02,0.0,1705.4,2788.4,-1083.0,-0.39,Shortag e,10463,8929,11882,ESTIMATED_ MODEL
4371,C011,Sesame/Gingelly,Oilseed,Tamil Nadu,2025,3,Mar,2025-03,3476.1,4949.7,2788.4,2161.3,0.78,Surplus,8790,7448,10058,ESTIMATED_ MODEL
4372,C011,Sesame/Gingelly,Oilseed,Tamil Nadu,2025,4,Apr,2025-04,3493.2,4965.7,2788.4,2177.3,0.78,Surplus,8816,7667,10937,ESTIMATED_ MODEL
4373,C011,Sesame/Gingelly,Oilseed,Tamil Nadu,2025,5,May,2025-05,3792.0,5244.6,2788.4,2456.2,0.88,Surplus,8295,7175,9429,ESTIMATED_ MODEL
4374,C011,Sesame/Gingelly,Oilseed,Tamil Nadu,2025,6,Jun,2025-06,0.0,1705.4,2788.4,-1083.0,-0.39,Shortag e,10592,8578,12693,ESTIMATED_ MODEL
4375,C011,Sesame/Gingelly,Oilseed,Tamil Nadu,2025,7,Jul,2025-07,0.0,1705.4,2788.4,-1083.0,-0.39,Shortag e,10525,8794,13085,ESTIMATED_ MODEL
4376,C011,Sesame/Gingelly,Oilseed,Tamil Nadu,2025,8,Aug,2025-08,0.0,1705.4,2788.4,-1083.0,-0.39,Shortag e,10560,8759,11629,ESTIMATED_ MODEL
4377,C011,Sesame/Gingelly,Oilseed,Tamil Nadu,2025,9,Sep,2025-09,3801.6,5253.6,2788.4,2465.2,0.88,Surplus,8367,6929,10321,ESTIMATED_ MODEL
4378,C011,Sesame/Gingelly,Oilseed,Tamil Nadu,2025,10,Oct,2025-10,3669.6,5130.3,2788.4,2341.9,0.84,Surplus,8826,7123,10333,ESTIMATED_ MODEL
4379,C011,Sesame/Gingelly,Oilseed,Tamil Nadu,2025,11,Nov,2025-11,0.0,1705.4,2788.4,-1083.0,-0.39,Shortag e,10383,8403,12009,ESTIMATED_ MODEL
4380,C011,Sesame/Gingelly,Oilseed,Tamil Nadu,2025,12,Dec,2025-12,3738.4,5194.6,2788.4,2406.2,0.86,Surplus,8411,7179,10086,ESTIMATED_ MODEL
4381,C012,Sunflower,Oilseed,Tamil Nadu,2025,1,Jan,2025-01,2062.0,2951.8,3829.5,-877.7,-0.23,Shortag e,7218,6050,8950,ESTIMATED_ MODEL
4382,C012,Sunflower,Oilseed,Tamil Nadu,2025,2,Feb,2025-02,2236.9,3115.0,3829.5,-714.5,-0.19,Shortag e,7290,6509,8891,ESTIMATED_ MODEL
4383,C012,Sunflower,Oilseed,Tamil Nadu,2025,3,Mar,2025-03,0.0,1027.3,3829.5,-2802.2,-0.73,Shortag e,7818,6345,8942,ESTIMATED_ MODEL
4384,C012,Sunflower,Oilseed,Tamil Nadu,2025,4,Apr,2025-04,2202.1,3082.6,3829.5,-746.9,-0.2,Shortag e,7405,6161,8250,ESTIMATED_ MODEL
4385,C012,Sunflower,Oilseed,Tamil Nadu,2025,5,May,2025-05,2256.6,3133.4,3829.5,-696.1,-0.18,Shortag e,7282,6360,8322,ESTIMATED_ MODEL
4386,C012,Sunflower,Oilseed,Tamil Nadu,2025,6,Jun,2025-06,0.0,1027.3,3829.5,-2802.2,-0.73,Shortag e,7687,6510,8481,ESTIMATED_ MODEL
4387,C012,Sunflower,Oilseed,Tamil Nadu,2025,7,Jul,2025-07,0.0,1027.3,3829.5,-2802.2,-0.73,Shortag e,7894,6565,9694,ESTIMATED_ MODEL
4388,C012,Sunflower,Oilseed,Tamil Nadu,2025,8,Aug,2025-08,0.0,1027.3,3829.5,-2802.2,-0.73,Shortag e,7899,6842,9074,ESTIMATED_ MODEL
4389,C012,Sunflower,Oilseed,Tamil Nadu,2025,9,Sep,2025-09,2142.8,3027.2,3829.5,-802.3,-0.21,Shortag e,7230,6106,8321,ESTIMATED_ MODEL
4390,C012,Sunflower,Oilseed,Tamil Nadu,2025,10,Oct,2025-10,2257.8,3134.6,3829.5,-694.9,-0.18,Shortag e,7340,6227,8991,ESTIMATED_ MODEL
4391,C012,Sunflower,Oilseed,Tamil Nadu,2025,11,Nov,2025-11,0.0,1027.3,3829.5,-2802.2,-0.73,Shortag e,7606,6192,9482,ESTIMATED_ MODEL
4392,C012,Sunflower,Oilseed,Tamil Nadu,2025,12,Dec,2025-12,2250.6,3127.8,3829.5,-701.7,-0.18,Shortag e,7233,6155,8524,ESTIMATED_ MODEL
4393,C013,Cotton,Fibre,Tamil Nadu,2025,1,Jan,2025-01,8721.2,11260.8,75474.7,-64213.9,-0.85,Shortag e,8161,6603,9227,ESTIMATED_ MODEL
4394,C013,Cotton,Fibre,Tamil Nadu,2025,2,Feb,2025-02,8074.8,10646.7,75474.7,-64828.1,-0.86,Shortag e,7936,6756,8830,ESTIMATED_ MODEL
4395,C013,Cotton,Fibre,Tamil Nadu,2025,3,Mar,2025-03,8573.0,11120.0,75474.7,-64354.8,-0.85,Shortag e,8118,7252,9807,ESTIMATED_ MODEL
4396,C013,Cotton,Fibre,Tamil Nadu,2025,4,Apr,2025-04,8570.4,11117.5,75474.7,-64357.2,-0.85,Shortag e,7949,6537,9547,ESTIMATED_ MODEL
4397,C013,Cotton,Fibre,Tamil Nadu,2025,5,May,2025-05,8920.6,11450.2,75474.7,-64024.5,-0.85,Shortag e,8298,6665,10139,ESTIMATED_ MODEL
4398,C013,Cotton,Fibre,Tamil Nadu,2025,6,Jun,2025-06,0.0,2975.6,75474.7,-72499.1,-0.96,Shortag e,8275,7072,10292,ESTIMATED_ MODEL
4399,C013,Cotton,Fibre,Tamil Nadu,2025,7,Jul,2025-07,0.0,2975.6,75474.7,-72499.1,-0.96,Shortag e,8355,7395,9635,ESTIMATED_ MODEL
4400,C013,Cotton,Fibre,Tamil Nadu,2025,8,Aug,2025-08,0.0,2975.6,75474.7,-72499.1,-0.96,Shortag e,8272,7126,9498,ESTIMATED_ MODEL
4401,C013,Cotton,Fibre,Tamil Nadu,2025,9,Sep,2025-09,0.0,2975.6,75474.7,-72499.1,-0.96,Shortag e,8279,6819,9285,ESTIMATED_ MODEL
4402,C013,Cotton,Fibre,Tamil Nadu,2025,10,Oct,2025-10,0.0,2975.6,83022.2,-80046.6,-0.96,Shortag e,8198,7164,10144,ESTIMATED_ MODEL
4403,C013,Cotton,Fibre,Tamil Nadu,2025,11,Nov,2025-11,8524.9,11074.3,75474.7,-64400.4,-0.85,Shortag e,8114,7013,9051,ESTIMATED_ MODEL
4404,C013,Cotton,Fibre,Tamil Nadu,2025,12,Dec,2025-12,8128.1,10697.3,75474.7,-64777.4,-0.86,Shortag e,8313,7123,10117,ESTIMATED_ MODEL
4405,C014,Sugarcane,Commerc ial,Tamil Nadu,2025,1,Jan,2025-01,1566964.4,1690554.4,1727088.9,-36534.5,-0.02,Balance d,345,288,382,ESTIMATED_ MODEL
4406,C014,Sugarcane,Commerc ial,Tamil Nadu,2025,2,Feb,2025-02,1619784.2,1742933.9,1501816.4,241117.5,0.16,Surplus,348,308,416,ESTIMATED_ MODEL
4407,C014,Sugarcane,Commerc ial,Tamil Nadu,2025,3,Mar,2025-03,1703326.3,1825779.8,1501816.4,323963.4,0.22,Surplus,335,271,407,ESTIMATED_ MODEL
4408,C014,Sugarcane,Commerc ial,Tamil Nadu,2025,4,Apr,2025-04,1534647.0,1658506.3,1501816.4,156689.9,0.1,Surplus,349,311,422,ESTIMATED_ MODEL
4409,C014,Sugarcane,Commerc ial,Tamil Nadu,2025,5,May,2025-05,1649589.2,1772490.6,1501816.4,270674.2,0.18,Surplus,347,304,415,ESTIMATED_ MODEL
4410,C014,Sugarcane,Commerc ial,Tamil Nadu,2025,6,Jun,2025-06,1703671.9,1826122.6,1501816.4,324306.2,0.22,Surplus,337,300,403,ESTIMATED_ MODEL
4411,C014,Sugarcane,Commerc ial,Tamil Nadu,2025,7,Jul,2025-07,1575505.8,1699024.5,1501816.4,197208.1,0.13,Surplus,341,275,390,ESTIMATED_ MODEL
4412,C014,Sugarcane,Commerc ial,Tamil Nadu,2025,8,Aug,2025-08,1684144.2,1806757.6,1501816.4,304941.2,0.2,Surplus,340,281,385,ESTIMATED_ MODEL
4413,C014,Sugarcane,Commerc ial,Tamil Nadu,2025,9,Sep,2025-09,0.0,136648.0,1501816.4,-1365168.4,-0.91,Shortag e,398,325,486,ESTIMATED_ MODEL
4414,C014,Sugarcane,Commerc ial,Tamil Nadu,2025,10,Oct,2025-10,0.0,136648.0,1576907.2,-1440259.3,-0.91,Shortag e,397,341,446,ESTIMATED_ MODEL
4415,C014,Sugarcane,Commerc ial,Tamil Nadu,2025,11,Nov,2025-11,1698130.9,1820627.8,1501816.4,318811.4,0.21,Surplus,335,282,409,ESTIMATED_ MODEL
4416,C014,Sugarcane,Commerc ial,Tamil Nadu,2025,12,Dec,2025-12,1661992.8,1784790.8,1501816.4,282974.4,0.19,Surplus,345,284,412,ESTIMATED_ MODEL
4417,C015,Ladies Finger/Okra,Vegetabl e,Tamil Nadu,2025,1,Jan,2025-01,26261.1,27430.9,25179.7,2251.2,0.09,Balance d,3091,2545,3573,ESTIMATED_ MODEL
4418,C015,Ladies Finger/Okra,Vegetabl e,Tamil Nadu,2025,2,Feb,2025-02,26153.5,27323.8,25179.7,2144.1,0.09,Balance d,2985,2539,3487,ESTIMATED_ MODEL
4419,C015,Ladies Finger/Okra,Vegetabl e,Tamil Nadu,2025,3,Mar,2025-03,24995.9,26171.0,25179.7,991.3,0.04,Balance d,3163,2724,3853,ESTIMATED_ MODEL
4420,C015,Ladies Finger/Okra,Vegetabl e,Tamil Nadu,2025,4,Apr,2025-04,25399.7,26573.1,25179.7,1393.4,0.06,Balance d,3033,2679,3616,ESTIMATED_ MODEL
4421,C015,Ladies Finger/Okra,Vegetabl e,Tamil Nadu,2025,5,May,2025-05,25704.9,26877.1,25179.7,1697.4,0.07,Balance d,3095,2567,3659,ESTIMATED_ MODEL
4422,C015,Ladies Finger/Okra,Vegetabl e,Tamil Nadu,2025,6,Jun,2025-06,25465.5,26638.6,25179.7,1458.9,0.06,Balance d,3087,2652,3820,ESTIMATED_ MODEL
4423,C015,Ladies Finger/Okra,Vegetabl e,Tamil Nadu,2025,7,Jul,2025-07,25402.5,26575.9,25179.7,1396.2,0.06,Balance d,3138,2815,3766,ESTIMATED_ MODEL
4424,C015,Ladies Finger/Okra,Vegetabl e,Tamil Nadu,2025,8,Aug,2025-08,26172.7,27342.9,25179.7,2163.2,0.09,Balance d,3137,2771,3578,ESTIMATED_ MODEL
4425,C015,Ladies Finger/Okra,Vegetabl e,Tamil Nadu,2025,9,Sep,2025-09,25094.7,26269.4,25179.7,1089.7,0.04,Balance d,3056,2518,3364,ESTIMATED_ MODEL
4426,C015,Ladies Finger/Okra,Vegetabl e,Tamil Nadu,2025,10,Oct,2025-10,25213.4,26387.6,25179.7,1207.9,0.05,Balance d,3009,2409,3635,ESTIMATED_ MODEL
4427,C015,Ladies Finger/Okra,Vegetabl e,Tamil Nadu,2025,11,Nov,2025-11,25847.3,27018.9,25179.7,1839.2,0.07,Balance d,3042,2528,3694,ESTIMATED_ MODEL
4428,C015,Ladies Finger/Okra,Vegetabl e,Tamil Nadu,2025,12,Dec,2025-12,25313.3,26487.1,25179.7,1307.4,0.05,Balance d,3127,2807,3741,ESTIMATED_ MODEL
4429,C016,Tomato,Vegetabl e,Tamil Nadu,2025,1,Jan,2025-01,89421.3,93544.5,97581.0,-4036.5,-0.04,Balance d,2061,1670,2431,ESTIMATED_ MODEL
4430,C016,Tomato,Vegetabl e,Tamil Nadu,2025,2,Feb,2025-02,88509.9,92636.9,97581.0,-4944.1,-0.05,Balance d,2025,1780,2400,ESTIMATED_ MODEL
4431,C016,Tomato,Vegetabl e,Tamil Nadu,2025,3,Mar,2025-03,88406.7,92534.1,97581.0,-5046.9,-0.05,Balance d,2103,1770,2434,ESTIMATED_ MODEL
4432,C016,Tomato,Vegetabl e,Tamil Nadu,2025,4,Apr,2025-04,90563.1,94681.6,97581.0,-2899.4,-0.03,Balance d,2019,1721,2377,ESTIMATED_ MODEL
4433,C016,Tomato,Vegetabl e,Tamil Nadu,2025,5,May,2025-05,96964.3,101056.1,97581.0,3475.1,0.04,Balance d,2045,1787,2504,ESTIMATED_ MODEL
4434,C016,Tomato,Vegetabl e,Tamil Nadu,2025,6,Jun,2025-06,86076.6,90213.7,97581.0,-7367.3,-0.08,Balance d,2114,1721,2523,ESTIMATED_ MODEL
4435,C016,Tomato,Vegetabl e,Tamil Nadu,2025,7,Jul,2025-07,88234.0,92362.1,97581.0,-5218.9,-0.05,Balance d,2024,1760,2343,ESTIMATED_ MODEL
4436,C016,Tomato,Vegetabl e,Tamil Nadu,2025,8,Aug,2025-08,88137.2,92265.7,97581.0,-5315.3,-0.05,Balance d,2031,1800,2421,ESTIMATED_ MODEL
4437,C016,Tomato,Vegetabl e,Tamil Nadu,2025,9,Sep,2025-09,93946.4,98050.8,97581.0,469.8,0.0,Balance d,2040,1638,2409,ESTIMATED_ MODEL
4438,C016,Tomato,Vegetabl e,Tamil Nadu,2025,10,Oct,2025-10,89940.1,94061.1,97581.0,-3519.9,-0.04,Balance d,2123,1825,2645,ESTIMATED_ MODEL
4439,C016,Tomato,Vegetabl e,Tamil Nadu,2025,11,Nov,2025-11,91091.3,95207.5,97581.0,-2373.5,-0.02,Balance d,2022,1733,2466,ESTIMATED_ MODEL
4440,C016,Tomato,Vegetabl e,Tamil Nadu,2025,12,Dec,2025-12,87700.2,91830.6,97581.0,-5750.4,-0.06,Balance d,2081,1684,2471,ESTIMATED_ MODEL
4441,C017,Brinjal,Vegetabl e,Tamil Nadu,2025,1,Jan,2025-01,38658.3,40386.6,38190.1,2196.5,0.06,Balance d,2553,2197,2812,ESTIMATED_ MODEL
4442,C017,Brinjal,Vegetabl e,Tamil Nadu,2025,2,Feb,2025-02,38805.1,40532.7,38190.1,2342.6,0.06,Balance d,2594,2288,3229,ESTIMATED_ MODEL
4443,C017,Brinjal,Vegetabl e,Tamil Nadu,2025,3,Mar,2025-03,38848.3,40575.7,38190.1,2385.6,0.06,Balance d,2501,2149,2911,ESTIMATED_ MODEL
4444,C017,Brinjal,Vegetabl e,Tamil Nadu,2025,4,Apr,2025-04,38363.7,40093.1,38190.1,1903.0,0.05,Balance d,2530,2167,3080,ESTIMATED_ MODEL
4445,C017,Brinjal,Vegetabl e,Tamil Nadu,2025,5,May,2025-05,36342.6,38080.4,38190.1,-109.6,-0.0,Balance d,2502,2244,3056,ESTIMATED_ MODEL
4446,C017,Brinjal,Vegetabl e,Tamil Nadu,2025,6,Jun,2025-06,37193.3,38927.7,38190.1,737.6,0.02,Balance d,2606,2283,3019,ESTIMATED_ MODEL
4447,C017,Brinjal,Vegetabl e,Tamil Nadu,2025,7,Jul,2025-07,38872.5,40599.8,38190.1,2409.7,0.06,Balance d,2589,2171,3197,ESTIMATED_ MODEL
4448,C017,Brinjal,Vegetabl e,Tamil Nadu,2025,8,Aug,2025-08,39673.0,41397.0,38190.1,3206.9,0.08,Balance d,2492,2067,2948,ESTIMATED_ MODEL
4449,C017,Brinjal,Vegetabl e,Tamil Nadu,2025,9,Sep,2025-09,35724.6,37465.1,38190.1,-725.0,-0.02,Balance d,2554,2151,2998,ESTIMATED_ MODEL
4450,C017,Brinjal,Vegetabl e,Tamil Nadu,2025,10,Oct,2025-10,37786.2,39518.0,38190.1,1327.9,0.03,Balance d,2616,2230,3020,ESTIMATED_ MODEL
4451,C017,Brinjal,Vegetabl e,Tamil Nadu,2025,11,Nov,2025-11,36779.2,38515.3,38190.1,325.2,0.01,Balance d,2532,2129,2981,ESTIMATED_ MODEL
4452,C017,Brinjal,Vegetabl e,Tamil Nadu,2025,12,Dec,2025-12,36385.8,38123.5,38190.1,-66.6,-0.0,Balance d,2613,2122,2961,ESTIMATED_ MODEL
4453,C018,Green Chilli,Vegetabl e,Tamil Nadu,2025,1,Jan,2025-01,12246.2,13389.6,12641.7,747.9,0.06,Balance d,4178,3576,4977,ESTIMATED_ MODEL
4454,C018,Green Chilli,Vegetabl e,Tamil Nadu,2025,2,Feb,2025-02,12293.1,13436.0,12641.7,794.4,0.06,Balance d,4173,3680,4967,ESTIMATED_ MODEL
4455,C018,Green Chilli,Vegetabl e,Tamil Nadu,2025,3,Mar,2025-03,12893.6,14031.5,12641.7,1389.8,0.11,Surplus,4114,3470,4863,ESTIMATED_ MODEL
4456,C018,Green Chilli,Vegetabl e,Tamil Nadu,2025,4,Apr,2025-04,12192.1,13335.9,12641.7,694.2,0.05,Balance d,3977,3217,4870,ESTIMATED_ MODEL
4457,C018,Green Chilli,Vegetabl e,Tamil Nadu,2025,5,May,2025-05,12457.7,13599.3,12641.7,957.6,0.08,Balance d,3964,3238,4834,ESTIMATED_ MODEL
4458,C018,Green Chilli,Vegetabl e,Tamil Nadu,2025,6,Jun,2025-06,12640.1,13780.1,12641.7,1138.4,0.09,Balance d,3941,3264,4680,ESTIMATED_ MODEL
4459,C018,Green Chilli,Vegetabl e,Tamil Nadu,2025,7,Jul,2025-07,12054.6,13199.5,12641.7,557.8,0.04,Balance d,4116,3612,4840,ESTIMATED_ MODEL
4460,C018,Green Chilli,Vegetabl e,Tamil Nadu,2025,8,Aug,2025-08,12781.7,13920.6,12641.7,1278.9,0.1,Surplus,4059,3542,4769,ESTIMATED_ MODEL
4461,C018,Green Chilli,Vegetabl e,Tamil Nadu,2025,9,Sep,2025-09,12525.3,13666.3,12641.7,1024.6,0.08,Balance d,4096,3645,4753,ESTIMATED_ MODEL
4462,C018,Green Chilli,Vegetabl e,Tamil Nadu,2025,10,Oct,2025-10,12375.3,13517.6,12641.7,875.9,0.07,Balance d,4048,3240,4826,ESTIMATED_ MODEL
4463,C018,Green Chilli,Vegetabl e,Tamil Nadu,2025,11,Nov,2025-11,12917.9,14055.6,12641.7,1413.9,0.11,Surplus,3934,3346,4802,ESTIMATED_ MODEL
4464,C018,Green Chilli,Vegetabl e,Tamil Nadu,2025,12,Dec,2025-12,12071.5,13216.3,12641.7,574.6,0.05,Balance d,4104,3394,4998,ESTIMATED_ MODEL
4465,C019,French Beans,Vegetabl e,Tamil Nadu,2025,1,Jan,2025-01,8507.2,8883.5,8399.9,483.6,0.06,Balance d,4676,3861,5455,ESTIMATED_ MODEL
4466,C019,French Beans,Vegetabl e,Tamil Nadu,2025,2,Feb,2025-02,8385.3,8762.1,8399.9,362.2,0.04,Balance d,4649,3923,5600,ESTIMATED_ MODEL
4467,C019,French Beans,Vegetabl e,Tamil Nadu,2025,3,Mar,2025-03,7948.0,8326.7,8399.9,-73.2,-0.01,Balance d,4678,3796,5694,ESTIMATED_ MODEL
4468,C019,French Beans,Vegetabl e,Tamil Nadu,2025,4,Apr,2025-04,8678.1,9053.7,8399.9,653.8,0.08,Balance d,4642,4018,5214,ESTIMATED_ MODEL
4469,C019,French Beans,Vegetabl e,Tamil Nadu,2025,5,May,2025-05,7978.5,8357.0,8399.9,-42.9,-0.01,Balance d,4574,3839,5223,ESTIMATED_ MODEL
4470,C019,French Beans,Vegetabl e,Tamil Nadu,2025,6,Jun,2025-06,8762.0,9137.3,8399.9,737.4,0.09,Balance d,4498,3960,5378,ESTIMATED_ MODEL
4471,C019,French Beans,Vegetabl e,Tamil Nadu,2025,7,Jul,2025-07,7786.5,8165.8,8399.9,-234.1,-0.03,Balance d,4672,3843,5783,ESTIMATED_ MODEL
4472,C019,French Beans,Vegetabl e,Tamil Nadu,2025,8,Aug,2025-08,8040.9,8419.2,8399.9,19.3,0.0,Balance d,4547,3999,5661,ESTIMATED_ MODEL
4473,C019,French Beans,Vegetabl e,Tamil Nadu,2025,9,Sep,2025-09,7977.7,8356.3,8399.9,-43.6,-0.01,Balance d,4701,4228,5631,ESTIMATED_ MODEL
4474,C019,French Beans,Vegetabl e,Tamil Nadu,2025,10,Oct,2025-10,7793.1,8172.4,8399.9,-227.5,-0.03,Balance d,4575,3753,5255,ESTIMATED_ MODEL
4475,C019,French Beans,Vegetabl e,Tamil Nadu,2025,11,Nov,2025-11,8506.5,8882.9,8399.9,483.0,0.06,Balance d,4457,3870,5083,ESTIMATED_ MODEL
4476,C019,French Beans,Vegetabl e,Tamil Nadu,2025,12,Dec,2025-12,8467.9,8844.4,8399.9,444.5,0.05,Balance d,4685,3916,5491,ESTIMATED_ MODEL
4477,C020,Cluster Beans,Vegetabl e,Tamil Nadu,2025,1,Jan,2025-01,4913.0,5147.1,5145.9,1.2,0.0,Balance d,4210,3738,5126,ESTIMATED_ MODEL
4478,C020,Cluster Beans,Vegetabl e,Tamil Nadu,2025,2,Feb,2025-02,5204.5,5437.4,5145.9,291.5,0.06,Balance d,4062,3648,4699,ESTIMATED_ MODEL
4479,C020,Cluster Beans,Vegetabl e,Tamil Nadu,2025,3,Mar,2025-03,5225.1,5457.9,5145.9,312.0,0.06,Balance d,4116,3359,5133,ESTIMATED_ MODEL
4480,C020,Cluster Beans,Vegetabl e,Tamil Nadu,2025,4,Apr,2025-04,4900.1,5134.3,5145.9,-11.6,-0.0,Balance d,4171,3651,4630,ESTIMATED_ MODEL
4481,C020,Cluster Beans,Vegetabl e,Tamil Nadu,2025,5,May,2025-05,5070.5,5303.9,5145.9,158.0,0.03,Balance d,4166,3655,5002,ESTIMATED_ MODEL
4482,C020,Cluster Beans,Vegetabl e,Tamil Nadu,2025,6,Jun,2025-06,4978.7,5212.6,5145.9,66.7,0.01,Balance d,4060,3447,4533,ESTIMATED_ MODEL
4483,C020,Cluster Beans,Vegetabl e,Tamil Nadu,2025,7,Jul,2025-07,5235.3,5468.0,5145.9,322.1,0.06,Balance d,4074,3358,4695,ESTIMATED_ MODEL
4484,C020,Cluster Beans,Vegetabl e,Tamil Nadu,2025,8,Aug,2025-08,5144.4,5377.5,5145.9,231.6,0.04,Balance d,4008,3299,4455,ESTIMATED_ MODEL
4485,C020,Cluster Beans,Vegetabl e,Tamil Nadu,2025,9,Sep,2025-09,5055.2,5288.8,5145.9,142.9,0.03,Balance d,4206,3588,4877,ESTIMATED_ MODEL
4486,C020,Cluster Beans,Vegetabl e,Tamil Nadu,2025,10,Oct,2025-10,5239.8,5472.6,5145.9,326.7,0.06,Balance d,4089,3528,5063,ESTIMATED_ MODEL
4487,C020,Cluster Beans,Vegetabl e,Tamil Nadu,2025,11,Nov,2025-11,4908.7,5142.9,5145.9,-3.0,-0.0,Balance d,4040,3352,5036,ESTIMATED_ MODEL
4488,C020,Cluster Beans,Vegetabl e,Tamil Nadu,2025,12,Dec,2025-12,5224.2,5457.0,5145.9,311.1,0.06,Balance d,4050,3249,4545,ESTIMATED_ MODEL
4489,C021,Cucumber,Vegetabl e,Tamil Nadu,2025,1,Jan,2025-01,7828.1,8168.0,7504.3,663.7,0.09,Balance d,2036,1770,2514,ESTIMATED_ MODEL
4490,C021,Cucumber,Vegetabl e,Tamil Nadu,2025,2,Feb,2025-02,7197.2,7539.8,7504.3,35.4,0.0,Balance d,2014,1658,2248,ESTIMATED_ MODEL
4491,C021,Cucumber,Vegetabl e,Tamil Nadu,2025,3,Mar,2025-03,7769.2,8109.3,7504.3,605.0,0.08,Balance d,1990,1694,2285,ESTIMATED_ MODEL
4492,C021,Cucumber,Vegetabl e,Tamil Nadu,2025,4,Apr,2025-04,7833.4,8173.3,9005.2,-831.9,-0.09,Balance d,2079,1867,2335,ESTIMATED_ MODEL
4493,C021,Cucumber,Vegetabl e,Tamil Nadu,2025,5,May,2025-05,7482.0,7823.3,9005.2,-1181.8,-0.13,Shortag e,2105,1705,2416,ESTIMATED_ MODEL
4494,C021,Cucumber,Vegetabl e,Tamil Nadu,2025,6,Jun,2025-06,6979.3,7322.7,7504.3,-181.6,-0.02,Balance d,2070,1852,2399,ESTIMATED_ MODEL
4495,C021,Cucumber,Vegetabl e,Tamil Nadu,2025,7,Jul,2025-07,7022.2,7365.5,7504.3,-138.9,-0.02,Balance d,2011,1687,2257,ESTIMATED_ MODEL
4496,C021,Cucumber,Vegetabl e,Tamil Nadu,2025,8,Aug,2025-08,7377.1,7718.9,7504.3,214.5,0.03,Balance d,2017,1738,2239,ESTIMATED_ MODEL
4497,C021,Cucumber,Vegetabl e,Tamil Nadu,2025,9,Sep,2025-09,7310.2,7652.2,7504.3,147.9,0.02,Balance d,2049,1764,2384,ESTIMATED_ MODEL
4498,C021,Cucumber,Vegetabl e,Tamil Nadu,2025,10,Oct,2025-10,7487.6,7828.9,7504.3,324.6,0.04,Balance d,1987,1785,2295,ESTIMATED_ MODEL
4499,C021,Cucumber,Vegetabl e,Tamil Nadu,2025,11,Nov,2025-11,7339.2,7681.1,7504.3,176.8,0.02,Balance d,2087,1737,2444,ESTIMATED_ MODEL
4500,C021,Cucumber,Vegetabl e,Tamil Nadu,2025,12,Dec,2025-12,7778.5,8118.7,7504.3,614.3,0.08,Balance d,2020,1685,2229,ESTIMATED_ MODEL
4501,C022,Bitter Gourd,Vegetabl e,Tamil Nadu,2025,1,Jan,2025-01,6080.3,6348.5,5896.0,452.5,0.08,Balance d,3656,3265,4026,ESTIMATED_ MODEL
4502,C022,Bitter Gourd,Vegetabl e,Tamil Nadu,2025,2,Feb,2025-02,5941.6,6210.3,5896.0,314.3,0.05,Balance d,3667,2953,4180,ESTIMATED_ MODEL
4503,C022,Bitter Gourd,Vegetabl e,Tamil Nadu,2025,3,Mar,2025-03,5561.7,5832.0,5896.0,-64.0,-0.01,Balance d,3614,3064,4303,ESTIMATED_ MODEL
4504,C022,Bitter Gourd,Vegetabl e,Tamil Nadu,2025,4,Apr,2025-04,5872.4,6141.4,5896.0,245.5,0.04,Balance d,3578,3196,4064,ESTIMATED_ MODEL
4505,C022,Bitter Gourd,Vegetabl e,Tamil Nadu,2025,5,May,2025-05,6082.2,6350.4,5896.0,454.4,0.08,Balance d,3514,3135,3906,ESTIMATED_ MODEL
4506,C022,Bitter Gourd,Vegetabl e,Tamil Nadu,2025,6,Jun,2025-06,5948.3,6217.0,5896.0,321.0,0.05,Balance d,3599,3124,4232,ESTIMATED_ MODEL
4507,C022,Bitter Gourd,Vegetabl e,Tamil Nadu,2025,7,Jul,2025-07,5563.9,5834.3,5896.0,-61.7,-0.01,Balance d,3652,2985,4485,ESTIMATED_ MODEL
4508,C022,Bitter Gourd,Vegetabl e,Tamil Nadu,2025,8,Aug,2025-08,6065.2,6333.5,5896.0,437.5,0.07,Balance d,3487,2929,3875,ESTIMATED_ MODEL
4509,C022,Bitter Gourd,Vegetabl e,Tamil Nadu,2025,9,Sep,2025-09,5670.5,5940.4,5896.0,44.4,0.01,Balance d,3610,3130,4481,ESTIMATED_ MODEL
4510,C022,Bitter Gourd,Vegetabl e,Tamil Nadu,2025,10,Oct,2025-10,5776.8,6046.3,5896.0,150.3,0.03,Balance d,3642,3111,4516,ESTIMATED_ MODEL
4511,C022,Bitter Gourd,Vegetabl e,Tamil Nadu,2025,11,Nov,2025-11,5827.1,6096.3,5896.0,200.3,0.03,Balance d,3581,3066,4260,ESTIMATED_ MODEL
4512,C022,Bitter Gourd,Vegetabl e,Tamil Nadu,2025,12,Dec,2025-12,6053.2,6321.5,5896.0,425.5,0.07,Balance d,3546,3134,3999,ESTIMATED_ MODEL
4513,C023,Bottle Gourd,Vegetabl e,Tamil Nadu,2025,1,Jan,2025-01,21424.1,22401.6,21180.6,1221.0,0.06,Balance d,1887,1578,2223,ESTIMATED_ MODEL
4514,C023,Bottle Gourd,Vegetabl e,Tamil Nadu,2025,2,Feb,2025-02,21879.2,22854.9,21180.6,1674.2,0.08,Balance d,1863,1595,2327,ESTIMATED_ MODEL
4515,C023,Bottle Gourd,Vegetabl e,Tamil Nadu,2025,3,Mar,2025-03,21829.0,22804.8,21180.6,1624.2,0.08,Balance d,1827,1592,2227,ESTIMATED_ MODEL
4516,C023,Bottle Gourd,Vegetabl e,Tamil Nadu,2025,4,Apr,2025-04,20889.5,21869.3,21180.6,688.6,0.03,Balance d,1844,1633,2179,ESTIMATED_ MODEL
4517,C023,Bottle Gourd,Vegetabl e,Tamil Nadu,2025,5,May,2025-05,21226.1,22204.5,21180.6,1023.8,0.05,Balance d,1830,1484,2121,ESTIMATED_ MODEL
4518,C023,Bottle Gourd,Vegetabl e,Tamil Nadu,2025,6,Jun,2025-06,20602.8,21583.7,21180.6,403.1,0.02,Balance d,1874,1672,2132,ESTIMATED_ MODEL
4519,C023,Bottle Gourd,Vegetabl e,Tamil Nadu,2025,7,Jul,2025-07,20787.9,21768.1,21180.6,587.5,0.03,Balance d,1830,1492,2202,ESTIMATED_ MODEL
4520,C023,Bottle Gourd,Vegetabl e,Tamil Nadu,2025,8,Aug,2025-08,21884.9,22860.6,21180.6,1679.9,0.08,Balance d,1883,1627,2245,ESTIMATED_ MODEL
4521,C023,Bottle Gourd,Vegetabl e,Tamil Nadu,2025,9,Sep,2025-09,21946.1,22921.5,21180.6,1740.9,0.08,Balance d,1837,1485,2221,ESTIMATED_ MODEL
4522,C023,Bottle Gourd,Vegetabl e,Tamil Nadu,2025,10,Oct,2025-10,21857.8,22833.5,21180.6,1652.9,0.08,Balance d,1843,1596,2276,ESTIMATED_ MODEL
4523,C023,Bottle Gourd,Vegetabl e,Tamil Nadu,2025,11,Nov,2025-11,19962.0,20945.7,21180.6,-234.9,-0.01,Balance d,1888,1658,2340,ESTIMATED_ MODEL
4524,C023,Bottle Gourd,Vegetabl e,Tamil Nadu,2025,12,Dec,2025-12,21744.3,22720.5,21180.6,1539.8,0.07,Balance d,1888,1620,2107,ESTIMATED_ MODEL
4525,C024,Ridge Gourd,Vegetabl e,Tamil Nadu,2025,1,Jan,2025-01,8610.4,8984.9,8448.0,536.9,0.06,Balance d,3071,2568,3674,ESTIMATED_ MODEL
4526,C024,Ridge Gourd,Vegetabl e,Tamil Nadu,2025,2,Feb,2025-02,7851.4,8229.1,8448.0,-218.9,-0.03,Balance d,3059,2690,3470,ESTIMATED_ MODEL
4527,C024,Ridge Gourd,Vegetabl e,Tamil Nadu,2025,3,Mar,2025-03,7880.5,8258.1,8448.0,-189.9,-0.02,Balance d,3037,2667,3663,ESTIMATED_ MODEL
4528,C024,Ridge Gourd,Vegetabl e,Tamil Nadu,2025,4,Apr,2025-04,7890.8,8268.3,8448.0,-179.6,-0.02,Balance d,3041,2468,3727,ESTIMATED_ MODEL
4529,C024,Ridge Gourd,Vegetabl e,Tamil Nadu,2025,5,May,2025-05,8553.9,8928.6,8448.0,480.7,0.06,Balance d,3114,2593,3733,ESTIMATED_ MODEL
4530,C024,Ridge Gourd,Vegetabl e,Tamil Nadu,2025,6,Jun,2025-06,8324.3,8700.0,8448.0,252.0,0.03,Balance d,3006,2557,3315,ESTIMATED_ MODEL
4531,C024,Ridge Gourd,Vegetabl e,Tamil Nadu,2025,7,Jul,2025-07,8192.2,8568.4,8448.0,120.5,0.01,Balance d,3063,2473,3587,ESTIMATED_ MODEL
4532,C024,Ridge Gourd,Vegetabl e,Tamil Nadu,2025,8,Aug,2025-08,7929.2,8306.6,8448.0,-141.4,-0.02,Balance d,3083,2603,3412,ESTIMATED_ MODEL
4533,C024,Ridge Gourd,Vegetabl e,Tamil Nadu,2025,9,Sep,2025-09,8555.1,8929.8,8448.0,481.9,0.06,Balance d,3037,2660,3509,ESTIMATED_ MODEL
4534,C024,Ridge Gourd,Vegetabl e,Tamil Nadu,2025,10,Oct,2025-10,8144.4,8520.8,8448.0,72.9,0.01,Balance d,3125,2616,3636,ESTIMATED_ MODEL
4535,C024,Ridge Gourd,Vegetabl e,Tamil Nadu,2025,11,Nov,2025-11,8088.7,8465.4,8448.0,17.5,0.0,Balance d,3100,2775,3461,ESTIMATED_ MODEL
4536,C024,Ridge Gourd,Vegetabl e,Tamil Nadu,2025,12,Dec,2025-12,8475.2,8850.3,8448.0,402.4,0.05,Balance d,2981,2566,3703,ESTIMATED_ MODEL
4537,C025,Ash Gourd,Vegetabl e,Tamil Nadu,2025,1,Jan,2025-01,6076.6,6770.8,5149.6,1621.3,0.31,Surplus,1467,1241,1618,ESTIMATED_ MODEL
4538,C025,Ash Gourd,Vegetabl e,Tamil Nadu,2025,2,Feb,2025-02,6064.8,6759.2,5149.6,1609.7,0.31,Surplus,1442,1224,1764,ESTIMATED_ MODEL
4539,C025,Ash Gourd,Vegetabl e,Tamil Nadu,2025,3,Mar,2025-03,6194.1,6886.8,5149.6,1737.3,0.34,Surplus,1446,1232,1665,ESTIMATED_ MODEL
4540,C025,Ash Gourd,Vegetabl e,Tamil Nadu,2025,4,Apr,2025-04,6128.8,6822.4,5149.6,1672.8,0.32,Surplus,1433,1283,1760,ESTIMATED_ MODEL
4541,C025,Ash Gourd,Vegetabl e,Tamil Nadu,2025,5,May,2025-05,0.0,770.2,5149.6,-4379.4,-0.85,Shortag e,1703,1484,1962,ESTIMATED_ MODEL
4542,C025,Ash Gourd,Vegetabl e,Tamil Nadu,2025,6,Jun,2025-06,0.0,770.2,5149.6,-4379.4,-0.85,Shortag e,1787,1484,2030,ESTIMATED_ MODEL
4543,C025,Ash Gourd,Vegetabl e,Tamil Nadu,2025,7,Jul,2025-07,6186.1,6879.0,5149.6,1729.4,0.34,Surplus,1473,1301,1663,ESTIMATED_ MODEL
4544,C025,Ash Gourd,Vegetabl e,Tamil Nadu,2025,8,Aug,2025-08,6361.4,7052.1,5149.6,1902.5,0.37,Surplus,1478,1192,1830,ESTIMATED_ MODEL
4545,C025,Ash Gourd,Vegetabl e,Tamil Nadu,2025,9,Sep,2025-09,6268.1,6959.9,5149.6,1810.4,0.35,Surplus,1424,1270,1672,ESTIMATED_ MODEL
4546,C025,Ash Gourd,Vegetabl e,Tamil Nadu,2025,10,Oct,2025-10,6085.9,6780.0,6694.4,85.6,0.01,Balance d,1537,1379,1919,ESTIMATED_ MODEL
4547,C025,Ash Gourd,Vegetabl e,Tamil Nadu,2025,11,Nov,2025-11,6060.3,6754.7,5149.6,1605.2,0.31,Surplus,1486,1208,1748,ESTIMATED_ MODEL
4548,C025,Ash Gourd,Vegetabl e,Tamil Nadu,2025,12,Dec,2025-12,6190.1,6883.0,5149.6,1733.4,0.34,Surplus,1469,1251,1742,ESTIMATED_ MODEL
4549,C026,Pumpkin,Vegetabl e,Tamil Nadu,2025,1,Jan,2025-01,12631.8,14893.5,12504.3,2389.2,0.19,Surplus,1465,1258,1824,ESTIMATED_ MODEL
4550,C026,Pumpkin,Vegetabl e,Tamil Nadu,2025,2,Feb,2025-02,12633.5,14895.2,12504.3,2390.9,0.19,Surplus,1468,1300,1770,ESTIMATED_ MODEL
4551,C026,Pumpkin,Vegetabl e,Tamil Nadu,2025,3,Mar,2025-03,11751.1,14027.5,12504.3,1523.1,0.12,Surplus,1542,1277,1762,ESTIMATED_ MODEL
4552,C026,Pumpkin,Vegetabl e,Tamil Nadu,2025,4,Apr,2025-04,12423.4,14688.6,12504.3,2184.2,0.17,Surplus,1542,1289,1710,ESTIMATED_ MODEL
4553,C026,Pumpkin,Vegetabl e,Tamil Nadu,2025,5,May,2025-05,12420.6,14685.8,12504.3,2181.5,0.17,Surplus,1513,1230,1846,ESTIMATED_ MODEL
4554,C026,Pumpkin,Vegetabl e,Tamil Nadu,2025,6,Jun,2025-06,12589.2,14851.7,12504.3,2347.4,0.19,Surplus,1514,1344,1844,ESTIMATED_ MODEL
4555,C026,Pumpkin,Vegetabl e,Tamil Nadu,2025,7,Jul,2025-07,11706.6,13983.7,12504.3,1479.4,0.12,Surplus,1481,1241,1801,ESTIMATED_ MODEL
4556,C026,Pumpkin,Vegetabl e,Tamil Nadu,2025,8,Aug,2025-08,12506.5,14770.3,12504.3,2266.0,0.18,Surplus,1495,1341,1809,ESTIMATED_ MODEL
4557,C026,Pumpkin,Vegetabl e,Tamil Nadu,2025,9,Sep,2025-09,11995.4,14267.7,12504.3,1763.4,0.14,Surplus,1467,1303,1636,ESTIMATED_ MODEL
4558,C026,Pumpkin,Vegetabl e,Tamil Nadu,2025,10,Oct,2025-10,12329.9,14596.6,15005.2,-408.5,-0.03,Balance d,1517,1325,1866,ESTIMATED_ MODEL
4559,C026,Pumpkin,Vegetabl e,Tamil Nadu,2025,11,Nov,2025-11,12723.6,14983.8,12504.3,2479.5,0.2,Surplus,1502,1245,1731,ESTIMATED_ MODEL
4560,C026,Pumpkin,Vegetabl e,Tamil Nadu,2025,12,Dec,2025-12,12623.5,14885.4,12504.3,2381.1,0.19,Surplus,1486,1237,1689,ESTIMATED_ MODEL
4561,C027,Cabbage,Vegetabl e,Tamil Nadu,2025,1,Jan,2025-01,17524.5,19058.1,13577.5,5480.6,0.4,Surplus,1421,1205,1704,ESTIMATED_ MODEL
4562,C027,Cabbage,Vegetabl e,Tamil Nadu,2025,2,Feb,2025-02,16334.0,17877.5,13577.5,4300.0,0.32,Surplus,1465,1271,1711,ESTIMATED_ MODEL
4563,C027,Cabbage,Vegetabl e,Tamil Nadu,2025,3,Mar,2025-03,16092.4,17638.0,13577.5,4060.4,0.3,Surplus,1460,1212,1696,ESTIMATED_ MODEL
4564,C027,Cabbage,Vegetabl e,Tamil Nadu,2025,4,Apr,2025-04,17400.5,18935.1,13577.5,5357.6,0.39,Surplus,1409,1221,1728,ESTIMATED_ MODEL
4565,C027,Cabbage,Vegetabl e,Tamil Nadu,2025,5,May,2025-05,17206.2,18742.5,13577.5,5165.0,0.38,Surplus,1443,1161,1801,ESTIMATED_ MODEL
4566,C027,Cabbage,Vegetabl e,Tamil Nadu,2025,6,Jun,2025-06,17585.6,19118.7,13577.5,5541.1,0.41,Surplus,1428,1160,1650,ESTIMATED_ MODEL
4567,C027,Cabbage,Vegetabl e,Tamil Nadu,2025,7,Jul,2025-07,16050.0,17595.8,13577.5,4018.3,0.3,Surplus,1498,1242,1777,ESTIMATED_ MODEL
4568,C027,Cabbage,Vegetabl e,Tamil Nadu,2025,8,Aug,2025-08,16007.3,17553.5,13577.5,3976.0,0.29,Surplus,1469,1192,1689,ESTIMATED_ MODEL
4569,C027,Cabbage,Vegetabl e,Tamil Nadu,2025,9,Sep,2025-09,16804.2,18343.8,13577.5,4766.3,0.35,Surplus,1484,1278,1659,ESTIMATED_ MODEL
4570,C027,Cabbage,Vegetabl e,Tamil Nadu,2025,10,Oct,2025-10,16950.7,18489.1,13577.5,4911.6,0.36,Surplus,1429,1235,1747,ESTIMATED_ MODEL
4571,C027,Cabbage,Vegetabl e,Tamil Nadu,2025,11,Nov,2025-11,16681.3,18221.9,13577.5,4644.4,0.34,Surplus,1451,1247,1634,ESTIMATED_ MODEL
4572,C027,Cabbage,Vegetabl e,Tamil Nadu,2025,12,Dec,2025-12,16919.7,18458.3,13577.5,4880.8,0.36,Surplus,1444,1158,1755,ESTIMATED_ MODEL
4573,C028,Cauliflower,Vegetabl e,Tamil Nadu,2025,1,Jan,2025-01,5174.3,5403.3,5059.9,343.4,0.07,Balance d,2252,1898,2483,ESTIMATED_ MODEL
4574,C028,Cauliflower,Vegetabl e,Tamil Nadu,2025,2,Feb,2025-02,5109.8,5339.1,5059.9,279.2,0.06,Balance d,2211,1832,2469,ESTIMATED_ MODEL
4575,C028,Cauliflower,Vegetabl e,Tamil Nadu,2025,3,Mar,2025-03,5181.8,5410.8,5059.9,350.9,0.07,Balance d,2260,1863,2580,ESTIMATED_ MODEL
4576,C028,Cauliflower,Vegetabl e,Tamil Nadu,2025,4,Apr,2025-04,4856.9,5087.3,5059.9,27.4,0.01,Balance d,2318,1962,2686,ESTIMATED_ MODEL
4577,C028,Cauliflower,Vegetabl e,Tamil Nadu,2025,5,May,2025-05,4796.8,5027.4,5059.9,-32.5,-0.01,Balance d,2298,2047,2537,ESTIMATED_ MODEL
4578,C028,Cauliflower,Vegetabl e,Tamil Nadu,2025,6,Jun,2025-06,5267.5,5496.1,5059.9,436.2,0.09,Balance d,2229,1919,2559,ESTIMATED_ MODEL
4579,C028,Cauliflower,Vegetabl e,Tamil Nadu,2025,7,Jul,2025-07,5115.2,5344.4,5059.9,284.5,0.06,Balance d,2283,2049,2835,ESTIMATED_ MODEL
4580,C028,Cauliflower,Vegetabl e,Tamil Nadu,2025,8,Aug,2025-08,5185.0,5414.0,5059.9,354.0,0.07,Balance d,2210,1818,2748,ESTIMATED_ MODEL
4581,C028,Cauliflower,Vegetabl e,Tamil Nadu,2025,9,Sep,2025-09,4693.9,4924.9,5059.9,-135.0,-0.03,Balance d,2269,1862,2737,ESTIMATED_ MODEL
4582,C028,Cauliflower,Vegetabl e,Tamil Nadu,2025,10,Oct,2025-10,4898.1,5128.3,5059.9,68.3,0.01,Balance d,2232,1845,2749,ESTIMATED_ MODEL
4583,C028,Cauliflower,Vegetabl e,Tamil Nadu,2025,11,Nov,2025-11,5130.4,5359.6,5059.9,299.7,0.06,Balance d,2199,1774,2508,ESTIMATED_ MODEL
4584,C028,Cauliflower,Vegetabl e,Tamil Nadu,2025,12,Dec,2025-12,4732.7,4963.6,5059.9,-96.4,-0.02,Balance d,2287,1857,2677,ESTIMATED_ MODEL
4585,C029,Carrot,Root vegetable,Tamil Nadu,2025,1,Jan,2025-01,21788.1,25585.5,16981.3,8604.2,0.51,Surplus,3273,2678,3605,ESTIMATED_ MODEL
4586,C029,Carrot,Root vegetable,Tamil Nadu,2025,2,Feb,2025-02,20235.0,24058.3,16981.3,7077.0,0.42,Surplus,3373,2843,3829,ESTIMATED_ MODEL
4587,C029,Carrot,Root vegetable,Tamil Nadu,2025,3,Mar,2025-03,21709.3,25508.0,16981.3,8526.8,0.5,Surplus,3236,2728,3943,ESTIMATED_ MODEL
4588,C029,Carrot,Root vegetable,Tamil Nadu,2025,4,Apr,2025-04,20247.7,24070.7,16981.3,7089.5,0.42,Surplus,3425,3035,3773,ESTIMATED_ MODEL
4589,C029,Carrot,Root vegetable,Tamil Nadu,2025,5,May,2025-05,21356.5,25161.1,16981.3,8179.8,0.48,Surplus,3445,2873,4301,ESTIMATED_ MODEL
4590,C029,Carrot,Root vegetable,Tamil Nadu,2025,6,Jun,2025-06,20738.9,24553.8,16981.3,7572.6,0.45,Surplus,3310,2804,3817,ESTIMATED_ MODEL
4591,C029,Carrot,Root vegetable,Tamil Nadu,2025,7,Jul,2025-07,19945.9,23774.1,16981.3,6792.8,0.4,Surplus,3357,2968,4069,ESTIMATED_ MODEL
4592,C029,Carrot,Root vegetable,Tamil Nadu,2025,8,Aug,2025-08,21450.6,25253.7,16981.3,8272.4,0.49,Surplus,3448,2969,4032,ESTIMATED_ MODEL
4593,C029,Carrot,Root vegetable,Tamil Nadu,2025,9,Sep,2025-09,20204.6,24028.4,16981.3,7047.1,0.41,Surplus,3291,2961,3893,ESTIMATED_ MODEL
4594,C029,Carrot,Root vegetable,Tamil Nadu,2025,10,Oct,2025-10,20101.4,23926.9,16981.3,6945.6,0.41,Surplus,3427,2881,4051,ESTIMATED_ MODEL
4595,C029,Carrot,Root vegetable,Tamil Nadu,2025,11,Nov,2025-11,20557.4,24375.3,16981.3,7394.0,0.44,Surplus,3465,2829,3963,ESTIMATED_ MODEL
4596,C029,Carrot,Root vegetable,Tamil Nadu,2025,12,Dec,2025-12,21297.6,25103.2,16981.3,8121.9,0.48,Surplus,3271,2876,3628,ESTIMATED_ MODEL
4597,C030,Radish,Root vegetable,Tamil Nadu,2025,1,Jan,2025-01,7226.8,7566.1,7517.0,49.1,0.01,Balance d,1843,1528,2250,ESTIMATED_ MODEL
4598,C030,Radish,Root vegetable,Tamil Nadu,2025,2,Feb,2025-02,7418.5,7756.9,7517.0,240.0,0.03,Balance d,1843,1595,2079,ESTIMATED_ MODEL
4599,C030,Radish,Root vegetable,Tamil Nadu,2025,3,Mar,2025-03,7322.6,7661.4,7517.0,144.5,0.02,Balance d,1852,1540,2183,ESTIMATED_ MODEL
4600,C030,Radish,Root vegetable,Tamil Nadu,2025,4,Apr,2025-04,7001.3,7341.6,7517.0,-175.4,-0.02,Balance d,1891,1658,2181,ESTIMATED_ MODEL
4601,C030,Radish,Root vegetable,Tamil Nadu,2025,5,May,2025-05,7812.4,8149.3,7517.0,632.3,0.08,Balance d,1852,1656,2211,ESTIMATED_ MODEL
4602,C030,Radish,Root vegetable,Tamil Nadu,2025,6,Jun,2025-06,7808.3,8145.2,7517.0,628.2,0.08,Balance d,1791,1555,1999,ESTIMATED_ MODEL
4603,C030,Radish,Root vegetable,Tamil Nadu,2025,7,Jul,2025-07,7209.8,7549.1,7517.0,32.2,0.0,Balance d,1894,1613,2193,ESTIMATED_ MODEL
4604,C030,Radish,Root vegetable,Tamil Nadu,2025,8,Aug,2025-08,7611.6,7949.3,7517.0,432.3,0.06,Balance d,1788,1499,2209,ESTIMATED_ MODEL
4605,C030,Radish,Root vegetable,Tamil Nadu,2025,9,Sep,2025-09,7475.7,7813.9,7517.0,297.0,0.04,Balance d,1789,1516,2218,ESTIMATED_ MODEL
4606,C030,Radish,Root vegetable,Tamil Nadu,2025,10,Oct,2025-10,7172.6,7512.1,7517.0,-4.9,-0.0,Balance d,1842,1552,2186,ESTIMATED_ MODEL
4607,C030,Radish,Root vegetable,Tamil Nadu,2025,11,Nov,2025-11,7194.5,7533.9,7517.0,17.0,0.0,Balance d,1849,1510,2039,ESTIMATED_ MODEL
4608,C030,Radish,Root vegetable,Tamil Nadu,2025,12,Dec,2025-12,7398.0,7736.6,7517.0,219.6,0.03,Balance d,1858,1657,2073,ESTIMATED_ MODEL
4609,C031,Beetroot,Root vegetable,Tamil Nadu,2025,1,Jan,2025-01,4879.5,5561.3,5031.0,530.3,0.11,Surplus,3021,2675,3666,ESTIMATED_ MODEL
4610,C031,Beetroot,Root vegetable,Tamil Nadu,2025,2,Feb,2025-02,5140.3,5818.9,5031.0,787.9,0.16,Surplus,3020,2589,3381,ESTIMATED_ MODEL
4611,C031,Beetroot,Root vegetable,Tamil Nadu,2025,3,Mar,2025-03,4819.4,5502.0,5031.0,471.0,0.09,Balance d,3109,2732,3726,ESTIMATED_ MODEL
4612,C031,Beetroot,Root vegetable,Tamil Nadu,2025,4,Apr,2025-04,5183.9,5861.9,5031.0,830.9,0.17,Surplus,3007,2695,3704,ESTIMATED_ MODEL
4613,C031,Beetroot,Root vegetable,Tamil Nadu,2025,5,May,2025-05,4691.9,5376.1,5031.0,345.1,0.07,Balance d,3084,2582,3679,ESTIMATED_ MODEL
4614,C031,Beetroot,Root vegetable,Tamil Nadu,2025,6,Jun,2025-06,5218.9,5896.5,5031.0,865.5,0.17,Surplus,3024,2538,3465,ESTIMATED_ MODEL
4615,C031,Beetroot,Root vegetable,Tamil Nadu,2025,7,Jul,2025-07,4992.8,5673.2,5031.0,642.2,0.13,Surplus,3013,2583,3508,ESTIMATED_ MODEL
4616,C031,Beetroot,Root vegetable,Tamil Nadu,2025,8,Aug,2025-08,5051.1,5730.8,5031.0,699.8,0.14,Surplus,2981,2612,3517,ESTIMATED_ MODEL
4617,C031,Beetroot,Root vegetable,Tamil Nadu,2025,9,Sep,2025-09,4877.9,5559.8,5031.0,528.8,0.11,Surplus,2961,2477,3650,ESTIMATED_ MODEL
4618,C031,Beetroot,Root vegetable,Tamil Nadu,2025,10,Oct,2025-10,5124.4,5803.2,5031.0,772.2,0.15,Surplus,3066,2552,3804,ESTIMATED_ MODEL
4619,C031,Beetroot,Root vegetable,Tamil Nadu,2025,11,Nov,2025-11,4758.3,5441.7,5031.0,410.7,0.08,Balance d,2973,2664,3380,ESTIMATED_ MODEL
4620,C031,Beetroot,Root vegetable,Tamil Nadu,2025,12,Dec,2025-12,4688.3,5372.6,5031.0,341.6,0.07,Balance d,2967,2502,3424,ESTIMATED_ MODEL
4621,C032,Onion,Bulb vegetable,Tamil Nadu,2025,1,Jan,2025-01,82946.2,118675.0,101619.0,17055.9,0.17,Surplus,2956,2524,3333,ESTIMATED_ MODEL
4622,C032,Onion,Bulb vegetable,Tamil Nadu,2025,2,Feb,2025-02,83385.0,119091.9,101619.0,17472.8,0.17,Surplus,2998,2638,3506,ESTIMATED_ MODEL
4623,C032,Onion,Bulb vegetable,Tamil Nadu,2025,3,Mar,2025-03,79144.5,115063.4,101619.0,13444.4,0.13,Surplus,2963,2585,3342,ESTIMATED_ MODEL
4624,C032,Onion,Bulb vegetable,Tamil Nadu,2025,4,Apr,2025-04,79419.5,115324.7,101619.0,13705.6,0.13,Surplus,3071,2604,3587,ESTIMATED_ MODEL
4625,C032,Onion,Bulb vegetable,Tamil Nadu,2025,5,May,2025-05,76712.4,112752.8,101619.0,11133.8,0.11,Surplus,3104,2703,3430,ESTIMATED_ MODEL
4626,C032,Onion,Bulb vegetable,Tamil Nadu,2025,6,Jun,2025-06,0.0,39876.1,101619.0,-61742.9,-0.61,Shortag e,3333,2957,3676,ESTIMATED_ MODEL
4627,C032,Onion,Bulb vegetable,Tamil Nadu,2025,7,Jul,2025-07,0.0,39876.1,101619.0,-61742.9,-0.61,Shortag e,3380,2950,4033,ESTIMATED_ MODEL
4628,C032,Onion,Bulb vegetable,Tamil Nadu,2025,8,Aug,2025-08,75745.2,111834.0,101619.0,10215.0,0.1,Surplus,3091,2697,3721,ESTIMATED_ MODEL
4629,C032,Onion,Bulb vegetable,Tamil Nadu,2025,9,Sep,2025-09,81451.1,117254.6,101619.0,15635.6,0.15,Surplus,3078,2661,3571,ESTIMATED_ MODEL
4630,C032,Onion,Bulb vegetable,Tamil Nadu,2025,10,Oct,2025-10,75907.5,111988.2,116861.9,-4873.6,-0.04,Balance d,3104,2705,3822,ESTIMATED_ MODEL
4631,C032,Onion,Bulb vegetable,Tamil Nadu,2025,11,Nov,2025-11,82341.2,118100.3,101619.0,16481.2,0.16,Surplus,2972,2479,3684,ESTIMATED_ MODEL
4632,C032,Onion,Bulb vegetable,Tamil Nadu,2025,12,Dec,2025-12,80469.5,116322.1,101619.0,14703.1,0.14,Surplus,3037,2484,3643,ESTIMATED_ MODEL
4633,C033,Potato,Tuber crop,Tamil Nadu,2025,1,Jan,2025-01,15226.0,20120.0,44630.9,-24510.9,-0.55,Shortag e,2751,2398,3421,ESTIMATED_ MODEL
4634,C033,Potato,Tuber crop,Tamil Nadu,2025,2,Feb,2025-02,15089.3,19989.0,44630.9,-24641.9,-0.55,Shortag e,2817,2504,3291,ESTIMATED_ MODEL
4635,C033,Potato,Tuber crop,Tamil Nadu,2025,3,Mar,2025-03,14143.6,19082.7,44630.9,-25548.2,-0.57,Shortag e,2838,2509,3424,ESTIMATED_ MODEL
4636,C033,Potato,Tuber crop,Tamil Nadu,2025,4,Apr,2025-04,15318.7,20208.8,44630.9,-24422.1,-0.55,Shortag e,2787,2404,3359,ESTIMATED_ MODEL
4637,C033,Potato,Tuber crop,Tamil Nadu,2025,5,May,2025-05,14702.5,19618.3,44630.9,-25012.6,-0.56,Shortag e,2753,2425,3421,ESTIMATED_ MODEL
4638,C033,Potato,Tuber crop,Tamil Nadu,2025,6,Jun,2025-06,15341.8,20231.0,44630.9,-24399.9,-0.55,Shortag e,2780,2419,3366,ESTIMATED_ MODEL
4639,C033,Potato,Tuber crop,Tamil Nadu,2025,7,Jul,2025-07,0.0,5528.4,44630.9,-39102.5,-0.88,Shortag e,2938,2511,3620,ESTIMATED_ MODEL
4640,C033,Potato,Tuber crop,Tamil Nadu,2025,8,Aug,2025-08,0.0,5528.4,44630.9,-39102.5,-0.88,Shortag e,2905,2342,3564,ESTIMATED_ MODEL
4641,C033,Potato,Tuber crop,Tamil Nadu,2025,9,Sep,2025-09,14357.8,19287.9,44630.9,-25342.9,-0.57,Shortag e,2821,2496,3161,ESTIMATED_ MODEL
4642,C033,Potato,Tuber crop,Tamil Nadu,2025,10,Oct,2025-10,13886.8,18836.6,44630.9,-25794.3,-0.58,Shortag e,2725,2435,3058,ESTIMATED_ MODEL
4643,C033,Potato,Tuber crop,Tamil Nadu,2025,11,Nov,2025-11,14614.9,19534.3,44630.9,-25096.6,-0.56,Shortag e,2840,2505,3425,ESTIMATED_ MODEL
4644,C033,Potato,Tuber crop,Tamil Nadu,2025,12,Dec,2025-12,0.0,5528.4,44630.9,-39102.5,-0.88,Shortag e,2856,2475,3523,ESTIMATED_ MODEL
4645,C034,Sweet Potato,Tuber crop,Tamil Nadu,2025,1,Jan,2025-01,7405.6,8740.3,5570.0,3170.3,0.57,Surplus,2771,2401,3318,ESTIMATED_ MODEL
4646,C034,Sweet Potato,Tuber crop,Tamil Nadu,2025,2,Feb,2025-02,7431.9,8766.0,5063.7,3702.3,0.73,Surplus,2825,2495,3505,ESTIMATED_ MODEL
4647,C034,Sweet Potato,Tuber crop,Tamil Nadu,2025,3,Mar,2025-03,7108.1,8450.3,5063.7,3386.6,0.67,Surplus,2848,2526,3160,ESTIMATED_ MODEL
4648,C034,Sweet Potato,Tuber crop,Tamil Nadu,2025,4,Apr,2025-04,7835.3,9159.3,5063.7,4095.6,0.81,Surplus,2779,2392,3215,ESTIMATED_ MODEL
4649,C034,Sweet Potato,Tuber crop,Tamil Nadu,2025,5,May,2025-05,0.0,1519.9,5063.7,-3543.8,-0.7,Shortag e,3332,2891,3829,ESTIMATED_ MODEL
4650,C034,Sweet Potato,Tuber crop,Tamil Nadu,2025,6,Jun,2025-06,0.0,1519.9,5063.7,-3543.8,-0.7,Shortag e,3408,2959,4215,ESTIMATED_ MODEL
4651,C034,Sweet Potato,Tuber crop,Tamil Nadu,2025,7,Jul,2025-07,0.0,1519.9,5063.7,-3543.8,-0.7,Shortag e,3474,2936,4024,ESTIMATED_ MODEL
4652,C034,Sweet Potato,Tuber crop,Tamil Nadu,2025,8,Aug,2025-08,0.0,1519.9,5063.7,-3543.8,-0.7,Shortag e,3366,2818,3758,ESTIMATED_ MODEL
4653,C034,Sweet Potato,Tuber crop,Tamil Nadu,2025,9,Sep,2025-09,7814.8,9139.3,5063.7,4075.6,0.8,Surplus,2804,2404,3138,ESTIMATED_ MODEL
4654,C034,Sweet Potato,Tuber crop,Tamil Nadu,2025,10,Oct,2025-10,7930.4,9252.0,5063.7,4188.3,0.83,Surplus,2679,2290,3161,ESTIMATED_ MODEL
4655,C034,Sweet Potato,Tuber crop,Tamil Nadu,2025,11,Nov,2025-11,7559.7,8890.6,5063.7,3826.9,0.76,Surplus,2653,2375,3028,ESTIMATED_ MODEL
4656,C034,Sweet Potato,Tuber crop,Tamil Nadu,2025,12,Dec,2025-12,7708.8,9036.0,5063.7,3972.3,0.78,Surplus,2636,2129,3129,ESTIMATED_ MODEL
4657,C035,Tapioca/Cassava,Tuber crop,Tamil Nadu,2025,1,Jan,2025-01,233684.5,324119.3,188244.5,135874.8,0.72,Surplus,1195,986,1332,ESTIMATED_ MODEL
4658,C035,Tapioca/Cassava,Tuber crop,Tamil Nadu,2025,2,Feb,2025-02,243711.4,333728.4,188244.5,145483.9,0.77,Surplus,1177,1049,1423,ESTIMATED_ MODEL
4659,C035,Tapioca/Cassava,Tuber crop,Tamil Nadu,2025,3,Mar,2025-03,250926.2,340642.5,188244.5,152398.1,0.81,Surplus,1201,1066,1497,ESTIMATED_ MODEL
4660,C035,Tapioca/Cassava,Tuber crop,Tamil Nadu,2025,4,Apr,2025-04,235765.1,326113.2,188244.5,137868.7,0.73,Surplus,1213,1044,1400,ESTIMATED_ MODEL
4661,C035,Tapioca/Cassava,Tuber crop,Tamil Nadu,2025,5,May,2025-05,241744.1,331843.0,188244.5,143598.5,0.76,Surplus,1160,1007,1449,ESTIMATED_ MODEL
4662,C035,Tapioca/Cassava,Tuber crop,Tamil Nadu,2025,6,Jun,2025-06,0.0,100171.6,188244.5,-88072.9,-0.47,Shortag e,1430,1247,1679,ESTIMATED_ MODEL
4663,C035,Tapioca/Cassava,Tuber crop,Tamil Nadu,2025,7,Jul,2025-07,0.0,100171.6,188244.5,-88072.9,-0.47,Shortag e,1427,1200,1678,ESTIMATED_ MODEL
4664,C035,Tapioca/Cassava,Tuber crop,Tamil Nadu,2025,8,Aug,2025-08,244843.0,334812.8,188244.5,146568.3,0.78,Surplus,1171,1025,1442,ESTIMATED_ MODEL
4665,C035,Tapioca/Cassava,Tuber crop,Tamil Nadu,2025,9,Sep,2025-09,237178.2,327467.4,188244.5,139222.9,0.74,Surplus,1221,1004,1507,ESTIMATED_ MODEL
4666,C035,Tapioca/Cassava,Tuber crop,Tamil Nadu,2025,10,Oct,2025-10,247463.6,337324.2,188244.5,149079.7,0.79,Surplus,1167,969,1411,ESTIMATED_ MODEL
4667,C035,Tapioca/Cassava,Tuber crop,Tamil Nadu,2025,11,Nov,2025-11,234975.0,325356.0,188244.5,137111.5,0.73,Surplus,1177,947,1360,ESTIMATED_ MODEL
4668,C035,Tapioca/Cassava,Tuber crop,Tamil Nadu,2025,12,Dec,2025-12,233826.8,324255.6,188244.5,136011.1,0.72,Surplus,1211,1008,1447,ESTIMATED_ MODEL
4669,C036,Elephant Foot Yam,Tuber crop,Tamil Nadu,2025,1,Jan,2025-01,11621.1,14888.4,7649.1,7239.3,0.95,Surplus,3053,2680,3665,ESTIMATED_ MODEL
4670,C036,Elephant Foot Yam,Tuber crop,Tamil Nadu,2025,2,Feb,2025-02,11842.7,15100.8,7649.1,7451.7,0.97,Surplus,3128,2756,3808,ESTIMATED_ MODEL
4671,C036,Elephant Foot Yam,Tuber crop,Tamil Nadu,2025,3,Mar,2025-03,11212.6,14496.9,7649.1,6847.8,0.9,Surplus,3160,2667,3942,ESTIMATED_ MODEL
4672,C036,Elephant Foot Yam,Tuber crop,Tamil Nadu,2025,4,Apr,2025-04,10851.6,14150.9,7649.1,6501.9,0.85,Surplus,3160,2592,3615,ESTIMATED_ MODEL
4673,C036,Elephant Foot Yam,Tuber crop,Tamil Nadu,2025,5,May,2025-05,0.0,3751.5,7649.1,-3897.6,-0.51,Shortag e,3922,3500,4419,ESTIMATED_ MODEL
4674,C036,Elephant Foot Yam,Tuber crop,Tamil Nadu,2025,6,Jun,2025-06,0.0,3751.5,7649.1,-3897.6,-0.51,Shortag e,3790,3366,4689,ESTIMATED_ MODEL
4675,C036,Elephant Foot Yam,Tuber crop,Tamil Nadu,2025,7,Jul,2025-07,0.0,3751.5,7649.1,-3897.6,-0.51,Shortag e,3832,3210,4594,ESTIMATED_ MODEL
4676,C036,Elephant Foot Yam,Tuber crop,Tamil Nadu,2025,8,Aug,2025-08,0.0,3751.5,7649.1,-3897.6,-0.51,Shortag e,3843,3412,4290,ESTIMATED_ MODEL
4677,C036,Elephant Foot Yam,Tuber crop,Tamil Nadu,2025,9,Sep,2025-09,11058.4,14349.2,7649.1,6700.1,0.88,Surplus,3031,2488,3464,ESTIMATED_ MODEL
4678,C036,Elephant Foot Yam,Tuber crop,Tamil Nadu,2025,10,Oct,2025-10,11212.0,14496.4,7649.1,6847.3,0.9,Surplus,3037,2449,3685,ESTIMATED_ MODEL
4679,C036,Elephant Foot Yam,Tuber crop,Tamil Nadu,2025,11,Nov,2025-11,11594.2,14862.6,7649.1,7213.5,0.94,Surplus,3022,2694,3491,ESTIMATED_ MODEL
4680,C036,Elephant Foot Yam,Tuber crop,Tamil Nadu,2025,12,Dec,2025-12,10643.6,13951.6,7649.1,6302.6,0.82,Surplus,3196,2629,3631,ESTIMATED_ MODEL
4681,C037,Watermelon,Fruit,Tamil Nadu,2025,1,Jan,2025-01,31548.0,32487.3,21193.2,11294.1,0.53,Surplus,1451,1167,1665,ESTIMATED_ MODEL
4682,C037,Watermelon,Fruit,Tamil Nadu,2025,2,Feb,2025-02,32330.0,33266.1,21193.2,12072.9,0.57,Surplus,1419,1238,1678,ESTIMATED_ MODEL
4683,C037,Watermelon,Fruit,Tamil Nadu,2025,3,Mar,2025-03,32289.0,33225.3,21193.2,12032.0,0.57,Surplus,1439,1192,1623,ESTIMATED_ MODEL
4684,C037,Watermelon,Fruit,Tamil Nadu,2025,4,Apr,2025-04,31961.6,32899.2,27551.2,5348.0,0.19,Surplus,1458,1250,1755,ESTIMATED_ MODEL
4685,C037,Watermelon,Fruit,Tamil Nadu,2025,5,May,2025-05,31128.9,32069.9,27551.2,4518.7,0.16,Surplus,1490,1284,1651,ESTIMATED_ MODEL
4686,C037,Watermelon,Fruit,Tamil Nadu,2025,6,Jun,2025-06,32788.2,33722.4,21193.2,12529.2,0.59,Surplus,1370,1192,1583,ESTIMATED_ MODEL
4687,C037,Watermelon,Fruit,Tamil Nadu,2025,7,Jul,2025-07,31780.7,32719.1,21193.2,11525.9,0.54,Surplus,1434,1267,1761,ESTIMATED_ MODEL
4688,C037,Watermelon,Fruit,Tamil Nadu,2025,8,Aug,2025-08,0.0,1070.8,21193.2,-20122.4,-0.95,Shortag e,1734,1472,2099,ESTIMATED_ MODEL
4689,C037,Watermelon,Fruit,Tamil Nadu,2025,9,Sep,2025-09,0.0,1070.8,21193.2,-20122.4,-0.95,Shortag e,1790,1572,2030,ESTIMATED_ MODEL
4690,C037,Watermelon,Fruit,Tamil Nadu,2025,10,Oct,2025-10,0.0,1070.8,21193.2,-20122.4,-0.95,Shortag e,1736,1491,2103,ESTIMATED_ MODEL
4691,C037,Watermelon,Fruit,Tamil Nadu,2025,11,Nov,2025-11,0.0,1070.8,21193.2,-20122.4,-0.95,Shortag e,1748,1416,2111,ESTIMATED_ MODEL
4692,C037,Watermelon,Fruit,Tamil Nadu,2025,12,Dec,2025-12,33162.4,34095.0,21193.2,12901.8,0.61,Surplus,1385,1131,1554,ESTIMATED_ MODEL
4693,C038,Muskmelon,Fruit,Tamil Nadu,2025,1,Jan,2025-01,7541.3,7753.6,5046.8,2706.7,0.54,Surplus,2309,1896,2599,ESTIMATED_ MODEL
4694,C038,Muskmelon,Fruit,Tamil Nadu,2025,2,Feb,2025-02,7331.6,7544.8,5046.8,2497.9,0.49,Surplus,2316,2009,2709,ESTIMATED_ MODEL
4695,C038,Muskmelon,Fruit,Tamil Nadu,2025,3,Mar,2025-03,7029.3,7243.7,5046.8,2196.9,0.44,Surplus,2458,1990,2757,ESTIMATED_ MODEL
4696,C038,Muskmelon,Fruit,Tamil Nadu,2025,4,Apr,2025-04,7097.6,7311.7,6056.2,1255.5,0.21,Surplus,2465,2160,2824,ESTIMATED_ MODEL
4697,C038,Muskmelon,Fruit,Tamil Nadu,2025,5,May,2025-05,7270.9,7484.2,6056.2,1428.1,0.24,Surplus,2469,2050,2746,ESTIMATED_ MODEL
4698,C038,Muskmelon,Fruit,Tamil Nadu,2025,6,Jun,2025-06,7601.3,7813.3,5046.8,2766.5,0.55,Surplus,2431,2078,2961,ESTIMATED_ MODEL
4699,C038,Muskmelon,Fruit,Tamil Nadu,2025,7,Jul,2025-07,7099.0,7313.1,5046.8,2266.3,0.45,Surplus,2426,2065,2701,ESTIMATED_ MODEL
4700,C038,Muskmelon,Fruit,Tamil Nadu,2025,8,Aug,2025-08,0.0,243.7,5046.8,-4803.1,-0.95,Shortag e,2964,2417,3445,ESTIMATED_ MODEL
4701,C038,Muskmelon,Fruit,Tamil Nadu,2025,9,Sep,2025-09,0.0,243.7,5046.8,-4803.1,-0.95,Shortag e,2962,2601,3563,ESTIMATED_ MODEL
4702,C038,Muskmelon,Fruit,Tamil Nadu,2025,10,Oct,2025-10,0.0,243.7,5046.8,-4803.1,-0.95,Shortag e,2969,2419,3420,ESTIMATED_ MODEL
4703,C038,Muskmelon,Fruit,Tamil Nadu,2025,11,Nov,2025-11,0.0,243.7,5046.8,-4803.1,-0.95,Shortag e,2871,2504,3569,ESTIMATED_ MODEL
4704,C038,Muskmelon,Fruit,Tamil Nadu,2025,12,Dec,2025-12,7512.6,7725.0,5046.8,2678.2,0.53,Surplus,2333,1887,2733,ESTIMATED_ MODEL
4705,C039,Papaya,Fruit,Tamil Nadu,2025,1,Jan,2025-01,25425.1,26586.2,25646.5,939.7,0.04,Balance d,2105,1715,2551,ESTIMATED_ MODEL
4706,C039,Papaya,Fruit,Tamil Nadu,2025,2,Feb,2025-02,23893.3,25060.8,25646.5,-585.7,-0.02,Balance d,2083,1706,2345,ESTIMATED_ MODEL
4707,C039,Papaya,Fruit,Tamil Nadu,2025,3,Mar,2025-03,26705.6,27861.4,25646.5,2214.8,0.09,Balance d,2079,1750,2491,ESTIMATED_ MODEL
4708,C039,Papaya,Fruit,Tamil Nadu,2025,4,Apr,2025-04,26264.0,27421.7,25646.5,1775.1,0.07,Balance d,2039,1779,2389,ESTIMATED_ MODEL
4709,C039,Papaya,Fruit,Tamil Nadu,2025,5,May,2025-05,24150.5,25316.9,25646.5,-329.6,-0.01,Balance d,2037,1704,2504,ESTIMATED_ MODEL
4710,C039,Papaya,Fruit,Tamil Nadu,2025,6,Jun,2025-06,26546.5,27702.9,25646.5,2056.4,0.08,Balance d,2031,1668,2519,ESTIMATED_ MODEL
4711,C039,Papaya,Fruit,Tamil Nadu,2025,7,Jul,2025-07,25118.0,26280.4,25646.5,633.9,0.02,Balance d,2089,1682,2610,ESTIMATED_ MODEL
4712,C039,Papaya,Fruit,Tamil Nadu,2025,8,Aug,2025-08,24879.1,26042.5,25646.5,396.0,0.02,Balance d,2079,1696,2361,ESTIMATED_ MODEL
4713,C039,Papaya,Fruit,Tamil Nadu,2025,9,Sep,2025-09,25149.4,26311.7,25646.5,665.2,0.03,Balance d,2075,1822,2357,ESTIMATED_ MODEL
4714,C039,Papaya,Fruit,Tamil Nadu,2025,10,Oct,2025-10,26282.0,27439.5,25646.5,1793.0,0.07,Balance d,2008,1668,2389,ESTIMATED_ MODEL
4715,C039,Papaya,Fruit,Tamil Nadu,2025,11,Nov,2025-11,25751.1,26910.9,25646.5,1264.3,0.05,Balance d,2004,1624,2408,ESTIMATED_ MODEL
4716,C039,Papaya,Fruit,Tamil Nadu,2025,12,Dec,2025-12,23931.1,25098.5,25646.5,-548.1,-0.02,Balance d,2101,1786,2425,ESTIMATED_ MODEL
4717,C040,Banana,Fruit,Tamil Nadu,2025,1,Jan,2025-01,311789.2,355897.6,317553.8,38343.9,0.12,Surplus,3080,2704,3830,ESTIMATED_ MODEL
4718,C040,Banana,Fruit,Tamil Nadu,2025,2,Feb,2025-02,333464.9,377302.3,288685.2,88617.1,0.31,Surplus,2904,2401,3582,ESTIMATED_ MODEL
4719,C040,Banana,Fruit,Tamil Nadu,2025,3,Mar,2025-03,326187.7,370116.2,288685.2,81430.9,0.28,Surplus,3009,2686,3339,ESTIMATED_ MODEL
4720,C040,Banana,Fruit,Tamil Nadu,2025,4,Apr,2025-04,304951.0,349144.9,288685.2,60459.6,0.21,Surplus,3016,2456,3546,ESTIMATED_ MODEL
4721,C040,Banana,Fruit,Tamil Nadu,2025,5,May,2025-05,311629.2,355739.6,288685.2,67054.4,0.23,Surplus,2918,2372,3215,ESTIMATED_ MODEL
4722,C040,Banana,Fruit,Tamil Nadu,2025,6,Jun,2025-06,317690.1,361724.8,288685.2,73039.5,0.25,Surplus,2996,2505,3343,ESTIMATED_ MODEL
4723,C040,Banana,Fruit,Tamil Nadu,2025,7,Jul,2025-07,320305.8,364307.7,288685.2,75622.5,0.26,Surplus,2935,2398,3643,ESTIMATED_ MODEL
4724,C040,Banana,Fruit,Tamil Nadu,2025,8,Aug,2025-08,314814.5,358885.1,288685.2,70199.9,0.24,Surplus,2943,2453,3609,ESTIMATED_ MODEL
4725,C040,Banana,Fruit,Tamil Nadu,2025,9,Sep,2025-09,327781.9,371690.4,288685.2,83005.1,0.29,Surplus,2984,2599,3567,ESTIMATED_ MODEL
4726,C040,Banana,Fruit,Tamil Nadu,2025,10,Oct,2025-10,326169.4,370098.0,317553.8,52544.3,0.17,Surplus,3096,2540,3864,ESTIMATED_ MODEL
4727,C040,Banana,Fruit,Tamil Nadu,2025,11,Nov,2025-11,316216.7,360269.7,288685.2,71584.5,0.25,Surplus,3036,2607,3641,ESTIMATED_ MODEL
4728,C040,Banana,Fruit,Tamil Nadu,2025,12,Dec,2025-12,329461.9,373349.4,288685.2,84664.2,0.29,Surplus,2981,2402,3377,ESTIMATED_ MODEL
4729,C041,Guava,Fruit,Tamil Nadu,2025,1,Jan,2025-01,16118.7,17583.2,16293.3,1289.9,0.08,Balance d,3584,3002,4132,ESTIMATED_ MODEL
4730,C041,Guava,Fruit,Tamil Nadu,2025,2,Feb,2025-02,15818.2,17285.2,16293.3,991.9,0.06,Balance d,3642,2917,4443,ESTIMATED_ MODEL
4731,C041,Guava,Fruit,Tamil Nadu,2025,3,Mar,2025-03,16557.3,18018.1,16293.3,1724.8,0.11,Surplus,3563,3201,4234,ESTIMATED_ MODEL
4732,C041,Guava,Fruit,Tamil Nadu,2025,4,Apr,2025-04,16099.8,17564.4,16293.3,1271.1,0.08,Balance d,3466,2790,4272,ESTIMATED_ MODEL
4733,C041,Guava,Fruit,Tamil Nadu,2025,5,May,2025-05,15114.7,16587.6,16293.3,294.3,0.02,Balance d,3669,3062,4376,ESTIMATED_ MODEL
4734,C041,Guava,Fruit,Tamil Nadu,2025,6,Jun,2025-06,16507.6,17968.9,16293.3,1675.5,0.1,Surplus,3547,3180,4407,ESTIMATED_ MODEL
4735,C041,Guava,Fruit,Tamil Nadu,2025,7,Jul,2025-07,16499.9,17961.2,16293.3,1667.9,0.1,Surplus,3654,3240,4518,ESTIMATED_ MODEL
4736,C041,Guava,Fruit,Tamil Nadu,2025,8,Aug,2025-08,15407.5,16877.9,16293.3,584.6,0.04,Balance d,3524,3112,4251,ESTIMATED_ MODEL
4737,C041,Guava,Fruit,Tamil Nadu,2025,9,Sep,2025-09,16932.2,18389.9,16293.3,2096.6,0.13,Surplus,3635,3116,4045,ESTIMATED_ MODEL
4738,C041,Guava,Fruit,Tamil Nadu,2025,10,Oct,2025-10,15520.7,16990.2,16293.3,696.9,0.04,Balance d,3602,3129,4082,ESTIMATED_ MODEL
4739,C041,Guava,Fruit,Tamil Nadu,2025,11,Nov,2025-11,15971.1,17436.9,16293.3,1143.5,0.07,Balance d,3544,3047,4097,ESTIMATED_ MODEL
4740,C041,Guava,Fruit,Tamil Nadu,2025,12,Dec,2025-12,15310.4,16781.6,16293.3,488.3,0.03,Balance d,3561,2896,4420,ESTIMATED_ MODEL
4741,C042,Mango,Fruit,Tamil Nadu,2025,1,Jan,2025-01,0.0,6233.1,57522.8,-51289.7,-0.89,Shortag e,5824,5112,6778,ESTIMATED_ MODEL
4742,C042,Mango,Fruit,Tamil Nadu,2025,2,Feb,2025-02,118401.8,123648.2,57522.8,66125.4,1.15,Surplus,4155,3729,4721,ESTIMATED_ MODEL
4743,C042,Mango,Fruit,Tamil Nadu,2025,3,Mar,2025-03,129953.5,135103.6,57522.8,77580.8,1.35,Surplus,4175,3400,4799,ESTIMATED_ MODEL
4744,C042,Mango,Fruit,Tamil Nadu,2025,4,Apr,2025-04,129563.3,134716.7,57522.8,77193.9,1.34,Surplus,4095,3355,4781,ESTIMATED_ MODEL
4745,C042,Mango,Fruit,Tamil Nadu,2025,5,May,2025-05,118530.1,123775.4,57522.8,66252.6,1.15,Surplus,4154,3555,4983,ESTIMATED_ MODEL
4746,C042,Mango,Fruit,Tamil Nadu,2025,6,Jun,2025-06,123968.7,129168.7,57522.8,71645.9,1.25,Surplus,4052,3595,4570,ESTIMATED_ MODEL
4747,C042,Mango,Fruit,Tamil Nadu,2025,7,Jul,2025-07,127552.6,132722.7,57522.8,75199.9,1.31,Surplus,4055,3512,4745,ESTIMATED_ MODEL
4748,C042,Mango,Fruit,Tamil Nadu,2025,8,Aug,2025-08,0.0,6233.1,57522.8,-51289.7,-0.89,Shortag e,5838,4745,7128,ESTIMATED_ MODEL
4749,C042,Mango,Fruit,Tamil Nadu,2025,9,Sep,2025-09,0.0,6233.1,57522.8,-51289.7,-0.89,Shortag e,5874,4779,6792,ESTIMATED_ MODEL
4750,C042,Mango,Fruit,Tamil Nadu,2025,10,Oct,2025-10,0.0,6233.1,57522.8,-51289.7,-0.89,Shortag e,5934,5085,6624,ESTIMATED_ MODEL
4751,C042,Mango,Fruit,Tamil Nadu,2025,11,Nov,2025-11,0.0,6233.1,57522.8,-51289.7,-0.89,Shortag e,5799,4780,6829,ESTIMATED_ MODEL
4752,C042,Mango,Fruit,Tamil Nadu,2025,12,Dec,2025-12,0.0,6233.1,57522.8,-51289.7,-0.89,Shortag e,5944,5015,6925,ESTIMATED_ MODEL
4753,C043,Pomegranate,Fruit,Tamil Nadu,2025,1,Jan,2025-01,5532.7,7052.1,5564.8,1487.3,0.27,Surplus,8790,7712,10267,ESTIMATED_ MODEL
4754,C043,Pomegranate,Fruit,Tamil Nadu,2025,2,Feb,2025-02,5526.1,7045.7,5564.8,1480.9,0.27,Surplus,9112,7424,10718,ESTIMATED_ MODEL
4755,C043,Pomegranate,Fruit,Tamil Nadu,2025,3,Mar,2025-03,5325.9,6850.5,5564.8,1285.7,0.23,Surplus,9030,7691,11138,ESTIMATED_ MODEL
4756,C043,Pomegranate,Fruit,Tamil Nadu,2025,4,Apr,2025-04,5553.4,7072.3,5564.8,1507.6,0.27,Surplus,9165,7438,10260,ESTIMATED_ MODEL
4757,C043,Pomegranate,Fruit,Tamil Nadu,2025,5,May,2025-05,5532.5,7051.9,5564.8,1487.2,0.27,Surplus,8692,7546,10047,ESTIMATED_ MODEL
4758,C043,Pomegranate,Fruit,Tamil Nadu,2025,6,Jun,2025-06,5414.7,6937.1,5564.8,1372.3,0.25,Surplus,9056,7612,10815,ESTIMATED_ MODEL
4759,C043,Pomegranate,Fruit,Tamil Nadu,2025,7,Jul,2025-07,5805.4,7318.0,5564.8,1753.2,0.32,Surplus,8982,7678,10607,ESTIMATED_ MODEL
4760,C043,Pomegranate,Fruit,Tamil Nadu,2025,8,Aug,2025-08,5733.8,7248.2,5564.8,1683.4,0.3,Surplus,8620,7250,10188,ESTIMATED_ MODEL
4761,C043,Pomegranate,Fruit,Tamil Nadu,2025,9,Sep,2025-09,5646.7,7163.3,5564.8,1598.6,0.29,Surplus,8849,7876,10937,ESTIMATED_ MODEL
4762,C043,Pomegranate,Fruit,Tamil Nadu,2025,10,Oct,2025-10,5507.1,7027.2,5564.8,1462.4,0.26,Surplus,9083,7607,10969,ESTIMATED_ MODEL
4763,C043,Pomegranate,Fruit,Tamil Nadu,2025,11,Nov,2025-11,5457.6,6978.9,5564.8,1414.1,0.25,Surplus,8858,7292,10199,ESTIMATED_ MODEL
4764,C043,Pomegranate,Fruit,Tamil Nadu,2025,12,Dec,2025-12,5275.2,6801.1,5564.8,1236.3,0.22,Surplus,8722,7267,10197,ESTIMATED_ MODEL
4765,C044,Sapota/Chikoo,Fruit,Tamil Nadu,2025,1,Jan,2025-01,10735.5,11734.3,11146.1,588.2,0.05,Balance d,3502,3115,4007,ESTIMATED_ MODEL
4766,C044,Sapota/Chikoo,Fruit,Tamil Nadu,2025,2,Feb,2025-02,11511.7,12504.1,11146.1,1358.0,0.12,Surplus,3589,3151,4466,ESTIMATED_ MODEL
4767,C044,Sapota/Chikoo,Fruit,Tamil Nadu,2025,3,Mar,2025-03,10624.1,11623.8,11146.1,477.7,0.04,Balance d,3581,3085,4119,ESTIMATED_ MODEL
4768,C044,Sapota/Chikoo,Fruit,Tamil Nadu,2025,4,Apr,2025-04,10574.1,11574.3,11146.1,428.2,0.04,Balance d,3622,3066,4222,ESTIMATED_ MODEL
4769,C044,Sapota/Chikoo,Fruit,Tamil Nadu,2025,5,May,2025-05,11006.4,12003.0,11146.1,856.9,0.08,Balance d,3640,2930,4485,ESTIMATED_ MODEL
4770,C044,Sapota/Chikoo,Fruit,Tamil Nadu,2025,6,Jun,2025-06,11208.7,12203.6,11146.1,1057.5,0.09,Balance d,3629,3087,4259,ESTIMATED_ MODEL
4771,C044,Sapota/Chikoo,Fruit,Tamil Nadu,2025,7,Jul,2025-07,10380.9,11382.7,11146.1,236.6,0.02,Balance d,3563,3205,3979,ESTIMATED_ MODEL
4772,C044,Sapota/Chikoo,Fruit,Tamil Nadu,2025,8,Aug,2025-08,10613.8,11613.6,11146.1,467.5,0.04,Balance d,3601,3126,4466,ESTIMATED_ MODEL
4773,C044,Sapota/Chikoo,Fruit,Tamil Nadu,2025,9,Sep,2025-09,10923.0,11920.2,11146.1,774.1,0.07,Balance d,3628,3136,4054,ESTIMATED_ MODEL
4774,C044,Sapota/Chikoo,Fruit,Tamil Nadu,2025,10,Oct,2025-10,10758.7,11757.3,11146.1,611.2,0.05,Balance d,3548,2887,4371,ESTIMATED_ MODEL
4775,C044,Sapota/Chikoo,Fruit,Tamil Nadu,2025,11,Nov,2025-11,11261.5,12256.0,11146.1,1109.9,0.1,Balance d,3605,3157,4318,ESTIMATED_ MODEL
4776,C044,Sapota/Chikoo,Fruit,Tamil Nadu,2025,12,Dec,2025-12,10996.1,11992.7,11146.1,846.6,0.08,Balance d,3565,2905,4098,ESTIMATED_ MODEL
4777,C045,Turmeric,Spice,Tamil Nadu,2025,1,Jan,2025-01,15962.6,22113.2,9202.8,12910.4,1.4,Surplus,9625,8374,10752,ESTIMATED_ MODEL
4778,C045,Turmeric,Spice,Tamil Nadu,2025,2,Feb,2025-02,14909.4,21130.2,9202.8,11927.4,1.3,Surplus,10201,8937,11506,ESTIMATED_ MODEL
4779,C045,Turmeric,Spice,Tamil Nadu,2025,3,Mar,2025-03,15920.1,22073.5,9202.8,12870.7,1.4,Surplus,9929,8607,12036,ESTIMATED_ MODEL
4780,C045,Turmeric,Spice,Tamil Nadu,2025,4,Apr,2025-04,15901.7,22056.4,9202.8,12853.5,1.4,Surplus,9539,7782,10832,ESTIMATED_ MODEL
4781,C045,Turmeric,Spice,Tamil Nadu,2025,5,May,2025-05,15467.2,21650.8,9202.8,12448.0,1.35,Surplus,9752,8576,11807,ESTIMATED_ MODEL
4782,C045,Turmeric,Spice,Tamil Nadu,2025,6,Jun,2025-06,14862.8,21086.7,9202.8,11883.8,1.29,Surplus,10281,8285,11327,ESTIMATED_ MODEL
4783,C045,Turmeric,Spice,Tamil Nadu,2025,7,Jul,2025-07,0.0,7214.8,9202.8,-1988.1,-0.22,Shortag e,12908,10687,14845,ESTIMATED_ MODEL
4784,C045,Turmeric,Spice,Tamil Nadu,2025,8,Aug,2025-08,0.0,7214.8,9202.8,-1988.1,-0.22,Shortag e,12795,10367,15308,ESTIMATED_ MODEL
4785,C045,Turmeric,Spice,Tamil Nadu,2025,9,Sep,2025-09,0.0,7214.8,9202.8,-1988.1,-0.22,Shortag e,12630,10903,15474,ESTIMATED_ MODEL
4786,C045,Turmeric,Spice,Tamil Nadu,2025,10,Oct,2025-10,0.0,7214.8,9202.8,-1988.1,-0.22,Shortag e,12516,11178,14764,ESTIMATED_ MODEL
4787,C045,Turmeric,Spice,Tamil Nadu,2025,11,Nov,2025-11,0.0,7214.8,9202.8,-1988.1,-0.22,Shortag e,13074,10730,15567,ESTIMATED_ MODEL
4788,C045,Turmeric,Spice,Tamil Nadu,2025,12,Dec,2025-12,15197.7,21399.3,9202.8,12196.5,1.33,Surplus,9831,8626,11708,ESTIMATED_ MODEL
4789,C046,Ginger,Spice,Tamil Nadu,2025,1,Jan,2025-01,14429.1,17648.7,9302.6,8346.0,0.9,Surplus,5434,4407,6150,ESTIMATED_ MODEL
4790,C046,Ginger,Spice,Tamil Nadu,2025,2,Feb,2025-02,13545.0,16794.1,9302.6,7491.4,0.81,Surplus,5609,4895,6940,ESTIMATED_ MODEL
4791,C046,Ginger,Spice,Tamil Nadu,2025,3,Mar,2025-03,13285.8,16543.5,9302.6,7240.9,0.78,Surplus,5385,4708,6501,ESTIMATED_ MODEL
4792,C046,Ginger,Spice,Tamil Nadu,2025,4,Apr,2025-04,13926.1,17162.4,9302.6,7859.8,0.84,Surplus,5320,4549,6353,ESTIMATED_ MODEL
4793,C046,Ginger,Spice,Tamil Nadu,2025,5,May,2025-05,0.0,3700.6,9302.6,-5602.1,-0.6,Shortag e,6731,5941,8245,ESTIMATED_ MODEL
4794,C046,Ginger,Spice,Tamil Nadu,2025,6,Jun,2025-06,0.0,3700.6,9302.6,-5602.1,-0.6,Shortag e,6868,6046,8057,ESTIMATED_ MODEL
4795,C046,Ginger,Spice,Tamil Nadu,2025,7,Jul,2025-07,0.0,3700.6,9302.6,-5602.1,-0.6,Shortag e,6694,5911,7855,ESTIMATED_ MODEL
4796,C046,Ginger,Spice,Tamil Nadu,2025,8,Aug,2025-08,0.0,3700.6,9302.6,-5602.1,-0.6,Shortag e,6644,5652,7449,ESTIMATED_ MODEL
4797,C046,Ginger,Spice,Tamil Nadu,2025,9,Sep,2025-09,13952.4,17187.8,9302.6,7885.2,0.85,Surplus,5465,4555,6225,ESTIMATED_ MODEL
4798,C046,Ginger,Spice,Tamil Nadu,2025,10,Oct,2025-10,13647.3,16892.9,9302.6,7590.3,0.82,Surplus,5592,4908,6812,ESTIMATED_ MODEL
4799,C046,Ginger,Spice,Tamil Nadu,2025,11,Nov,2025-11,13725.6,16968.7,9302.6,7666.1,0.82,Surplus,5461,4827,6630,ESTIMATED_ MODEL
4800,C046,Ginger,Spice,Tamil Nadu,2025,12,Dec,2025-12,14505.9,17722.9,9302.6,8420.3,0.91,Surplus,5377,4818,6069,ESTIMATED_ MODEL
4801,C047,Coriander,Herb/spic e,Tamil Nadu,2025,1,Jan,2025-01,6675.4,6991.4,6856.7,134.8,0.02,Balance d,3028,2575,3769,ESTIMATED_ MODEL
4802,C047,Coriander,Herb/spic e,Tamil Nadu,2025,2,Feb,2025-02,6778.4,7093.9,6856.7,237.3,0.03,Balance d,3156,2741,3850,ESTIMATED_ MODEL
4803,C047,Coriander,Herb/spic e,Tamil Nadu,2025,3,Mar,2025-03,6449.5,6766.5,6856.7,-90.2,-0.01,Balance d,3036,2647,3621,ESTIMATED_ MODEL
4804,C047,Coriander,Herb/spic e,Tamil Nadu,2025,4,Apr,2025-04,6787.9,7103.4,6856.7,246.7,0.04,Balance d,2997,2431,3346,ESTIMATED_ MODEL
4805,C047,Coriander,Herb/spic e,Tamil Nadu,2025,5,May,2025-05,6845.5,7160.8,6856.7,304.1,0.04,Balance d,3111,2532,3640,ESTIMATED_ MODEL
4806,C047,Coriander,Herb/spic e,Tamil Nadu,2025,6,Jun,2025-06,7158.8,7472.8,6856.7,616.1,0.09,Balance d,3021,2583,3644,ESTIMATED_ MODEL
4807,C047,Coriander,Herb/spic e,Tamil Nadu,2025,7,Jul,2025-07,7140.6,7454.6,6856.7,597.9,0.09,Balance d,3083,2626,3606,ESTIMATED_ MODEL
4808,C047,Coriander,Herb/spic e,Tamil Nadu,2025,8,Aug,2025-08,7133.4,7447.5,6856.7,590.8,0.09,Balance d,3031,2686,3484,ESTIMATED_ MODEL
4809,C047,Coriander,Herb/spic e,Tamil Nadu,2025,9,Sep,2025-09,6632.4,6948.6,6856.7,91.9,0.01,Balance d,3039,2657,3507,ESTIMATED_ MODEL
4810,C047,Coriander,Herb/spic e,Tamil Nadu,2025,10,Oct,2025-10,7153.6,7467.6,6856.7,610.9,0.09,Balance d,3113,2592,3752,ESTIMATED_ MODEL
4811,C047,Coriander,Herb/spic e,Tamil Nadu,2025,11,Nov,2025-11,6719.3,7035.1,6856.7,178.4,0.03,Balance d,2993,2510,3447,ESTIMATED_ MODEL
4812,C047,Coriander,Herb/spic e,Tamil Nadu,2025,12,Dec,2025-12,7040.6,7355.0,6856.7,498.4,0.07,Balance d,3115,2793,3641,ESTIMATED_ MODEL
4813,C048,Curry Leaf,Leaf crop,Tamil Nadu,2025,1,Jan,2025-01,3015.7,3152.9,2989.3,163.6,0.05,Balance d,3641,2917,4163,ESTIMATED_ MODEL
4814,C048,Curry Leaf,Leaf crop,Tamil Nadu,2025,2,Feb,2025-02,3110.3,3247.1,2989.3,257.8,0.09,Balance d,3456,2798,3915,ESTIMATED_ MODEL
4815,C048,Curry Leaf,Leaf crop,Tamil Nadu,2025,3,Mar,2025-03,3055.0,3192.1,2989.3,202.8,0.07,Balance d,3569,3157,4387,ESTIMATED_ MODEL
4816,C048,Curry Leaf,Leaf crop,Tamil Nadu,2025,4,Apr,2025-04,2795.8,2933.9,2989.3,-55.4,-0.02,Balance d,3640,3249,4277,ESTIMATED_ MODEL
4817,C048,Curry Leaf,Leaf crop,Tamil Nadu,2025,5,May,2025-05,3020.5,3157.6,2989.3,168.4,0.06,Balance d,3658,3093,4176,ESTIMATED_ MODEL
4818,C048,Curry Leaf,Leaf crop,Tamil Nadu,2025,6,Jun,2025-06,2957.6,3095.1,2989.3,105.8,0.04,Balance d,3675,3083,4321,ESTIMATED_ MODEL
4819,C048,Curry Leaf,Leaf crop,Tamil Nadu,2025,7,Jul,2025-07,2774.2,2912.4,2989.3,-76.9,-0.03,Balance d,3581,3102,4474,ESTIMATED_ MODEL
4820,C048,Curry Leaf,Leaf crop,Tamil Nadu,2025,8,Aug,2025-08,2857.2,2995.1,2989.3,5.8,0.0,Balance d,3501,3116,3853,ESTIMATED_ MODEL
4821,C048,Curry Leaf,Leaf crop,Tamil Nadu,2025,9,Sep,2025-09,3094.1,3231.0,2989.3,241.7,0.08,Balance d,3531,2885,4286,ESTIMATED_ MODEL
4822,C048,Curry Leaf,Leaf crop,Tamil Nadu,2025,10,Oct,2025-10,3095.7,3232.5,2989.3,243.3,0.08,Balance d,3463,2962,3963,ESTIMATED_ MODEL
4823,C048,Curry Leaf,Leaf crop,Tamil Nadu,2025,11,Nov,2025-11,3050.7,3187.8,2989.3,198.5,0.07,Balance d,3489,3061,3952,ESTIMATED_ MODEL
4824,C048,Curry Leaf,Leaf crop,Tamil Nadu,2025,12,Dec,2025-12,3115.4,3252.1,2989.3,262.9,0.09,Balance d,3497,2894,4155,ESTIMATED_ MODEL
4825,C049,Moringa/Drumstick,Vegetabl e/tree,Tamil Nadu,2025,1,Jan,2025-01,23665.6,24830.3,24221.7,608.6,0.03,Balance d,4686,4017,5374,ESTIMATED_ MODEL
4826,C049,Moringa/Drumstick,Vegetabl e/tree,Tamil Nadu,2025,2,Feb,2025-02,24341.6,25503.5,24221.7,1281.8,0.05,Balance d,4666,3829,5678,ESTIMATED_ MODEL
4827,C049,Moringa/Drumstick,Vegetabl e/tree,Tamil Nadu,2025,3,Mar,2025-03,24911.7,26071.2,24221.7,1849.4,0.08,Balance d,4666,4116,5464,ESTIMATED_ MODEL
4828,C049,Moringa/Drumstick,Vegetabl e/tree,Tamil Nadu,2025,4,Apr,2025-04,24613.3,25774.0,24221.7,1552.3,0.06,Balance d,4504,3648,5457,ESTIMATED_ MODEL
4829,C049,Moringa/Drumstick,Vegetabl e/tree,Tamil Nadu,2025,5,May,2025-05,26277.8,27431.6,24221.7,3209.9,0.13,Surplus,4650,4022,5215,ESTIMATED_ MODEL
4830,C049,Moringa/Drumstick,Vegetabl e/tree,Tamil Nadu,2025,6,Jun,2025-06,25987.0,27142.0,24221.7,2920.3,0.12,Surplus,4672,4199,5443,ESTIMATED_ MODEL
4831,C049,Moringa/Drumstick,Vegetabl e/tree,Tamil Nadu,2025,7,Jul,2025-07,25499.2,26656.3,24221.7,2434.6,0.1,Surplus,4591,4030,5557,ESTIMATED_ MODEL
4832,C049,Moringa/Drumstick,Vegetabl e/tree,Tamil Nadu,2025,8,Aug,2025-08,24631.5,25792.2,24221.7,1570.5,0.06,Balance d,4720,3830,5603,ESTIMATED_ MODEL
4833,C049,Moringa/Drumstick,Vegetabl e/tree,Tamil Nadu,2025,9,Sep,2025-09,25724.7,26880.8,24221.7,2659.0,0.11,Surplus,4612,4100,5677,ESTIMATED_ MODEL
4834,C049,Moringa/Drumstick,Vegetabl e/tree,Tamil Nadu,2025,10,Oct,2025-10,26155.6,27309.9,24221.7,3088.2,0.13,Surplus,4679,3983,5730,ESTIMATED_ MODEL
4835,C049,Moringa/Drumstick,Vegetabl e/tree,Tamil Nadu,2025,11,Nov,2025-11,25405.6,26563.0,24221.7,2341.3,0.1,Balance d,4547,3830,5175,ESTIMATED_ MODEL
4836,C049,Moringa/Drumstick,Vegetabl e/tree,Tamil Nadu,2025,12,Dec,2025-12,25977.2,27132.3,24221.7,2910.6,0.12,Surplus,4639,4169,5282,ESTIMATED_ MODEL
4837,C050,Jasmine,Flower,Tamil Nadu,2025,1,Jan,2025-01,5120.2,5120.2,6008.9,-888.7,-0.15,Shortag e,15587,13161,19247,ESTIMATED_ MODEL
4838,C050,Jasmine,Flower,Tamil Nadu,2025,2,Feb,2025-02,5004.6,5004.6,5007.4,-2.8,-0.0,Balance d,15615,13457,18829,ESTIMATED_ MODEL
4839,C050,Jasmine,Flower,Tamil Nadu,2025,3,Mar,2025-03,5205.6,5205.6,5007.4,198.1,0.04,Balance d,15663,13905,18739,ESTIMATED_ MODEL
4840,C050,Jasmine,Flower,Tamil Nadu,2025,4,Apr,2025-04,4786.7,4786.7,5007.4,-220.7,-0.04,Balance d,15913,13582,18166,ESTIMATED_ MODEL
4841,C050,Jasmine,Flower,Tamil Nadu,2025,5,May,2025-05,4679.5,4679.5,5007.4,-328.0,-0.07,Balance d,15954,13627,19718,ESTIMATED_ MODEL
4842,C050,Jasmine,Flower,Tamil Nadu,2025,6,Jun,2025-06,4928.9,4928.9,5007.4,-78.5,-0.02,Balance d,15060,12646,18707,ESTIMATED_ MODEL
4843,C050,Jasmine,Flower,Tamil Nadu,2025,7,Jul,2025-07,4688.0,4688.0,5007.4,-319.4,-0.06,Balance d,15365,13739,19100,ESTIMATED_ MODEL
4844,C050,Jasmine,Flower,Tamil Nadu,2025,8,Aug,2025-08,4792.4,4792.4,5007.4,-215.0,-0.04,Balance d,15903,13619,19037,ESTIMATED_ MODEL
4845,C050,Jasmine,Flower,Tamil Nadu,2025,9,Sep,2025-09,4712.0,4712.0,5758.5,-1046.5,-0.18,Shortag e,16213,14229,19367,ESTIMATED_ MODEL
4846,C050,Jasmine,Flower,Tamil Nadu,2025,10,Oct,2025-10,4770.1,4770.1,6259.3,-1489.2,-0.24,Shortag e,16448,14286,20500,ESTIMATED_ MODEL
4847,C050,Jasmine,Flower,Tamil Nadu,2025,11,Nov,2025-11,4700.3,4700.3,5007.4,-307.2,-0.06,Balance d,15181,12356,17728,ESTIMATED_ MODEL
4848,C050,Jasmine,Flower,Tamil Nadu,2025,12,Dec,2025-12,5202.1,5202.1,5007.4,194.7,0.04,Balance d,15253,13396,17145,ESTIMATED_ MODEL
4849,C051,Marigold,Flower,Tamil Nadu,2025,1,Jan,2025-01,12397.2,12397.2,14155.6,-1758.4,-0.12,Shortag e,4078,3404,4914,ESTIMATED_ MODEL
4850,C051,Marigold,Flower,Tamil Nadu,2025,2,Feb,2025-02,12570.4,12570.4,12868.7,-298.3,-0.02,Balance d,4032,3584,4986,ESTIMATED_ MODEL
4851,C051,Marigold,Flower,Tamil Nadu,2025,3,Mar,2025-03,12335.8,12335.8,12868.7,-532.9,-0.04,Balance d,4047,3639,4633,ESTIMATED_ MODEL
4852,C051,Marigold,Flower,Tamil Nadu,2025,4,Apr,2025-04,12799.3,12799.3,12868.7,-69.4,-0.01,Balance d,4020,3218,4668,ESTIMATED_ MODEL
4853,C051,Marigold,Flower,Tamil Nadu,2025,5,May,2025-05,12007.0,12007.0,12868.7,-861.7,-0.07,Balance d,4193,3494,5139,ESTIMATED_ MODEL
4854,C051,Marigold,Flower,Tamil Nadu,2025,6,Jun,2025-06,12145.5,12145.5,12868.7,-723.2,-0.06,Balance d,4208,3513,5092,ESTIMATED_ MODEL
4855,C051,Marigold,Flower,Tamil Nadu,2025,7,Jul,2025-07,13052.5,13052.5,12868.7,183.8,0.01,Balance d,4220,3415,4835,ESTIMATED_ MODEL
4856,C051,Marigold,Flower,Tamil Nadu,2025,8,Aug,2025-08,12201.6,12201.6,12868.7,-667.1,-0.05,Balance d,4142,3520,4894,ESTIMATED_ MODEL
4857,C051,Marigold,Flower,Tamil Nadu,2025,9,Sep,2025-09,12276.1,12276.1,14799.0,-2522.9,-0.17,Shortag e,4176,3619,4997,ESTIMATED_ MODEL
4858,C051,Marigold,Flower,Tamil Nadu,2025,10,Oct,2025-10,13124.3,13124.3,16085.9,-2961.6,-0.18,Shortag e,4253,3450,4982,ESTIMATED_ MODEL
4859,C051,Marigold,Flower,Tamil Nadu,2025,11,Nov,2025-11,12059.8,12059.8,12868.7,-808.9,-0.06,Balance d,4123,3501,5105,ESTIMATED_ MODEL
4860,C051,Marigold,Flower,Tamil Nadu,2025,12,Dec,2025-12,12583.4,12583.4,12868.7,-285.3,-0.02,Balance d,4128,3308,4813,ESTIMATED_ MODEL
4861,C052,Rose,Flower,Tamil Nadu,2025,1,Jan,2025-01,1739.3,1739.3,1878.7,-139.5,-0.07,Balance d,8576,7253,9521,ESTIMATED_ MODEL
4862,C052,Rose,Flower,Tamil Nadu,2025,2,Feb,2025-02,1685.4,1685.4,2220.3,-534.9,-0.24,Shortag e,8628,6942,9815,ESTIMATED_ MODEL
4863,C052,Rose,Flower,Tamil Nadu,2025,3,Mar,2025-03,1632.2,1632.2,1707.9,-75.8,-0.04,Balance d,8222,7186,9654,ESTIMATED_ MODEL
4864,C052,Rose,Flower,Tamil Nadu,2025,4,Apr,2025-04,1675.6,1675.6,1707.9,-32.3,-0.02,Balance d,8030,6919,9328,ESTIMATED_ MODEL
4865,C052,Rose,Flower,Tamil Nadu,2025,5,May,2025-05,1695.6,1695.6,1707.9,-12.4,-0.01,Balance d,8457,7188,10202,ESTIMATED_ MODEL
4866,C052,Rose,Flower,Tamil Nadu,2025,6,Jun,2025-06,1783.6,1783.6,1707.9,75.7,0.04,Balance d,8046,7049,9720,ESTIMATED_ MODEL
4867,C052,Rose,Flower,Tamil Nadu,2025,7,Jul,2025-07,1711.8,1711.8,1707.9,3.9,0.0,Balance d,8436,6778,9847,ESTIMATED_ MODEL
4868,C052,Rose,Flower,Tamil Nadu,2025,8,Aug,2025-08,1721.9,1721.9,1707.9,14.0,0.01,Balance d,8318,6733,9662,ESTIMATED_ MODEL
4869,C052,Rose,Flower,Tamil Nadu,2025,9,Sep,2025-09,1681.0,1681.0,1707.9,-27.0,-0.02,Balance d,8478,7152,10579,ESTIMATED_ MODEL
4870,C052,Rose,Flower,Tamil Nadu,2025,10,Oct,2025-10,1653.3,1653.3,2049.5,-396.2,-0.19,Shortag e,8259,7200,9805,ESTIMATED_ MODEL
4871,C052,Rose,Flower,Tamil Nadu,2025,11,Nov,2025-11,1745.9,1745.9,1707.9,38.0,0.02,Balance d,8212,7367,9193,ESTIMATED_ MODEL
4872,C052,Rose,Flower,Tamil Nadu,2025,12,Dec,2025-12,1681.7,1681.7,1707.9,-26.3,-0.02,Balance d,8454,7348,9628,ESTIMATED_ MODEL
4873,C053,Tuberose,Flower,Tamil Nadu,2025,1,Jan,2025-01,2508.7,2508.7,2824.9,-316.2,-0.11,Shortag e,8396,7121,9867,ESTIMATED_ MODEL
4874,C053,Tuberose,Flower,Tamil Nadu,2025,2,Feb,2025-02,2625.5,2625.5,2568.1,57.5,0.02,Balance d,8087,7024,9750,ESTIMATED_ MODEL
4875,C053,Tuberose,Flower,Tamil Nadu,2025,3,Mar,2025-03,2496.4,2496.4,2568.1,-71.7,-0.03,Balance d,8204,7286,9817,ESTIMATED_ MODEL
4876,C053,Tuberose,Flower,Tamil Nadu,2025,4,Apr,2025-04,2636.7,2636.7,2568.1,68.6,0.03,Balance d,8312,6880,9144,ESTIMATED_ MODEL
4877,C053,Tuberose,Flower,Tamil Nadu,2025,5,May,2025-05,2571.6,2571.6,2568.1,3.5,0.0,Balance d,8418,7427,9416,ESTIMATED_ MODEL
4878,C053,Tuberose,Flower,Tamil Nadu,2025,6,Jun,2025-06,2421.1,2421.1,2568.1,-146.9,-0.06,Balance d,8248,7144,9880,ESTIMATED_ MODEL
4879,C053,Tuberose,Flower,Tamil Nadu,2025,7,Jul,2025-07,2575.6,2575.6,2568.1,7.5,0.0,Balance d,8414,6849,9798,ESTIMATED_ MODEL
4880,C053,Tuberose,Flower,Tamil Nadu,2025,8,Aug,2025-08,2436.4,2436.4,2568.1,-131.7,-0.05,Balance d,8104,6799,8933,ESTIMATED_ MODEL
4881,C053,Tuberose,Flower,Tamil Nadu,2025,9,Sep,2025-09,2503.4,2503.4,2568.1,-64.7,-0.03,Balance d,8468,7220,10394,ESTIMATED_ MODEL
4882,C053,Tuberose,Flower,Tamil Nadu,2025,10,Oct,2025-10,2430.0,2430.0,3081.7,-651.7,-0.21,Shortag e,8283,6815,9434,ESTIMATED_ MODEL
4883,C053,Tuberose,Flower,Tamil Nadu,2025,11,Nov,2025-11,2385.0,2385.0,2568.1,-183.1,-0.07,Balance d,8272,7281,9578,ESTIMATED_ MODEL
4884,C053,Tuberose,Flower,Tamil Nadu,2025,12,Dec,2025-12,2442.6,2442.6,2568.1,-125.4,-0.05,Balance d,8154,6576,9067,ESTIMATED_ MODEL
4885,C054,Chrysanthemum,Flower,Tamil Nadu,2025,1,Jan,2025-01,1668.5,1668.5,1875.4,-206.8,-0.11,Shortag e,9273,7807,10369,ESTIMATED_ MODEL
4886,C054,Chrysanthemum,Flower,Tamil Nadu,2025,2,Feb,2025-02,1725.3,1725.3,1704.9,20.4,0.01,Balance d,9033,8036,10729,ESTIMATED_ MODEL
4887,C054,Chrysanthemum,Flower,Tamil Nadu,2025,3,Mar,2025-03,1716.4,1716.4,1704.9,11.5,0.01,Balance d,9502,7930,11417,ESTIMATED_ MODEL
4888,C054,Chrysanthemum,Flower,Tamil Nadu,2025,4,Apr,2025-04,1606.2,1606.2,1704.9,-98.7,-0.06,Balance d,9186,7917,10283,ESTIMATED_ MODEL
4889,C054,Chrysanthemum,Flower,Tamil Nadu,2025,5,May,2025-05,1607.7,1607.7,1704.9,-97.2,-0.06,Balance d,9072,8102,10734,ESTIMATED_ MODEL
4890,C054,Chrysanthemum,Flower,Tamil Nadu,2025,6,Jun,2025-06,1731.1,1731.1,1704.9,26.3,0.02,Balance d,9486,7905,10901,ESTIMATED_ MODEL
4891,C054,Chrysanthemum,Flower,Tamil Nadu,2025,7,Jul,2025-07,1724.3,1724.3,1704.9,19.4,0.01,Balance d,9198,8008,10899,ESTIMATED_ MODEL
4892,C054,Chrysanthemum,Flower,Tamil Nadu,2025,8,Aug,2025-08,1655.1,1655.1,1704.9,-49.8,-0.03,Balance d,9547,7662,11516,ESTIMATED_ MODEL
4893,C054,Chrysanthemum,Flower,Tamil Nadu,2025,9,Sep,2025-09,1594.5,1594.5,1704.9,-110.4,-0.06,Balance d,9265,7579,10901,ESTIMATED_ MODEL
4894,C054,Chrysanthemum,Flower,Tamil Nadu,2025,10,Oct,2025-10,1581.3,1581.3,2131.1,-549.8,-0.26,Shortag e,9631,7837,10886,ESTIMATED_ MODEL
4895,C054,Chrysanthemum,Flower,Tamil Nadu,2025,11,Nov,2025-11,1637.0,1637.0,1704.9,-67.9,-0.04,Balance d,9274,7798,10643,ESTIMATED_ MODEL
4896,C054,Chrysanthemum,Flower,Tamil Nadu,2025,12,Dec,2025-12,1580.7,1580.7,1704.9,-124.1,-0.07,Balance d,9175,7344,11428,ESTIMATED_ MODEL
4897,C055,Coconut,Plantatio n,Tamil Nadu,2025,1,Jan,2025-01,193835.7,318903.6,249369.5,69534.1,0.28,Surplus,5280,4324,6133,ESTIMATED_ MODEL
4898,C055,Coconut,Plantatio n,Tamil Nadu,2025,2,Feb,2025-02,205754.5,330127.1,226699.5,103427.5,0.46,Surplus,5147,4203,6006,ESTIMATED_ MODEL
4899,C055,Coconut,Plantatio n,Tamil Nadu,2025,3,Mar,2025-03,198264.0,323073.5,226699.5,96374.0,0.43,Surplus,5249,4445,6112,ESTIMATED_ MODEL
4900,C055,Coconut,Plantatio n,Tamil Nadu,2025,4,Apr,2025-04,184168.6,309800.4,226699.5,83100.8,0.37,Surplus,5402,4828,6030,ESTIMATED_ MODEL
4901,C055,Coconut,Plantatio n,Tamil Nadu,2025,5,May,2025-05,185307.3,310872.7,226699.5,84173.1,0.37,Surplus,5213,4615,6130,ESTIMATED_ MODEL
4902,C055,Coconut,Plantatio n,Tamil Nadu,2025,6,Jun,2025-06,203914.7,328394.6,226699.5,101695.1,0.45,Surplus,5374,4415,6579,ESTIMATED_ MODEL
4903,C055,Coconut,Plantatio n,Tamil Nadu,2025,7,Jul,2025-07,197247.8,322116.6,226699.5,95417.1,0.42,Surplus,5451,4707,6083,ESTIMATED_ MODEL
4904,C055,Coconut,Plantatio n,Tamil Nadu,2025,8,Aug,2025-08,202215.0,326794.1,226699.5,100094.6,0.44,Surplus,5424,4769,6577,ESTIMATED_ MODEL
4905,C055,Coconut,Plantatio n,Tamil Nadu,2025,9,Sep,2025-09,203498.9,328003.1,249369.5,78633.6,0.32,Surplus,5239,4610,5871,ESTIMATED_ MODEL
4906,C055,Coconut,Plantatio n,Tamil Nadu,2025,10,Oct,2025-10,193003.5,318119.9,249369.5,68750.4,0.28,Surplus,5336,4577,6082,ESTIMATED_ MODEL
4907,C055,Coconut,Plantatio n,Tamil Nadu,2025,11,Nov,2025-11,183694.7,309354.2,226699.5,82654.6,0.36,Surplus,5410,4656,6038,ESTIMATED_ MODEL
4908,C055,Coconut,Plantatio n,Tamil Nadu,2025,12,Dec,2025-12,186951.8,312421.3,226699.5,85721.7,0.38,Surplus,5396,4816,6066,ESTIMATED_ MODEL
4909,C056,Arecanut,Plantatio n,Tamil Nadu,2025,1,Jan,2025-01,819.9,1428.8,848.3,580.5,0.68,Surplus,41492,34338,46762,ESTIMATED_ MODEL
4910,C056,Arecanut,Plantatio n,Tamil Nadu,2025,2,Feb,2025-02,831.7,1439.8,848.3,591.5,0.7,Surplus,41659,36838,46780,ESTIMATED_ MODEL
4911,C056,Arecanut,Plantatio n,Tamil Nadu,2025,3,Mar,2025-03,814.4,1423.6,848.3,575.3,0.68,Surplus,40335,33263,50296,ESTIMATED_ MODEL
4912,C056,Arecanut,Plantatio n,Tamil Nadu,2025,4,Apr,2025-04,821.1,1429.9,848.3,581.6,0.69,Surplus,42497,36530,52670,ESTIMATED_ MODEL
4913,C056,Arecanut,Plantatio n,Tamil Nadu,2025,5,May,2025-05,788.5,1399.5,848.3,551.2,0.65,Surplus,41680,37442,47700,ESTIMATED_ MODEL
4914,C056,Arecanut,Plantatio n,Tamil Nadu,2025,6,Jun,2025-06,884.1,1488.7,848.3,640.4,0.75,Surplus,40379,34880,46707,ESTIMATED_ MODEL
4915,C056,Arecanut,Plantatio n,Tamil Nadu,2025,7,Jul,2025-07,848.3,1455.3,848.3,607.0,0.72,Surplus,41726,34654,49767,ESTIMATED_ MODEL
4916,C056,Arecanut,Plantatio n,Tamil Nadu,2025,8,Aug,2025-08,835.8,1443.6,848.3,595.4,0.7,Surplus,40846,32885,50520,ESTIMATED_ MODEL
4917,C056,Arecanut,Plantatio n,Tamil Nadu,2025,9,Sep,2025-09,824.1,1432.7,848.3,584.4,0.69,Surplus,42626,38238,51470,ESTIMATED_ MODEL
4918,C056,Arecanut,Plantatio n,Tamil Nadu,2025,10,Oct,2025-10,839.7,1447.3,848.3,599.0,0.71,Surplus,41949,35904,46936,ESTIMATED_ MODEL
4919,C056,Arecanut,Plantatio n,Tamil Nadu,2025,11,Nov,2025-11,823.7,1432.4,848.3,584.1,0.69,Surplus,40698,33737,50203,ESTIMATED_ MODEL
4920,C056,Arecanut,Plantatio n,Tamil Nadu,2025,12,Dec,2025-12,821.7,1430.5,848.3,582.2,0.69,Surplus,40669,36288,47925,ESTIMATED_ MODEL
4921,C057,Cashew,Plantatio n,Tamil Nadu,2025,1,Jan,2025-01,0.0,1984.0,4086.3,-2102.3,-0.51,Shortag e,13089,10640,14856,ESTIMATED_ MODEL
4922,C057,Cashew,Plantatio n,Tamil Nadu,2025,2,Feb,2025-02,5756.4,7356.6,4086.3,3270.3,0.8,Surplus,10981,9285,12992,ESTIMATED_ MODEL
4923,C057,Cashew,Plantatio n,Tamil Nadu,2025,3,Mar,2025-03,5871.4,7464.0,4086.3,3377.7,0.83,Surplus,10547,9283,12842,ESTIMATED_ MODEL
4924,C057,Cashew,Plantatio n,Tamil Nadu,2025,4,Apr,2025-04,6371.1,7930.3,4086.3,3844.0,0.94,Surplus,10261,8602,11393,ESTIMATED_ MODEL
4925,C057,Cashew,Plantatio n,Tamil Nadu,2025,5,May,2025-05,5869.3,7462.0,4086.3,3375.8,0.83,Surplus,11044,9650,13643,ESTIMATED_ MODEL
4926,C057,Cashew,Plantatio n,Tamil Nadu,2025,6,Jun,2025-06,5891.4,7482.6,4086.3,3396.3,0.83,Surplus,10623,8983,11979,ESTIMATED_ MODEL
4927,C057,Cashew,Plantatio n,Tamil Nadu,2025,7,Jul,2025-07,0.0,1984.0,4086.3,-2102.3,-0.51,Shortag e,13218,11264,14645,ESTIMATED_ MODEL
4928,C057,Cashew,Plantatio n,Tamil Nadu,2025,8,Aug,2025-08,0.0,1984.0,4086.3,-2102.3,-0.51,Shortag e,13473,11510,16495,ESTIMATED_ MODEL
4929,C057,Cashew,Plantatio n,Tamil Nadu,2025,9,Sep,2025-09,0.0,1984.0,4086.3,-2102.3,-0.51,Shortag e,13144,11703,16428,ESTIMATED_ MODEL
4930,C057,Cashew,Plantatio n,Tamil Nadu,2025,10,Oct,2025-10,0.0,1984.0,4699.2,-2715.2,-0.58,Shortag e,13742,12062,16790,ESTIMATED_ MODEL
4931,C057,Cashew,Plantatio n,Tamil Nadu,2025,11,Nov,2025-11,0.0,1984.0,4494.9,-2510.9,-0.56,Shortag e,13450,11016,16161,ESTIMATED_ MODEL
4932,C057,Cashew,Plantatio n,Tamil Nadu,2025,12,Dec,2025-12,0.0,1984.0,4494.9,-2510.9,-0.56,Shortag e,13553,12178,16009,ESTIMATED_ MODEL
4933,C058,Coffee,Plantatio n,Tamil Nadu,2025,1,Jan,2025-01,2537.6,3359.1,1260.0,2099.1,1.67,Surplus,20806,17346,25588,ESTIMATED_ MODEL
4934,C058,Coffee,Plantatio n,Tamil Nadu,2025,2,Feb,2025-02,2625.7,3441.4,1260.0,2181.3,1.73,Surplus,20840,17565,25306,ESTIMATED_ MODEL
4935,C058,Coffee,Plantatio n,Tamil Nadu,2025,3,Mar,2025-03,2386.7,3218.3,1260.0,1958.2,1.55,Surplus,22901,20577,26640,ESTIMATED_ MODEL
4936,C058,Coffee,Plantatio n,Tamil Nadu,2025,4,Apr,2025-04,2431.0,3259.7,1260.0,1999.6,1.59,Surplus,22754,18283,27575,ESTIMATED_ MODEL
4937,C058,Coffee,Plantatio n,Tamil Nadu,2025,5,May,2025-05,0.0,990.7,1260.0,-269.3,-0.21,Shortag e,30011,24758,35296,ESTIMATED_ MODEL
4938,C058,Coffee,Plantatio n,Tamil Nadu,2025,6,Jun,2025-06,0.0,990.7,1260.0,-269.3,-0.21,Shortag e,29123,25837,33599,ESTIMATED_ MODEL
4939,C058,Coffee,Plantatio n,Tamil Nadu,2025,7,Jul,2025-07,0.0,990.7,1260.0,-269.3,-0.21,Shortag e,29982,24462,33908,ESTIMATED_ MODEL
4940,C058,Coffee,Plantatio n,Tamil Nadu,2025,8,Aug,2025-08,0.0,990.7,1260.0,-269.3,-0.21,Shortag e,30615,26798,38095,ESTIMATED_ MODEL
4941,C058,Coffee,Plantatio n,Tamil Nadu,2025,9,Sep,2025-09,0.0,990.7,1260.0,-269.3,-0.21,Shortag e,29411,24013,34571,ESTIMATED_ MODEL
4942,C058,Coffee,Plantatio n,Tamil Nadu,2025,10,Oct,2025-10,0.0,990.7,1260.0,-269.3,-0.21,Shortag e,29755,24324,36003,ESTIMATED_ MODEL
4943,C058,Coffee,Plantatio n,Tamil Nadu,2025,11,Nov,2025-11,2495.3,3319.7,1260.0,2059.7,1.63,Surplus,21529,17624,24754,ESTIMATED_ MODEL
4944,C058,Coffee,Plantatio n,Tamil Nadu,2025,12,Dec,2025-12,2384.6,3216.3,1260.0,1956.3,1.55,Surplus,22233,19402,26064,ESTIMATED_ MODEL
4945,C059,Tea,Plantatio n,Tamil Nadu,2025,1,Jan,2025-01,59838.0,65701.4,57137.6,8563.8,0.15,Surplus,2027,1784,2354,ESTIMATED_ MODEL
4946,C059,Tea,Plantatio n,Tamil Nadu,2025,2,Feb,2025-02,65660.6,71475.5,57137.6,14337.9,0.25,Surplus,1960,1658,2199,ESTIMATED_ MODEL
4947,C059,Tea,Plantatio n,Tamil Nadu,2025,3,Mar,2025-03,65765.9,71579.9,57137.6,14442.3,0.25,Surplus,1964,1739,2171,ESTIMATED_ MODEL
4948,C059,Tea,Plantatio n,Tamil Nadu,2025,4,Apr,2025-04,63924.7,69754.1,57137.6,12616.5,0.22,Surplus,1948,1583,2261,ESTIMATED_ MODEL
4949,C059,Tea,Plantatio n,Tamil Nadu,2025,5,May,2025-05,58927.4,64798.5,57137.6,7660.9,0.13,Surplus,2079,1700,2333,ESTIMATED_ MODEL
4950,C059,Tea,Plantatio n,Tamil Nadu,2025,6,Jun,2025-06,62826.3,68664.8,57137.6,11527.2,0.2,Surplus,2048,1819,2263,ESTIMATED_ MODEL
4951,C059,Tea,Plantatio n,Tamil Nadu,2025,7,Jul,2025-07,63517.9,69350.6,57137.6,12213.1,0.21,Surplus,2025,1752,2460,ESTIMATED_ MODEL
4952,C059,Tea,Plantatio n,Tamil Nadu,2025,8,Aug,2025-08,66260.7,72070.7,57137.6,14933.1,0.26,Surplus,1978,1779,2189,ESTIMATED_ MODEL
4953,C059,Tea,Plantatio n,Tamil Nadu,2025,9,Sep,2025-09,66271.3,72081.2,57137.6,14943.6,0.26,Surplus,1946,1634,2272,ESTIMATED_ MODEL
4954,C059,Tea,Plantatio n,Tamil Nadu,2025,10,Oct,2025-10,65232.1,71050.6,57137.6,13913.0,0.24,Surplus,2036,1743,2254,ESTIMATED_ MODEL
4955,C059,Tea,Plantatio n,Tamil Nadu,2025,11,Nov,2025-11,59274.2,65142.3,57137.6,8004.7,0.14,Surplus,2005,1687,2496,ESTIMATED_ MODEL
4956,C059,Tea,Plantatio n,Tamil Nadu,2025,12,Dec,2025-12,65950.2,71762.7,57137.6,14625.1,0.26,Surplus,1993,1721,2405,ESTIMATED_ MODEL
